sale_id,sale_date,customer_id,customer_first_name,customer_last_name,customer_email,customer_phone,customer_city,customer_signup_date,product_id,product_name,category_name,unit_cost,unit_price,branch_id,branch_name,branch_city,sales_channel,quantity,discount_percent,payment_method,inventory_snapshot_date,stock_quantity,reorder_level,rejection_reason
S000001237,2024-08-07,C037969,Omid,Mohammadi,omid.mohammadi37969@example.com,9245969127.0,Shiraz,2024-07-06,P00436,Basic Notebook 436,Pets,41.7,75.27,B040,Outlet Branch 40,tehran,online,0,10,online,2023-05-08,290,75,invalid_quantity
S000002474,2023-11-08,C027935,Mina,Ahmadi,mina.ahmadi27935@example.com,9683474569.0,Isfahan,2021-02-03,P00311,Pro Sneakers 311,Garden,87.8,245.35,B038,East Branch 38,Tehran,mobile,0,25,cash,2025-08-26,176,10,invalid_quantity
S000002801,2023-02-02,C003702,Sara,Karimi,sara.karimi3702@example.com,9123745996.0,Tabriz,2022-07-07,P00373,Pro Puzzle 373,Health,,520.69,B021,Airport Branch 21,tehran,online,3,0,wallet,2025-08-29,247,10,missing_unit_cost
S000003203,2023-06-24,C011817,Mina,Karimi,mina.karimi11817@example.com,9903931888.0,isfahan,2022-10-08,P00417,Basic Mixer 417,Baby,166.29,246.46,B038,East Branch 38,Tehran,mobile,-5,15,cash,2024-09-02,139,20,invalid_quantity
S000003251,2025-12-28,C012068,Mina,Ahmadi,mina.ahmadi12068@example.com,9869574093.0,Mashhad,2023-11-17,P00052,Smart Coffee 52,Automotive,204.8,,B019,Bazaar Branch 19,Shiraz,mobile,8,5,card,2025-07-08,477,100,missing_unit_price
S000003711,2023-03-07,C002384,Maryam,Rostami,maryam.rostami2384@example.com,9172492053.0,Isfahan,2020-02-06,P00370,Max Puzzle 370,Office,394.39,608.3,B008,West Branch 8,Isfahan,store,0,0,CARD,2023-12-08,318,40,invalid_quantity
S000004547,2025-10-14,C037182,Omid,Akbari,omid.akbari37182@example.com,9534338909.0,Isfahan,2021-10-15,P00468,Basic Headphones 468,Shoes,-365.42,841.75,B018,North Branch 18,Tabriz,partner,1,0,card,2023-09-13,341,75,invalid_unit_cost
S000004948,2025-04-09,C030278,Reza,Moradi,reza.moradi30278@example.com,9945321444.0,TEHRAN,2024-06-13,P00122,Max Shirt 122,Home Appliances,171.69,431.29,B016,North Branch 16,Rasht,online,0,25,cash,2023-11-21,170,75,invalid_quantity
S000005003,2023-08-12,C017500,Yasin,Rostami,yasin.rostami17500@example.com,9329664019.0,Tehran,2021-05-07,P00352,Nova Desk 352,Automotive,256.47,-527.87,B030,Airport Branch 30,Mashhad,mobile,2,15,online,2023-10-11,55,40,invalid_unit_price
S000005602,2023-02-20,C002776,Reza,Hosseini,reza.hosseini2776@example.com,9252189904.0,tehran,2021-07-14,P00345,Pro Notebook 345,Sports,,887.44,B001,Central Branch 1,Rasht,online,5,20,online,2025-08-09,408,30,missing_unit_cost
S000006007,2023-03-01,C047630,Mina,Jafari,mina.jafari47630@example.com,9411620178.0,Qom,2023-03-22,P00372,Plus Ball 372,Automotive,140.76,299.87,B023,Bazaar Branch 23,Rasht,mobile,4,120,wallet,2024-09-25,456,75,invalid_discount_percent
S000006185,2025-04-19,C024073,Reza,Rostami,reza.rostami24073@example.com,9661356460.0,tehran,2022-11-11,P00252,Smart Coffee 252,Automotive,180.03,388.9,B030,Airport Branch 30,Mashhad,mobile,0,25,online,2024-03-01,485,10,invalid_quantity
S000006406,2023-07-14,C018705,Leila,Jafari,leila.jafari18705@example.com,9483690723.0,isfahan,2022-01-19,P00304,Max Headphones 304,Beauty,16.34,31.81,B019,Bazaar Branch 19,Shiraz,mobile,-3,25,Online,2023-08-28,464,20,invalid_quantity
S000006502,2025-12-21,C006312,Reza,Jafari,reza.jafari6312@example.com,9308969847.0,Qom,2021-06-25,P00055,Prime Headphones 55,Music,197.73,,B012,South Branch 12,Mashhad,online,1,0,wallet,2023-09-13,327,20,missing_unit_price
S000007422,2025-08-26,C000949,Yasin,Akbari,yasin.akbari949@example.com,9939328588.0,isfahan,2020-08-18,P00065,Basic Mixer 65,Sports,381.26,805.32,B026,Central Branch 26,Mashhad,partner,0,10,Online,2024-02-02,466,20,invalid_quantity
S000007776,2025-03-12,C044711,Yasin,Akbari,yasin.akbari44711@example.com,9863495083.0,Shiraz,2022-10-25,P00400,Prime Puzzle 400,Furniture,151.71,240.77,B009,South Branch 9,isfahan,store,5,10,cash,2025-05-13,478,10,duplicate_sale_id
S000008403,2023-07-10,C011952,Mina,Jafari,mina.jafari11952@example.com,9446308973.0,Tabriz,2020-02-17,P00157,Smart Puzzle 157,Baby,,442.33,B032,Central Branch 32,shiraz,partner,2,0,Online,2025-12-28,310,30,missing_unit_cost
S000008659,2025-07-24,C033132,Omid,Hosseini,omid.hosseini33132@example.com,9155314667.0,Karaj,2024-07-30,P00160,Nova Coffee 160,Furniture,334.31,436.72,B006,North Branch 6,tehran,online,0,0,cash,2025-02-01,235,40,invalid_quantity
S000009094,2025-02-12,C046746,Maryam,Ahmadi,maryam.ahmadi46746@example.com,9561561307.0,Tabriz,2020-01-31,P00086,Plus Cream 86,Toys,-326.49,808.57,B021,Airport Branch 21,tehran,online,2,25,CARD,2024-12-29,358,50,invalid_unit_cost
S000009609,2025-04-25,C014455,Leila,Mohammadi,leila.mohammadi14455@example.com,9933798616.0,Mashhad,2024-08-20,P00143,Classic Cream 143,Books,280.13,530.49,B038,East Branch 38,Tehran,mobile,-4,5,cash,2025-03-15,406,10,invalid_quantity
S000009753,2023-11-05,C047612,Sara,Akbari,sara.akbari47612@example.com,9216252722.0,Tabriz,2022-12-09,P00026,Pro Ball 26,Toys,354.05,,B013,Outlet Branch 13,Mashhad,mobile,1,25,CARD,2024-04-02,393,20,missing_unit_price
S000009896,2023-10-19,C025093,Neda,Karimi,neda.karimi25093@example.com,9482751375.0,Tabriz,2024-04-12,P00011,Prime Ball 11,Garden,73.98,195.05,B016,North Branch 16,Rasht,online,0,15,online,2025-03-07,238,10,invalid_quantity
S000010006,2025-03-06,C009788,Ali,Rahimi,ali.rahimi9788@example.com,9218675429.0,Shiraz,2020-09-06,P00151,Prime Coffee 151,Garden,396.9,-465.8,B020,North Branch 20,Shiraz,online,1,25,cash,2024-11-11,452,75,invalid_unit_price
S000011133,2024-08-05,C024270,Mina,Salehi,mina.salehi24270@example.com,9212418887.0,shiraz,2022-01-27,P00209,Max Coffee 209,Grocery,191.87,459.46,B016,North Branch 16,Rasht,online,0,0,Online,2025-09-29,467,40,invalid_quantity
S000011204,2023-07-02,C026736,Neda,Salehi,neda.salehi26736@example.com,9913412533.0,Qom,2022-10-25,P00154,Eco Puzzle 154,Jewelry,,324.57,B014,Bazaar Branch 14,shiraz,mobile,10,0,Online,2023-10-17,260,40,missing_unit_cost
S000012014,2023-07-27,C004924,Amir,Salehi,amir.salehi4924@example.com,9787298924.0,TEHRAN,2024-08-07,P00245,Pro Shirt 245,Sports,346.68,922.26,B026,Central Branch 26,Mashhad,partner,3,120,Online,2024-12-16,315,30,invalid_discount_percent
S000012370,2023-06-01,C018562,Arman,Moradi,arman.moradi18562@example.com,9259452887.0,Isfahan,2020-10-10,P00417,Basic Mixer 417,Baby,166.29,246.46,B006,North Branch 6,tehran,online,0,0,online,2025-05-09,427,50,invalid_quantity
S000012812,2025-10-18,C040798,Omid,Salehi,omid.salehi40798@example.com,9476156181.0,tehran,2020-04-21,P00211,Max Cream 211,Garden,327.13,381.27,B016,North Branch 16,Rasht,online,-1,0,card,2024-12-05,357,10,invalid_quantity
S000013004,2025-04-08,C009108,Neda,Salehi,neda.salehi9108@example.com,9784701695.0,Tabriz,2024-09-02,P00492,Eco Sneakers 492,Automotive,247.47,,B015,Outlet Branch 15,Isfahan,partner,1,5,cash,2024-12-22,367,50,missing_unit_price
S000013607,2024-03-03,C013779,Neda,Hosseini,neda.hosseini13779@example.com,9848154437.0,Mashhad,2020-06-08,P00081,Eco Coffee 81,Electronics,267.58,643.87,B005,South Branch 5,TEHRAN,online,0,10,cash,2025-02-01,208,30,invalid_quantity
S000013641,2025-10-10,C034395,Arman,Salehi,arman.salehi34395@example.com,9409493457.0,Tehran,2024-09-17,P00146,Max Cream 146,Toys,-343.18,874.03,B030,Airport Branch 30,Mashhad,mobile,1,10,cash,2025-02-19,437,30,invalid_unit_cost
S000014005,2025-05-12,C028887,Mina,Rostami,mina.rostami28887@example.com,9787473275.0,shiraz,2024-07-19,P00401,Classic Puzzle 401,Electronics,,387.8,B038,East Branch 38,Tehran,mobile,8,20,cash,2023-04-16,430,50,missing_unit_cost
S000014844,2023-04-23,C039153,Maryam,Ahmadi,maryam.ahmadi39153@example.com,9886210919.0,Qom,2020-11-14,P00088,Pro Mixer 88,Shoes,298.11,741.36,B026,Central Branch 26,Mashhad,partner,0,20,cash,2025-10-11,483,30,invalid_quantity
S000015009,2023-08-29,C017545,Sara,Ahmadi,sara.ahmadi17545@example.com,9727570336.0,isfahan,2023-06-04,P00211,Max Cream 211,Garden,327.13,-381.27,B006,North Branch 6,tehran,online,6,0,cash,2023-04-30,94,75,invalid_unit_price
S000015553,2024-10-31,C045462,Leila,Hosseini,leila.hosseini45462@example.com,9322125238.0,shiraz,2022-10-22,P00466,Classic Mixer 466,Toys,194.76,453.54,B030,Airport Branch 30,Mashhad,mobile,6,0,online,2025-09-25,495,10,duplicate_sale_id
S000016015,2023-04-19,C019290,Hana,Ahmadi,hana.ahmadi19290@example.com,9288146150.0,Karaj,2021-10-12,P00166,Nova Notebook 166,Toys,222.57,536.63,B017,Express Branch 17,tehran,online,-1,0,online,2024-10-05,318,20,invalid_quantity
S000016081,2023-10-08,C012680,Leila,Ahmadi,leila.ahmadi12680@example.com,9633119425.0,Rasht,2022-11-12,P00251,Eco Shirt 251,Garden,386.68,910.55,B008,West Branch 8,Isfahan,store,0,15,card,2024-09-27,293,20,invalid_quantity
S000016255,2024-03-15,C014531,Sara,Rostami,sara.rostami14531@example.com,9232046823.0,TEHRAN,2020-05-14,P00094,Max Desk 94,Jewelry,133.61,,B024,Outlet Branch 24,TEHRAN,store,3,5,wallet,2025-05-18,199,10,missing_unit_price
S000016806,2025-09-05,C014912,Reza,Akbari,reza.akbari14912@example.com,9142010194.0,Karaj,2024-07-05,P00085,Prime Puzzle 85,Sports,,362.67,B026,Central Branch 26,Mashhad,partner,2,25,card,2023-04-30,431,75,missing_unit_cost
S000017318,2024-12-28,C024852,Omid,Rahimi,omid.rahimi24852@example.com,9673385576.0,Isfahan,2024-07-12,P00269,Smart Desk 269,Grocery,325.45,721.28,B029,North Branch 29,TEHRAN,mobile,0,25,CARD,2024-07-09,202,50,invalid_quantity
S000018021,2023-08-27,C037745,Sara,Mohammadi,sara.mohammadi37745@example.com,9681195895.0,Isfahan,2024-11-23,P00324,Pro Ball 324,Beauty,265.69,392.33,B019,Bazaar Branch 19,Shiraz,mobile,1,120,CARD,2023-07-08,390,50,invalid_discount_percent
S000018188,2025-11-16,C034162,Reza,Karimi,reza.karimi34162@example.com,9313240613.0,Tabriz,2021-10-02,P00244,Max Headphones 244,Beauty,-189.21,312.06,B040,Outlet Branch 40,tehran,online,4,10,online,2025-11-24,169,20,invalid_unit_cost
S000018555,2025-02-18,C003934,Yasin,Rostami,yasin.rostami3934@example.com,9405761709.0,TEHRAN,2023-04-16,P00267,Eco Notebook 267,Clothing,260.43,311.3,B028,Express Branch 28,isfahan,partner,0,5,CARD,2023-09-12,475,20,invalid_quantity
S000019218,2024-12-02,C044636,Yasin,Moradi,yasin.moradi44636@example.com,9168202111.0,Mashhad,2020-11-16,P00310,Smart Coffee 310,Office,201.78,331.87,B011,Central Branch 11,TEHRAN,partner,-5,0,wallet,2025-11-23,486,30,invalid_quantity
S000019506,2024-05-24,C031081,Mina,Karimi,mina.karimi31081@example.com,9818006440.0,Shiraz,2021-04-29,P00009,Smart Sneakers 9,Grocery,111.74,,B022,Outlet Branch 22,Rasht,mobile,1,0,Online,2025-01-03,115,75,missing_unit_price
S000019607,2023-04-25,C010191,Yasin,Karimi,yasin.karimi10191@example.com,9278451152.0,Karaj,2023-07-30,P00394,Pro Puzzle 394,Jewelry,,551.85,B036,Express Branch 36,TEHRAN,store,5,10,Online,2025-03-07,32,40,missing_unit_cost
S000019792,2025-05-11,C043516,Maryam,Rostami,maryam.rostami43516@example.com,9483108337.0,Isfahan,2024-10-01,P00034,Basic Coffee 34,Jewelry,219.46,377.08,B038,East Branch 38,Tehran,mobile,0,10,online,2025-08-05,25,100,invalid_quantity
S000020012,2025-09-11,C001524,Mina,Mohammadi,mina.mohammadi1524@example.com,9665918566.0,isfahan,2022-12-10,P00113,Mini Coffee 113,Health,187.79,-369.98,B026,Central Branch 26,Mashhad,partner,6,25,Online,2024-10-22,474,10,invalid_unit_price
S000021029,2023-08-27,C048656,Arman,Jafari,arman.jafari48656@example.com,9558179554.0,tehran,2022-11-19,P00364,Prime Headphones 364,Beauty,132.49,368.18,B026,Central Branch 26,Mashhad,partner,0,25,wallet,2023-09-16,31,75,invalid_quantity
S000022266,2024-07-02,C018416,Hana,Jafari,hana.jafari18416@example.com,9539157488.0,Tabriz,2022-11-24,P00052,Smart Coffee 52,Automotive,204.8,285.16,B026,Central Branch 26,Mashhad,partner,0,0,cash,2023-03-08,331,10,invalid_quantity
S000022408,2023-03-09,C001586,Sara,Jafari,sara.jafari1586@example.com,9977840731.0,Rasht,2024-06-19,P00321,Classic Desk 321,Electronics,,359.94,B021,Airport Branch 21,tehran,online,3,5,card,2023-05-18,139,40,missing_unit_cost
S000022421,2025-09-02,C049343,Neda,Karimi,neda.karimi49343@example.com,9430211266.0,TEHRAN,2023-09-12,P00319,Basic Sneakers 319,Gaming,110.8,226.34,B006,North Branch 6,tehran,online,-2,10,cash,2023-08-06,232,10,invalid_quantity
S000022735,2024-05-17,C048965,Yasin,Karimi,yasin.karimi48965@example.com,9973015241.0,Isfahan,2023-10-12,P00241,Prime Sneakers 241,Electronics,-207.74,325.11,B031,North Branch 31,Tehran,store,3,10,online,2025-01-14,404,50,invalid_unit_cost
S000022757,2024-02-13,C045663,Arman,Akbari,arman.akbari45663@example.com,9652512858.0,Tehran,2023-06-14,P00337,Nova Sneakers 337,Baby,266.29,,B018,North Branch 18,Tabriz,partner,4,5,Online,2024-03-17,222,40,missing_unit_price
S000023330,2024-10-27,C014125,Ali,Karimi,ali.karimi14125@example.com,9425653123.0,tehran,2023-03-11,P00100,Prime Headphones 100,Furniture,18.93,39.17,B009,South Branch 9,isfahan,store,1,0,CARD,2024-09-01,222,10,duplicate_sale_id
S000023503,2024-05-18,C032034,Mina,Ahmadi,mina.ahmadi32034@example.com,9164018860.0,Rasht,2024-05-27,P00190,Max Coffee 190,Office,260.09,530.99,B038,East Branch 38,Tehran,mobile,0,0,wallet,2025-06-19,436,20,invalid_quantity
S000024028,2025-10-15,C014345,Arman,Moradi,arman.moradi14345@example.com,9213291429.0,TEHRAN,2024-07-31,P00032,Smart Cream 32,Automotive,288.21,344.32,B034,Express Branch 34,isfahan,partner,8,120,card,2024-03-14,281,50,invalid_discount_percent
S000024740,2024-06-24,C021994,Amir,Hosseini,amir.hosseini21994@example.com,9690517276.0,tehran,2024-03-16,P00364,Prime Headphones 364,Beauty,132.49,368.18,B002,Mall Branch 2,Karaj,partner,0,0,card,2023-05-15,99,30,invalid_quantity
S000025015,2025-11-22,C000043,Hana,Karimi,hana.karimi43@example.com,9384602384.0,Tabriz,2024-11-21,P00147,Prime Puzzle 147,Clothing,333.65,-444.33,B027,Express Branch 27,shiraz,store,10,15,wallet,2023-06-30,55,30,invalid_unit_price
S000025209,2025-05-01,C033088,Neda,Ahmadi,neda.ahmadi33088@example.com,9971948068.0,Qom,2022-02-13,P00208,Nova Coffee 208,Shoes,,499.09,B004,Bazaar Branch 4,Rasht,partner,1,20,Online,2025-12-04,112,30,missing_unit_cost
S000025624,2024-06-12,C023834,Neda,Moradi,neda.moradi23834@example.com,9284218515.0,tehran,2020-06-02,P00278,Eco Puzzle 278,Travel,164.36,227.77,B031,North Branch 31,Tehran,store,-2,15,online,2023-03-06,303,50,invalid_quantity
S000025977,2025-12-18,C029759,Hana,Moradi,hana.moradi29759@example.com,9421368739.0,isfahan,2023-09-25,P00387,Pro Ball 387,Clothing,95.04,250.48,B037,Bazaar Branch 37,Tehran,online,0,5,cash,2024-08-12,361,40,invalid_quantity
S000026008,2023-10-11,C044168,Leila,Ahmadi,leila.ahmadi44168@example.com,9289314096.0,tehran,2024-01-13,P00304,Max Headphones 304,Beauty,16.34,,B001,Central Branch 1,Rasht,online,6,0,CARD,2024-02-28,9,50,missing_unit_price
S000027214,2023-05-03,C042420,Arman,Karimi,arman.karimi42420@example.com,9651534349.0,tehran,2023-09-06,P00268,Basic Headphones 268,Shoes,248.33,507.33,B040,Outlet Branch 40,tehran,online,0,0,CARD,2024-08-22,24,10,invalid_quantity
S000027282,2024-01-13,C043152,Hana,Salehi,hana.salehi43152@example.com,9671689985.0,isfahan,2023-02-20,P00488,Basic Shirt 488,Shoes,-28.99,52.72,B040,Outlet Branch 40,tehran,online,1,15,cash,2025-01-13,394,10,invalid_unit_cost
S000028010,2024-02-05,C000308,Reza,Salehi,reza.salehi308@example.com,9320337809.0,tehran,2024-08-26,P00148,Max Coffee 148,Shoes,,210.51,B016,North Branch 16,Rasht,online,1,5,Online,2023-06-17,377,100,missing_unit_cost
S000028451,2023-10-03,C000078,Sara,Ahmadi,sara.ahmadi78@example.com,9592080329.0,Karaj,2023-02-27,P00298,Classic Sneakers 298,Travel,336.48,475.55,B036,Express Branch 36,TEHRAN,store,0,20,online,2025-09-25,312,40,invalid_quantity
S000028827,2023-02-26,C021354,Mina,Ahmadi,mina.ahmadi21354@example.com,9524772154.0,Isfahan,2020-02-24,P00173,Max Sneakers 173,Health,70.99,167.61,B004,Bazaar Branch 4,Rasht,partner,-2,25,Online,2023-09-16,116,30,invalid_quantity
S000029259,2023-04-20,C007297,Maryam,Karimi,maryam.karimi7297@example.com,9703793998.0,tehran,2021-09-30,P00409,Plus Ball 409,Grocery,244.96,,B027,Express Branch 27,shiraz,store,3,0,CARD,2023-04-19,300,50,missing_unit_price
S000029688,2023-12-10,C031489,Yasin,Salehi,yasin.salehi31489@example.com,9290726964.0,shiraz,2022-03-15,P00239,Plus Cream 239,Gaming,283.27,706.9,B009,South Branch 9,isfahan,store,0,10,cash,2024-07-03,308,20,invalid_quantity
S000030018,2023-11-12,C034611,Mina,Karimi,mina.karimi34611@example.com,9529075442.0,Qom,2024-07-02,P00043,Prime Mixer 43,Books,59.66,-72.72,B031,North Branch 31,Tehran,store,3,25,wallet,2024-12-07,485,100,invalid_unit_price
S000030035,2023-12-20,C015108,Ali,Rahimi,ali.rahimi15108@example.com,9319209168.0,shiraz,2020-10-24,P00300,Max Cream 300,Furniture,315.26,670.68,B001,Central Branch 1,Rasht,online,3,120,Online,2023-08-09,202,50,invalid_discount_percent
S000030811,2023-12-11,C018638,Amir,Karimi,amir.karimi18638@example.com,9642819467.0,Tabriz,2024-04-22,P00379,Mini Ball 379,Gaming,,236.03,B015,Outlet Branch 15,Isfahan,partner,2,10,wallet,2024-04-29,56,20,missing_unit_cost
S000030925,2023-04-23,C016284,Amir,Moradi,amir.moradi16284@example.com,9334174909.0,Rasht,2022-08-14,P00107,Smart Coffee 107,Clothing,286.7,387.25,B005,South Branch 5,TEHRAN,online,0,10,cash,2025-10-26,53,30,invalid_quantity
S000031107,2024-05-26,C031574,Leila,Jafari,leila.jafari31574@example.com,9970199762.0,Rasht,2020-12-04,P00015,Pro Shirt 15,Music,56.2,147.54,B002,Mall Branch 2,Karaj,partner,1,0,CARD,2025-08-21,32,10,duplicate_sale_id
S000031829,2024-06-11,C034150,Omid,Jafari,omid.jafari34150@example.com,9501244620.0,TEHRAN,2024-01-06,P00298,Classic Sneakers 298,Travel,-336.48,475.55,B011,Central Branch 11,TEHRAN,partner,5,0,online,2023-05-24,254,100,invalid_unit_cost
S000032030,2023-04-25,C016131,Maryam,Rostami,maryam.rostami16131@example.com,9930294733.0,shiraz,2024-12-03,P00092,Eco Notebook 92,Automotive,132.73,337.15,B014,Bazaar Branch 14,shiraz,mobile,-4,15,cash,2025-02-22,477,40,invalid_quantity
S000032162,2023-04-25,C006188,Arman,Hosseini,arman.hosseini6188@example.com,9717316531.0,Shiraz,2021-05-18,P00029,Smart Ball 29,Grocery,145.16,224.66,B001,Central Branch 1,Rasht,online,0,0,card,2024-06-28,176,40,invalid_quantity
S000032510,2024-03-09,C000989,Mina,Moradi,mina.moradi989@example.com,9260985353.0,Tabriz,2024-04-16,P00332,Nova Notebook 332,Automotive,391.91,,B016,North Branch 16,Rasht,online,1,10,card,2024-07-10,352,40,missing_unit_price
S000033399,2024-10-10,C006279,Mina,Salehi,mina.salehi6279@example.com,9843382582.0,Tehran,2020-08-19,P00172,Max Cream 172,Automotive,255.92,403.54,B020,North Branch 20,Shiraz,online,0,0,cash,2025-10-24,220,40,invalid_quantity
S000033612,2024-01-15,C008325,Maryam,Moradi,maryam.moradi8325@example.com,9989562867.0,Tehran,2020-11-14,P00102,Basic Puzzle 102,Home Appliances,,68.84,B011,Central Branch 11,TEHRAN,partner,1,0,Online,2024-12-09,402,50,missing_unit_cost
S000034636,2024-10-22,C039485,Omid,Jafari,omid.jafari39485@example.com,9776027604.0,shiraz,2024-10-22,P00448,Plus Notebook 448,Shoes,301.44,406.31,B033,South Branch 33,isfahan,online,0,10,wallet,2023-05-18,246,100,invalid_quantity
S000035021,2023-12-19,C031816,Reza,Rostami,reza.rostami31816@example.com,9170768987.0,Rasht,2020-06-02,P00069,Eco Ball 69,Grocery,41.97,-62.04,B024,Outlet Branch 24,TEHRAN,store,1,0,online,2024-12-05,277,75,invalid_unit_price
S000035233,2024-12-05,C003877,Hana,Rahimi,hana.rahimi3877@example.com,9334352988.0,isfahan,2021-05-28,P00198,Smart Puzzle 198,Travel,345.04,899.9,B040,Outlet Branch 40,tehran,online,-4,10,wallet,2025-10-19,121,40,invalid_quantity
S000035761,2024-04-15,C008745,Mina,Rahimi,mina.rahimi8745@example.com,9443242455.0,TEHRAN,2020-05-02,P00315,Basic Puzzle 315,Music,242.26,,B038,East Branch 38,Tehran,mobile,2,10,online,2025-08-23,196,40,missing_unit_price
S000035873,2025-12-04,C009254,Leila,Rahimi,leila.rahimi9254@example.com,9986393789.0,Mashhad,2023-12-12,P00286,Plus Desk 286,Toys,31.38,72.28,B018,North Branch 18,Tabriz,partner,0,15,online,2024-03-02,260,100,invalid_quantity
S000036042,2024-06-28,C021600,Ali,Hosseini,ali.hosseini21600@example.com,9620926352.0,Shiraz,2023-08-05,P00364,Prime Headphones 364,Beauty,132.49,368.18,B002,Mall Branch 2,Karaj,partner,8,120,online,2024-07-12,272,10,invalid_discount_percent
S000036376,2024-12-12,C029871,Maryam,Ahmadi,maryam.ahmadi29871@example.com,9621966397.0,Qom,2020-06-26,P00090,Basic Shirt 90,Office,-18.52,40.15,B025,Bazaar Branch 25,Tehran,mobile,4,0,online,2024-05-11,91,75,invalid_unit_cost
S000036413,2025-11-30,C035369,Neda,Jafari,neda.jafari35369@example.com,9887579763.0,Qom,2020-12-21,P00400,Prime Puzzle 400,Furniture,,240.77,B034,Express Branch 34,isfahan,partner,1,25,wallet,2024-12-25,356,10,missing_unit_cost
S000037110,2024-03-05,C020635,Arman,Hosseini,arman.hosseini20635@example.com,9973327168.0,Rasht,2021-08-14,P00393,Mini Shirt 393,Health,58.28,125.04,B018,North Branch 18,Tabriz,partner,0,5,CARD,2024-03-06,55,30,invalid_quantity
S000038347,2023-03-22,C036489,Amir,Hosseini,amir.hosseini36489@example.com,9332052429.0,Qom,2020-07-10,P00390,Eco Cream 390,Office,145.86,323.51,B039,Mall Branch 39,Shiraz,online,0,10,wallet,2025-02-10,426,30,invalid_quantity
S000038436,2025-09-15,C015288,Ali,Jafari,ali.jafari15288@example.com,9583755206.0,Tehran,2022-07-25,P00217,Max Sneakers 217,Baby,105.85,160.48,B008,West Branch 8,Isfahan,store,-1,0,card,2025-12-16,492,75,invalid_quantity
S000038884,2023-07-08,C041793,Mina,Akbari,mina.akbari41793@example.com,9493836812.0,shiraz,2020-06-21,P00030,Basic Puzzle 30,Office,146.01,240.91,B008,West Branch 8,Isfahan,store,8,20,cash,2024-02-26,215,20,duplicate_sale_id
S000039012,2025-04-25,C024624,Leila,Rostami,leila.rostami24624@example.com,9343344133.0,Tehran,2022-12-04,P00332,Nova Notebook 332,Automotive,391.91,,B021,Airport Branch 21,tehran,online,4,10,cash,2023-03-24,68,10,missing_unit_price
S000039214,2024-05-26,C003469,Reza,Rahimi,reza.rahimi3469@example.com,9753523546.0,Rasht,2024-06-04,P00376,Nova Notebook 376,Pets,,99.95,B002,Mall Branch 2,Karaj,partner,4,0,CARD,2024-06-06,114,20,missing_unit_cost
S000039584,2023-05-18,C048703,Yasin,Karimi,yasin.karimi48703@example.com,9670608896.0,Isfahan,2020-10-23,P00299,Basic Desk 299,Gaming,20.33,50.31,B039,Mall Branch 39,Shiraz,online,0,0,cash,2023-12-23,175,10,invalid_quantity
S000040024,2024-09-09,C025498,Leila,Hosseini,leila.hosseini25498@example.com,9107541516.0,TEHRAN,2024-03-30,P00022,Eco Coffee 22,Home Appliances,177.76,-303.68,B002,Mall Branch 2,Karaj,partner,3,0,wallet,2025-06-09,464,40,invalid_unit_price
S000040821,2023-03-24,C017869,Neda,Moradi,neda.moradi17869@example.com,9573125464.0,Karaj,2020-02-02,P00013,Plus Notebook 13,Health,217.38,305.51,B029,North Branch 29,TEHRAN,mobile,0,20,cash,2023-08-13,6,10,invalid_quantity
S000040923,2023-10-16,C037872,Amir,Salehi,amir.salehi37872@example.com,9901408436.0,Karaj,2021-03-24,P00141,Pro Desk 141,Electronics,-166.04,422.45,B036,Express Branch 36,TEHRAN,store,1,15,cash,2023-04-14,192,75,invalid_unit_cost
S000041639,2025-09-11,C029638,Leila,Hosseini,leila.hosseini29638@example.com,9110459875.0,isfahan,2020-02-06,P00482,Classic Coffee 482,Home Appliances,63.22,175.51,B031,North Branch 31,Tehran,store,-3,10,cash,2025-08-19,99,30,invalid_quantity
S000042015,2025-12-08,C038263,Neda,Karimi,neda.karimi38263@example.com,9662679062.0,shiraz,2023-10-28,P00452,Plus Ball 452,Automotive,,374.74,B004,Bazaar Branch 4,Rasht,partner,1,0,CARD,2024-01-23,75,75,missing_unit_cost
S000042049,2024-12-04,C042631,Mina,Hosseini,mina.hosseini42631@example.com,9228767027.0,Rasht,2024-04-25,P00057,Classic Ball 57,Baby,229.73,409.52,B032,Central Branch 32,shiraz,partner,4,120,Online,2024-11-03,43,40,invalid_discount_percent
S000042058,2025-10-08,C042556,Sara,Salehi,sara.salehi42556@example.com,9641616220.0,tehran,2021-04-18,P00492,Eco Sneakers 492,Automotive,247.47,496.34,B033,South Branch 33,isfahan,online,0,0,cash,2023-11-16,22,100,invalid_quantity
S000042263,2023-07-03,C001742,Amir,Moradi,amir.moradi1742@example.com,9416927261.0,Karaj,2020-11-17,P00111,Basic Cream 111,Garden,155.52,,B036,Express Branch 36,TEHRAN,store,1,25,card,2024-08-12,77,50,missing_unit_price
S000043295,2024-04-07,C007962,Yasin,Rostami,yasin.rostami7962@example.com,9262887371.0,TEHRAN,2022-03-04,P00028,Prime Puzzle 28,Shoes,181.09,267.99,B012,South Branch 12,Mashhad,online,0,15,CARD,2023-11-02,139,10,invalid_quantity
S000044532,2023-09-18,C028711,Omid,Karimi,omid.karimi28711@example.com,9814592582.0,tehran,2021-06-06,P00054,Basic Headphones 54,Jewelry,88.47,240.45,B028,Express Branch 28,isfahan,partner,0,15,CARD,2025-09-10,462,10,invalid_quantity
S000044816,2025-02-14,C015838,Reza,Mohammadi,reza.mohammadi15838@example.com,9814823406.0,Karaj,2021-12-17,P00336,Max Mixer 336,Pets,,250.81,B001,Central Branch 1,Rasht,online,2,15,CARD,2024-11-30,369,20,missing_unit_cost
S000044842,2024-12-21,C000831,Arman,Jafari,arman.jafari831@example.com,9341071485.0,Isfahan,2021-05-23,P00184,Basic Sneakers 184,Beauty,129.67,278.47,B019,Bazaar Branch 19,Shiraz,mobile,-1,0,wallet,2024-07-04,429,30,invalid_quantity
S000045027,2025-11-10,C017183,Mina,Akbari,mina.akbari17183@example.com,9449076931.0,Shiraz,2020-06-13,P00131,Pro Shirt 131,Garden,34.95,-77.2,B019,Bazaar Branch 19,Shiraz,mobile,1,25,card,2024-03-29,134,40,invalid_unit_price
S000045470,2023-05-28,C006959,Ali,Akbari,ali.akbari6959@example.com,9915571858.0,shiraz,2021-01-17,P00265,Eco Mixer 265,Sports,-398.58,866.09,B009,South Branch 9,isfahan,store,3,0,CARD,2024-06-23,318,30,invalid_unit_cost
S000045514,2025-12-19,C025663,Ali,Mohammadi,ali.mohammadi25663@example.com,9944404237.0,Tabriz,2024-02-16,P00075,Mini Shirt 75,Music,268.13,,B018,North Branch 18,Tabriz,partner,2,25,cash,2023-03-14,289,50,missing_unit_price
S000045769,2024-04-25,C011745,Omid,Mohammadi,omid.mohammadi11745@example.com,9825780401.0,Rasht,2021-08-10,P00041,Prime Puzzle 41,Electronics,176.45,458.88,B024,Outlet Branch 24,TEHRAN,store,0,10,online,2023-10-01,82,10,invalid_quantity
S000046661,2025-11-16,C041655,Amir,Moradi,amir.moradi41655@example.com,9885433722.0,Rasht,2022-05-12,P00063,Classic Headphones 63,Books,360.04,496.7,B008,West Branch 8,Isfahan,store,4,5,cash,2025-01-24,426,50,duplicate_sale_id
S000047006,2025-04-07,C045901,Arman,Karimi,arman.karimi45901@example.com,9339155022.0,Rasht,2023-11-28,P00445,Nova Desk 445,Sports,306.96,389.09,B003,Bazaar Branch 3,Karaj,online,0,0,online,2024-10-22,187,50,invalid_quantity
S000047617,2023-07-15,C020447,Mina,Akbari,mina.akbari20447@example.com,9222147745.0,Tabriz,2024-02-07,P00204,Prime Sneakers 204,Beauty,,355.83,B022,Outlet Branch 22,Rasht,mobile,3,0,CARD,2023-08-18,161,10,missing_unit_cost
S000048045,2024-03-07,C041366,Sara,Akbari,sara.akbari41366@example.com,9407814417.0,Tehran,2022-03-23,P00193,Max Mixer 193,Health,263.86,493.43,B014,Bazaar Branch 14,shiraz,mobile,-3,10,CARD,2025-01-30,61,30,invalid_quantity
S000048056,2024-09-13,C043320,Omid,Moradi,omid.moradi43320@example.com,9791773179.0,Isfahan,2023-01-13,P00063,Classic Headphones 63,Books,360.04,496.7,B027,Express Branch 27,shiraz,store,5,120,Online,2024-04-09,343,50,invalid_discount_percent
S000048243,2025-11-06,C038496,Hana,Hosseini,hana.hosseini38496@example.com,9310899770.0,Tehran,2024-09-10,P00002,Classic Ball 2,Home Appliances,205.44,250.43,B036,Express Branch 36,TEHRAN,store,0,10,wallet,2023-11-07,218,75,invalid_quantity
S000048765,2025-09-14,C020521,Sara,Moradi,sara.moradi20521@example.com,9918181048.0,Tabriz,2023-01-22,P00355,Nova Headphones 355,Music,231.45,,B005,South Branch 5,TEHRAN,online,2,10,CARD,2024-06-27,306,30,missing_unit_price
S000049480,2024-12-26,C027396,Omid,Moradi,omid.moradi27396@example.com,9713338301.0,Mashhad,2022-12-29,P00092,Eco Notebook 92,Automotive,132.73,337.15,B014,Bazaar Branch 14,shiraz,mobile,0,0,cash,2023-10-16,314,30,invalid_quantity
S000050017,2025-10-07,C045285,Mina,Karimi,mina.karimi45285@example.com,9611616073.0,Mashhad,2023-08-28,P00069,Eco Ball 69,Grocery,-41.97,62.04,B004,Bazaar Branch 4,Rasht,partner,4,25,card,2023-01-14,91,75,invalid_unit_cost
S000050030,2023-08-26,C046561,Yasin,Moradi,yasin.moradi46561@example.com,9290576739.0,Karaj,2022-09-18,P00336,Max Mixer 336,Pets,176.9,-250.81,B001,Central Branch 1,Rasht,online,3,15,card,2023-11-16,257,30,invalid_unit_price
S000050418,2023-10-25,C018028,Arman,Akbari,arman.akbari18028@example.com,9701676794.0,TEHRAN,2022-08-14,P00391,Nova Notebook 391,Garden,,30.83,B022,Outlet Branch 22,Rasht,mobile,3,0,cash,2023-06-15,14,20,missing_unit_cost
S000050717,2023-09-25,C004008,Maryam,Karimi,maryam.karimi4008@example.com,9742948606.0,Isfahan,2023-01-11,P00218,Plus Sneakers 218,Travel,224.03,624.54,B002,Mall Branch 2,Karaj,partner,0,25,cash,2024-10-25,81,75,invalid_quantity
S000051248,2025-03-11,C014643,Amir,Salehi,amir.salehi14643@example.com,9144659295.0,Mashhad,2020-01-28,P00375,Basic Cream 375,Music,228.29,358.53,B026,Central Branch 26,Mashhad,partner,-4,15,Online,2025-05-16,482,50,invalid_quantity
S000051954,2025-06-24,C001019,Sara,Ahmadi,sara.ahmadi1019@example.com,9420192227.0,shiraz,2022-07-22,P00002,Classic Ball 2,Home Appliances,205.44,250.43,B018,North Branch 18,Tabriz,partner,0,0,card,2024-01-09,158,100,invalid_quantity
S000052016,2025-08-16,C045013,Arman,Salehi,arman.salehi45013@example.com,9528552498.0,Isfahan,2024-11-06,P00069,Eco Ball 69,Grocery,41.97,,B026,Central Branch 26,Mashhad,partner,1,5,CARD,2023-01-18,337,50,missing_unit_price
S000053191,2025-07-09,C034605,Mina,Rahimi,mina.rahimi34605@example.com,9291044019.0,Mashhad,2022-08-27,P00395,Plus Desk 395,Music,293.0,541.44,B002,Mall Branch 2,Karaj,partner,0,20,Online,2023-08-15,138,20,invalid_quantity
S000053219,2023-10-16,C019195,Reza,Akbari,reza.akbari19195@example.com,9864277739.0,TEHRAN,2022-09-08,P00418,Smart Headphones 418,Travel,,216.1,B024,Outlet Branch 24,TEHRAN,store,2,25,Online,2023-06-10,267,50,missing_unit_cost
S000054063,2023-01-30,C015117,Mina,Ahmadi,mina.ahmadi15117@example.com,9464152945.0,isfahan,2021-11-12,P00150,Smart Ball 150,Office,326.14,480.8,B015,Outlet Branch 15,Isfahan,partner,3,120,Online,2024-10-02,458,50,invalid_discount_percent
S000054428,2025-06-02,C036396,Amir,Moradi,amir.moradi36396@example.com,9351007929.0,tehran,2022-01-04,P00037,Basic Ball 37,Baby,125.82,338.81,B022,Outlet Branch 22,Rasht,mobile,0,0,wallet,2024-08-31,92,20,invalid_quantity
S000054438,2024-11-06,C049128,Mina,Jafari,mina.jafari49128@example.com,9170687758.0,Tabriz,2024-06-01,P00472,Pro Desk 472,Automotive,74.87,99.86,B023,Bazaar Branch 23,Rasht,mobile,3,0,online,2024-12-10,346,100,duplicate_sale_id
S000054451,2024-11-07,C009741,Yasin,Salehi,yasin.salehi9741@example.com,9757082719.0,isfahan,2021-02-09,P00249,Max Sneakers 249,Grocery,309.04,808.45,B004,Bazaar Branch 4,Rasht,partner,-2,15,online,2023-01-28,196,100,invalid_quantity
S000054564,2024-10-17,C026874,Hana,Karimi,hana.karimi26874@example.com,9835536566.0,Karaj,2022-02-10,P00467,Nova Headphones 467,Clothing,-191.58,471.9,B032,Central Branch 32,shiraz,partner,5,0,card,2024-08-08,58,75,invalid_unit_cost
S000055033,2023-07-24,C030796,Sara,Akbari,sara.akbari30796@example.com,9680643616.0,Tehran,2021-10-04,P00415,Plus Mixer 415,Music,179.33,-403.07,B040,Outlet Branch 40,tehran,online,1,0,online,2025-02-15,24,50,invalid_unit_price
S000055267,2023-11-02,C028784,Omid,Rahimi,omid.rahimi28784@example.com,9144325711.0,Tabriz,2022-05-26,P00010,Max Sneakers 10,Office,158.66,,B024,Outlet Branch 24,TEHRAN,store,5,25,Online,2024-07-04,381,10,missing_unit_price
S000055665,2023-02-18,C017866,Sara,Jafari,sara.jafari17866@example.com,9878219415.0,Qom,2024-01-06,P00275,Mini Mixer 275,Music,9.96,27.06,B037,Bazaar Branch 37,Tehran,online,0,15,Online,2023-01-26,258,30,invalid_quantity
S000056020,2023-05-26,C016902,Sara,Moradi,sara.moradi16902@example.com,9617571457.0,Mashhad,2023-10-21,P00157,Smart Puzzle 157,Baby,,442.33,B026,Central Branch 26,Mashhad,partner,10,15,Online,2024-03-11,151,75,missing_unit_cost
S000056902,2024-09-17,C017198,Sara,Salehi,sara.salehi17198@example.com,9120285111.0,Mashhad,2020-04-06,P00321,Classic Desk 321,Electronics,261.02,359.94,B029,North Branch 29,TEHRAN,mobile,0,10,online,2024-11-24,343,50,invalid_quantity
S000057654,2025-12-31,C005565,Hana,Moradi,hana.moradi5565@example.com,9219071165.0,Rasht,2023-01-30,P00311,Pro Sneakers 311,Garden,87.8,245.35,B027,Express Branch 27,shiraz,store,-1,0,CARD,2024-04-19,0,10,invalid_quantity
S000058139,2023-01-02,C026840,Sara,Jafari,sara.jafari26840@example.com,9345695160.0,Isfahan,2023-08-12,P00365,Basic Shirt 365,Sports,259.92,432.66,B032,Central Branch 32,shiraz,partner,0,0,cash,2023-05-19,482,75,invalid_quantity
S000058518,2025-02-01,C000936,Sara,Hosseini,sara.hosseini936@example.com,9817411121.0,Isfahan,2024-07-13,P00157,Smart Puzzle 157,Baby,225.98,,B030,Airport Branch 30,Mashhad,mobile,2,20,wallet,2023-10-20,216,20,missing_unit_price
S000058821,2023-06-28,C046239,Mina,Jafari,mina.jafari46239@example.com,9367041027.0,Tehran,2021-05-09,P00003,Smart Desk 3,Books,,415.03,B026,Central Branch 26,Mashhad,partner,10,25,wallet,2025-02-09,54,40,missing_unit_cost
S000059111,2024-08-26,C038751,Neda,Rahimi,neda.rahimi38751@example.com,9886693500.0,Mashhad,2020-05-11,P00346,Smart Puzzle 346,Toys,-118.21,187.79,B009,South Branch 9,isfahan,store,2,15,CARD,2024-11-14,500,10,invalid_unit_cost
S000059376,2025-02-26,C000687,Mina,Rahimi,mina.rahimi687@example.com,9629487801.0,TEHRAN,2020-05-09,P00170,Smart Puzzle 170,Office,278.29,603.83,B007,Central Branch 7,Qom,partner,0,25,online,2025-11-17,277,40,invalid_quantity
S000060036,2023-05-11,C025695,Maryam,Ahmadi,maryam.ahmadi25695@example.com,9831017560.0,TEHRAN,2020-09-19,P00443,Smart Puzzle 443,Books,337.64,-456.41,B021,Airport Branch 21,tehran,online,3,15,wallet,2025-04-17,164,40,invalid_unit_price
S000060070,2024-08-05,C049476,Omid,Hosseini,omid.hosseini49476@example.com,9436038517.0,shiraz,2022-03-21,P00413,Plus Shirt 413,Health,344.24,526.41,B003,Bazaar Branch 3,Karaj,online,1,120,CARD,2025-05-16,243,40,invalid_discount_percent
S000060613,2023-05-01,C038367,Mina,Moradi,mina.moradi38367@example.com,9997984561.0,isfahan,2021-02-02,P00065,Basic Mixer 65,Sports,381.26,805.32,B008,West Branch 8,Isfahan,store,0,10,online,2025-01-27,172,75,invalid_quantity
S000060857,2025-05-13,C032792,Hana,Salehi,hana.salehi32792@example.com,9156260008.0,Mashhad,2023-08-26,P00242,Plus Puzzle 242,Home Appliances,233.24,393.81,B025,Bazaar Branch 25,Tehran,mobile,-5,5,wallet,2023-09-28,46,40,invalid_quantity
S000061622,2025-08-12,C003707,Reza,Jafari,reza.jafari3707@example.com,9331073681.0,Qom,2022-07-14,P00407,Classic Cream 407,Clothing,,535.51,B040,Outlet Branch 40,tehran,online,1,5,CARD,2024-01-17,38,20,missing_unit_cost
S000061769,2025-07-27,C027864,Arman,Jafari,arman.jafari27864@example.com,9763908923.0,Isfahan,2023-04-08,P00178,Max Puzzle 178,Travel,87.79,,B031,North Branch 31,Tehran,store,3,0,Online,2025-01-03,328,75,missing_unit_price
S000061850,2025-05-10,C042278,Ali,Rostami,ali.rostami42278@example.com,9332216869.0,Mashhad,2021-03-19,P00083,Classic Shirt 83,Books,199.94,538.69,B002,Mall Branch 2,Karaj,partner,0,0,wallet,2023-10-20,242,50,invalid_quantity
S000062215,2024-12-30,C012514,Omid,Hosseini,omid.hosseini12514@example.com,9270146803.0,Tehran,2023-02-24,P00147,Prime Puzzle 147,Clothing,333.65,444.33,B036,Express Branch 36,TEHRAN,store,2,5,wallet,2024-10-10,167,10,duplicate_sale_id
S000063087,2025-03-19,C048572,Omid,Jafari,omid.jafari48572@example.com,9455133592.0,Isfahan,2024-03-07,P00256,Basic Headphones 256,Pets,293.01,614.78,B026,Central Branch 26,Mashhad,partner,0,5,online,2025-09-13,159,30,invalid_quantity
S000063658,2023-08-18,C028535,Arman,Rostami,arman.rostami28535@example.com,9481648170.0,Rasht,2023-10-10,P00492,Eco Sneakers 492,Automotive,-247.47,496.34,B015,Outlet Branch 15,Isfahan,partner,1,25,CARD,2023-03-17,61,100,invalid_unit_cost
S000064060,2025-06-07,C019980,Maryam,Jafari,maryam.jafari19980@example.com,9487423312.0,Tehran,2024-08-13,P00252,Smart Coffee 252,Automotive,180.03,388.9,B023,Bazaar Branch 23,Rasht,mobile,-4,25,CARD,2025-08-05,107,20,invalid_quantity
S000064324,2025-01-30,C028844,Omid,Moradi,omid.moradi28844@example.com,9752662882.0,Isfahan,2022-03-31,P00294,Basic Headphones 294,Jewelry,58.86,141.09,B014,Bazaar Branch 14,shiraz,mobile,0,0,wallet,2024-07-02,184,10,invalid_quantity
S000064423,2025-11-03,C018124,Hana,Hosseini,hana.hosseini18124@example.com,9621315106.0,isfahan,2021-05-09,P00291,Eco Puzzle 291,Garden,,102.84,B034,Express Branch 34,isfahan,partner,2,10,online,2025-01-14,100,40,missing_unit_cost
S000065020,2024-11-15,C009768,Neda,Moradi,neda.moradi9768@example.com,9212909536.0,Tehran,2022-12-31,P00339,Max Sneakers 339,Gaming,357.41,,B018,North Branch 18,Tabriz,partner,5,20,Online,2023-11-05,473,40,missing_unit_price
S000065039,2023-11-21,C037623,Amir,Salehi,amir.salehi37623@example.com,9333251367.0,Tehran,2022-11-12,P00351,Max Notebook 351,Garden,191.99,-271.92,B007,Central Branch 7,Qom,partner,5,0,Online,2025-10-02,70,100,invalid_unit_price
S000065561,2025-01-21,C042807,Yasin,Rostami,yasin.rostami42807@example.com,9722777003.0,isfahan,2024-11-05,P00364,Prime Headphones 364,Beauty,132.49,368.18,B017,Express Branch 17,tehran,online,0,25,Online,2025-06-08,390,30,invalid_quantity
S000066077,2024-07-03,C043692,Hana,Jafari,hana.jafari43692@example.com,9242638713.0,Mashhad,2022-10-09,P00125,Classic Cream 125,Sports,248.17,471.89,B002,Mall Branch 2,Karaj,partner,1,120,wallet,2025-12-27,454,50,invalid_discount_percent
S000066798,2024-10-15,C039187,Ali,Akbari,ali.akbari39187@example.com,9691093459.0,Rasht,2023-07-11,P00051,Classic Ball 51,Garden,94.83,161.88,B022,Outlet Branch 22,Rasht,mobile,0,0,cash,2024-10-29,192,50,invalid_quantity
S000067224,2024-12-09,C017772,Maryam,Akbari,maryam.akbari17772@example.com,9166073268.0,isfahan,2024-04-10,P00048,Eco Mixer 48,Shoes,,713.98,B009,South Branch 9,isfahan,store,2,10,wallet,2023-07-07,18,30,missing_unit_cost
S000067263,2025-12-22,C001259,Hana,Rahimi,hana.rahimi1259@example.com,9465035599.0,tehran,2024-07-02,P00181,Nova Puzzle 181,Electronics,388.81,795.0,B013,Outlet Branch 13,Mashhad,mobile,-3,15,Online,2025-08-13,140,10,invalid_quantity
S000068035,2024-10-16,C000829,Ali,Moradi,ali.moradi829@example.com,9149372289.0,Mashhad,2022-01-15,P00050,Smart Notebook 50,Office,230.15,636.37,B007,Central Branch 7,Qom,partner,0,25,Online,2025-01-13,253,20,invalid_quantity
S000068205,2023-03-05,C030635,Ali,Akbari,ali.akbari30635@example.com,9980509273.0,Shiraz,2024-10-11,P00476,Plus Puzzle 476,Pets,-358.21,718.34,B002,Mall Branch 2,Karaj,partner,2,0,cash,2025-03-22,157,50,invalid_unit_cost
S000068271,2023-11-17,C046174,Arman,Salehi,arman.salehi46174@example.com,9198436094.0,Mashhad,2020-08-30,P00173,Max Sneakers 173,Health,70.99,,B007,Central Branch 7,Qom,partner,8,0,wallet,2025-11-15,118,75,missing_unit_price
S000069272,2024-07-09,C012540,Yasin,Mohammadi,yasin.mohammadi12540@example.com,9947700659.0,Karaj,2023-02-11,P00139,Prime Mixer 139,Gaming,149.35,256.99,B018,North Branch 18,Tabriz,partner,0,0,Online,2024-06-13,408,20,invalid_quantity
S000069992,2025-10-17,C035860,Sara,Hosseini,sara.hosseini35860@example.com,9865348980.0,Isfahan,2020-05-22,P00200,Plus Headphones 200,Furniture,258.18,676.84,B022,Outlet Branch 22,Rasht,mobile,4,20,Online,2025-06-12,179,30,duplicate_sale_id
S000070025,2023-03-29,C002921,Yasin,Rahimi,yasin.rahimi2921@example.com,9888000093.0,Tehran,2020-07-12,P00228,Basic Ball 228,Shoes,,377.5,B029,North Branch 29,TEHRAN,mobile,1,5,wallet,2025-04-01,266,10,missing_unit_cost
S000070042,2025-05-16,C021703,Neda,Hosseini,neda.hosseini21703@example.com,9208529434.0,Qom,2020-12-03,P00381,Nova Puzzle 381,Electronics,163.77,-238.64,B035,Mall Branch 35,isfahan,mobile,4,0,CARD,2024-08-25,301,100,invalid_unit_price
S000070466,2024-01-25,C016133,Neda,Akbari,neda.akbari16133@example.com,9889487669.0,Tehran,2021-12-18,P00240,Classic Mixer 240,Furniture,231.53,472.09,B014,Bazaar Branch 14,shiraz,mobile,-5,25,wallet,2024-05-10,336,75,invalid_quantity
S000070509,2025-05-24,C035626,Leila,Akbari,leila.akbari35626@example.com,9599324880.0,shiraz,2023-04-12,P00078,Smart Cream 78,Travel,7.24,19.81,B023,Bazaar Branch 23,Rasht,mobile,0,0,online,2024-07-12,222,75,invalid_quantity
S000071522,2025-04-10,C015548,Ali,Moradi,ali.moradi15548@example.com,9661765403.0,isfahan,2024-10-13,P00281,Basic Puzzle 281,Electronics,55.09,,B025,Bazaar Branch 25,Tehran,mobile,2,20,online,2023-04-08,397,100,missing_unit_price
S000071746,2025-01-04,C006579,Yasin,Karimi,yasin.karimi6579@example.com,9547944517.0,tehran,2022-02-25,P00277,Nova Shirt 277,Baby,22.67,27.89,B033,South Branch 33,isfahan,online,0,0,cash,2023-12-04,277,100,invalid_quantity
S000072084,2025-06-01,C039505,Hana,Karimi,hana.karimi39505@example.com,9449361375.0,Mashhad,2020-11-23,P00128,Mini Coffee 128,Shoes,136.7,209.32,B001,Central Branch 1,Rasht,online,2,120,online,2023-03-24,215,20,invalid_discount_percent
S000072752,2024-03-10,C032213,Maryam,Karimi,maryam.karimi32213@example.com,9649940970.0,Tabriz,2024-04-09,P00484,Classic Mixer 484,Beauty,-335.8,844.89,B035,Mall Branch 35,isfahan,mobile,3,0,online,2024-09-05,344,75,invalid_unit_cost
S000072826,2025-01-06,C012617,Omid,Akbari,omid.akbari12617@example.com,9542343837.0,tehran,2020-05-04,P00428,Smart Headphones 428,Shoes,,71.02,B017,Express Branch 17,tehran,online,1,20,Online,2025-05-05,212,50,missing_unit_cost
S000072983,2023-02-01,C046357,Sara,Jafari,sara.jafari46357@example.com,9824435350.0,Karaj,2022-09-01,P00122,Max Shirt 122,Home Appliances,171.69,431.29,B018,North Branch 18,Tabriz,partner,0,0,online,2023-04-10,270,40,invalid_quantity
S000073669,2025-08-19,C042753,Omid,Mohammadi,omid.mohammadi42753@example.com,9545331231.0,Tehran,2021-12-08,P00421,Classic Sneakers 421,Electronics,195.9,330.92,B038,East Branch 38,Tehran,mobile,-5,0,Online,2025-05-25,337,20,invalid_quantity
S000074220,2025-05-26,C024181,Amir,Ahmadi,amir.ahmadi24181@example.com,9951499995.0,shiraz,2022-11-14,P00162,Nova Coffee 162,Home Appliances,208.87,309.83,B029,North Branch 29,TEHRAN,mobile,0,15,wallet,2025-12-16,242,40,invalid_quantity
S000074773,2025-09-13,C036832,Reza,Rahimi,reza.rahimi36832@example.com,9318211942.0,Tabriz,2024-06-24,P00227,Eco Shirt 227,Clothing,58.89,,B010,Central Branch 10,Rasht,mobile,1,0,online,2024-09-08,53,100,missing_unit_price
S000075045,2023-12-26,C005337,Sara,Akbari,sara.akbari5337@example.com,9966429960.0,TEHRAN,2024-08-26,P00394,Pro Puzzle 394,Jewelry,301.92,-551.85,B028,Express Branch 28,isfahan,partner,5,0,online,2023-10-31,263,20,invalid_unit_price
S000075457,2023-12-01,C016025,Sara,Hosseini,sara.hosseini16025@example.com,9685949634.0,Isfahan,2020-06-16,P00496,Basic Sneakers 496,Pets,175.81,360.45,B036,Express Branch 36,TEHRAN,store,0,20,CARD,2023-06-05,103,10,invalid_quantity
S000075627,2025-08-31,C049952,Omid,Moradi,omid.moradi49952@example.com,9922541877.0,TEHRAN,2021-05-27,P00204,Prime Sneakers 204,Beauty,,355.83,B028,Express Branch 28,isfahan,partner,3,0,CARD,2024-03-16,398,75,missing_unit_cost
S000076694,2024-04-03,C035921,Ali,Akbari,ali.akbari35921@example.com,9130063049.0,Karaj,2021-04-19,P00001,Mini Desk 1,Electronics,75.63,160.11,B006,North Branch 6,tehran,online,0,25,online,2023-09-20,445,50,invalid_quantity
S000076872,2025-07-09,C023757,Yasin,Jafari,yasin.jafari23757@example.com,9642334652.0,Qom,2020-10-30,P00455,Nova Ball 455,Music,28.86,60.04,B023,Bazaar Branch 23,Rasht,mobile,-4,15,Online,2024-12-17,447,75,invalid_quantity
S000077299,2023-04-15,C008947,Omid,Jafari,omid.jafari8947@example.com,9347549203.0,Shiraz,2021-06-12,P00403,Mini Ball 403,Books,-380.22,1017.38,B037,Bazaar Branch 37,Tehran,online,4,0,card,2024-06-02,483,20,invalid_unit_cost
S000077769,2024-03-24,C049552,Hana,Rahimi,hana.rahimi49552@example.com,9473818005.0,Shiraz,2022-12-21,P00481,Pro Desk 481,Electronics,333.13,838.02,B005,South Branch 5,TEHRAN,online,3,0,CARD,2025-10-21,214,50,duplicate_sale_id
S000077931,2024-12-17,C016533,Neda,Hosseini,neda.hosseini16533@example.com,9159363926.0,Karaj,2020-05-14,P00481,Pro Desk 481,Electronics,333.13,838.02,B012,South Branch 12,Mashhad,online,0,0,card,2023-04-27,457,50,invalid_quantity
S000078024,2024-05-18,C023646,Mina,Ahmadi,mina.ahmadi23646@example.com,9294789276.0,Rasht,2020-06-22,P00055,Prime Headphones 55,Music,197.73,,B035,Mall Branch 35,isfahan,mobile,2,5,wallet,2023-10-25,146,50,missing_unit_price
S000078091,2024-02-06,C021103,Reza,Karimi,reza.karimi21103@example.com,9326664468.0,Qom,2020-11-22,P00264,Pro Desk 264,Beauty,281.41,612.86,B005,South Branch 5,TEHRAN,online,2,120,CARD,2025-09-17,266,30,invalid_discount_percent
S000078428,2024-05-02,C009877,Neda,Rostami,neda.rostami9877@example.com,9919467612.0,Isfahan,2023-01-01,P00286,Plus Desk 286,Toys,,72.28,B008,West Branch 8,Isfahan,store,6,25,online,2024-05-20,204,100,missing_unit_cost
S000079168,2024-02-08,C019965,Omid,Moradi,omid.moradi19965@example.com,9841273294.0,Shiraz,2022-03-08,P00315,Basic Puzzle 315,Music,242.26,512.27,B034,Express Branch 34,isfahan,partner,0,0,cash,2023-05-26,130,50,invalid_quantity
S000080048,2023-01-26,C006702,Maryam,Moradi,maryam.moradi6702@example.com,9227802344.0,Isfahan,2023-04-07,P00334,Plus Desk 334,Jewelry,341.94,-421.76,B010,Central Branch 10,Rasht,mobile,3,25,Online,2025-01-01,31,10,invalid_unit_price
S000080075,2023-01-17,C033868,Sara,Jafari,sara.jafari33868@example.com,9941068379.0,Shiraz,2022-05-20,P00107,Smart Coffee 107,Clothing,286.7,387.25,B039,Mall Branch 39,Shiraz,online,-1,0,card,2023-06-23,494,50,invalid_quantity
S000080405,2025-08-19,C028590,Neda,Rahimi,neda.rahimi28590@example.com,9337424797.0,Tabriz,2021-03-25,P00414,Max Mixer 414,Jewelry,179.29,279.68,B002,Mall Branch 2,Karaj,partner,0,0,card,2025-07-08,281,100,invalid_quantity
S000081229,2025-08-21,C008222,Sara,Akbari,sara.akbari8222@example.com,9709736005.0,Rasht,2020-09-11,P00100,Prime Headphones 100,Furniture,,39.17,B001,Central Branch 1,Rasht,online,3,15,online,2023-06-21,167,50,missing_unit_cost
S000081275,2025-11-03,C035828,Arman,Rostami,arman.rostami35828@example.com,9198172519.0,Tehran,2020-01-22,P00235,Max Coffee 235,Music,226.41,,B013,Outlet Branch 13,Mashhad,mobile,5,0,wallet,2024-11-02,452,20,missing_unit_price
S000081642,2024-03-27,C044923,Ali,Jafari,ali.jafari44923@example.com,9303184953.0,Mashhad,2020-02-08,P00211,Max Cream 211,Garden,327.13,381.27,B011,Central Branch 11,TEHRAN,partner,0,25,Online,2023-04-14,438,100,invalid_quantity
S000081846,2023-03-21,C040561,Arman,Hosseini,arman.hosseini40561@example.com,9304636996.0,Qom,2023-09-12,P00459,Classic Sneakers 459,Gaming,-36.87,67.96,B001,Central Branch 1,Rasht,online,10,15,Online,2023-02-25,70,30,invalid_unit_cost
S000082879,2025-09-07,C038782,Leila,Moradi,leila.moradi38782@example.com,9174100563.0,Rasht,2021-07-17,P00431,Smart Coffee 431,Garden,220.23,444.28,B018,North Branch 18,Tabriz,partner,0,20,card,2025-05-03,374,30,invalid_quantity
S000083278,2024-01-29,C015928,Arman,Mohammadi,arman.mohammadi15928@example.com,9518096994.0,Rasht,2024-10-21,P00102,Basic Puzzle 102,Home Appliances,58.09,68.84,B020,North Branch 20,Shiraz,online,-4,0,CARD,2025-11-27,181,40,invalid_quantity
S000084030,2024-11-19,C007645,Maryam,Moradi,maryam.moradi7645@example.com,9483700328.0,tehran,2023-01-05,P00252,Smart Coffee 252,Automotive,,388.9,B039,Mall Branch 39,Shiraz,online,3,0,CARD,2025-05-12,45,75,missing_unit_cost
S000084098,2025-05-11,C033045,Leila,Akbari,leila.akbari33045@example.com,9790018773.0,shiraz,2021-12-20,P00387,Pro Ball 387,Clothing,95.04,250.48,B029,North Branch 29,TEHRAN,mobile,3,120,card,2023-05-11,185,40,invalid_discount_percent
S000084116,2023-12-06,C036507,Amir,Mohammadi,amir.mohammadi36507@example.com,9585928431.0,Qom,2023-08-03,P00423,Basic Coffee 423,Books,277.51,435.42,B032,Central Branch 32,shiraz,partner,0,0,CARD,2024-07-11,439,50,invalid_quantity
S000084526,2023-08-17,C024932,Maryam,Ahmadi,maryam.ahmadi24932@example.com,9533229591.0,shiraz,2024-09-16,P00009,Smart Sneakers 9,Grocery,111.74,,B015,Outlet Branch 15,Isfahan,partner,2,0,cash,2023-05-05,280,10,missing_unit_price
S000085051,2024-12-07,C037803,Amir,Rostami,amir.rostami37803@example.com,9764527638.0,Qom,2024-03-29,P00436,Basic Notebook 436,Pets,41.7,-75.27,B018,North Branch 18,Tabriz,partner,3,20,wallet,2023-07-13,37,20,invalid_unit_price
S000085353,2024-02-15,C027358,Amir,Rahimi,amir.rahimi27358@example.com,9107236681.0,Tehran,2020-08-08,P00338,Pro Puzzle 338,Travel,237.05,369.95,B023,Bazaar Branch 23,Rasht,mobile,0,15,CARD,2023-09-05,370,10,invalid_quantity
S000085546,2023-05-11,C021194,Ali,Jafari,ali.jafari21194@example.com,9718331138.0,Tabriz,2024-05-02,P00289,Classic Ball 289,Grocery,184.22,500.0,B031,North Branch 31,Tehran,store,1,20,Online,2025-05-29,412,50,duplicate_sale_id
S000086393,2025-02-05,C023575,Neda,Jafari,neda.jafari23575@example.com,9463179353.0,isfahan,2022-08-23,P00039,Mini Shirt 39,Gaming,-160.85,364.32,B034,Express Branch 34,isfahan,partner,3,15,CARD,2025-07-20,168,40,invalid_unit_cost
S000086481,2023-04-21,C040212,Yasin,Mohammadi,yasin.mohammadi40212@example.com,9365686234.0,isfahan,2022-07-09,P00342,Pro Coffee 342,Home Appliances,189.24,448.09,B001,Central Branch 1,Rasht,online,-1,0,CARD,2023-06-06,440,50,invalid_quantity
S000086590,2024-03-30,C000907,Maryam,Salehi,maryam.salehi907@example.com,9211787506.0,Mashhad,2020-10-15,P00293,Plus Sneakers 293,Health,336.86,704.05,B011,Central Branch 11,TEHRAN,partner,0,25,online,2025-07-14,80,30,invalid_quantity
S000086831,2024-09-09,C041815,Mina,Akbari,mina.akbari41815@example.com,9493485999.0,TEHRAN,2020-11-02,P00155,Plus Cream 155,Music,,303.31,B033,South Branch 33,isfahan,online,1,25,CARD,2024-12-13,307,10,missing_unit_cost
S000087777,2025-08-16,C007223,Hana,Mohammadi,hana.mohammadi7223@example.com,9126386985.0,tehran,2024-02-01,P00104,Mini Desk 104,Beauty,185.86,,B003,Bazaar Branch 3,Karaj,online,6,0,cash,2023-08-05,149,30,missing_unit_price
S000087827,2023-03-14,C023429,Hana,Hosseini,hana.hosseini23429@example.com,9278773789.0,shiraz,2020-03-13,P00324,Pro Ball 324,Beauty,265.69,392.33,B028,Express Branch 28,isfahan,partner,0,25,online,2025-05-20,112,20,invalid_quantity
S000089064,2025-01-01,C044653,Arman,Karimi,arman.karimi44653@example.com,9189083083.0,tehran,2021-12-31,P00308,Plus Mixer 308,Shoes,387.27,448.11,B014,Bazaar Branch 14,shiraz,mobile,0,20,online,2025-05-23,62,30,invalid_quantity
S000089632,2025-06-28,C008279,Leila,Mohammadi,leila.mohammadi8279@example.com,9330255706.0,Rasht,2022-03-01,P00303,Max Ball 303,Books,,45.56,B027,Express Branch 27,shiraz,store,4,0,card,2023-03-16,297,20,missing_unit_cost
S000089684,2024-11-24,C009247,Ali,Ahmadi,ali.ahmadi9247@example.com,9200906893.0,tehran,2020-06-16,P00021,Classic Notebook 21,Electronics,378.84,644.97,B023,Bazaar Branch 23,Rasht,mobile,-1,5,cash,2024-03-09,44,40,invalid_quantity
S000090054,2023-04-13,C039035,Reza,Salehi,reza.salehi39035@example.com,9538784441.0,shiraz,2020-08-02,P00498,Prime Coffee 498,Travel,36.32,-65.61,B030,Airport Branch 30,Mashhad,mobile,3,10,CARD,2024-12-13,329,30,invalid_unit_price
S000090105,2024-12-10,C046221,Omid,Jafari,omid.jafari46221@example.com,9350307313.0,Tehran,2021-06-09,P00025,Basic Mixer 25,Sports,298.56,749.92,B027,Express Branch 27,shiraz,store,5,120,online,2023-06-06,378,30,invalid_discount_percent
S000090301,2024-05-06,C042216,Hana,Jafari,hana.jafari42216@example.com,9314006075.0,Isfahan,2021-11-22,P00381,Nova Puzzle 381,Electronics,163.77,238.64,B004,Bazaar Branch 4,Rasht,partner,0,0,CARD,2023-05-25,116,30,invalid_quantity
S000090940,2025-03-24,C004418,Leila,Hosseini,leila.hosseini4418@example.com,9566668019.0,Shiraz,2023-12-03,P00327,Mini Shirt 327,Clothing,-294.84,800.35,B019,Bazaar Branch 19,Shiraz,mobile,4,10,Online,2024-02-02,244,40,invalid_unit_cost
S000091028,2025-08-01,C033334,Reza,Moradi,reza.moradi33334@example.com,9269705049.0,Isfahan,2022-01-02,P00139,Prime Mixer 139,Gaming,149.35,,B018,North Branch 18,Tabriz,partner,2,0,card,2023-03-13,346,100,missing_unit_price
S000091538,2024-08-12,C027179,Reza,Rostami,reza.rostami27179@example.com,9186415458.0,Rasht,2021-04-09,P00446,Nova Coffee 446,Toys,315.88,760.78,B037,Bazaar Branch 37,Tehran,online,0,20,cash,2023-01-28,403,40,invalid_quantity
S000092433,2023-10-22,C018401,Neda,Akbari,neda.akbari18401@example.com,9154173654.0,Karaj,2024-06-14,P00114,Prime Shirt 114,Jewelry,,847.84,B010,Central Branch 10,Rasht,mobile,1,25,wallet,2025-10-17,10,75,missing_unit_cost
S000092775,2024-05-26,C012014,Leila,Jafari,leila.jafari12014@example.com,9481841879.0,Qom,2023-04-29,P00026,Pro Ball 26,Toys,354.05,925.27,B039,Mall Branch 39,Shiraz,online,0,15,online,2024-05-09,283,75,invalid_quantity
S000092887,2025-12-05,C006682,Amir,Ahmadi,amir.ahmadi6682@example.com,9831589220.0,Isfahan,2022-06-20,P00096,Classic Headphones 96,Pets,149.76,341.76,B026,Central Branch 26,Mashhad,partner,-1,0,card,2024-09-10,403,50,invalid_quantity
S000093323,2024-05-21,C015771,Hana,Akbari,hana.akbari15771@example.com,9123859482.0,Mashhad,2024-05-02,P00204,Prime Sneakers 204,Beauty,184.44,355.83,B039,Mall Branch 39,Shiraz,online,2,20,online,2025-11-09,353,40,duplicate_sale_id
S000094012,2024-07-17,C042457,Maryam,Moradi,maryam.moradi42457@example.com,9230773846.0,isfahan,2024-02-10,P00311,Pro Sneakers 311,Garden,87.8,245.35,B002,Mall Branch 2,Karaj,partner,0,10,online,2025-01-18,458,40,invalid_quantity
S000094279,2025-05-25,C008407,Sara,Hosseini,sara.hosseini8407@example.com,9485113390.0,Tehran,2021-10-12,P00482,Classic Coffee 482,Home Appliances,63.22,,B037,Bazaar Branch 37,Tehran,online,4,20,CARD,2024-09-20,422,10,missing_unit_price
S000095057,2024-06-15,C037566,Reza,Hosseini,reza.hosseini37566@example.com,9618308837.0,isfahan,2020-06-02,P00428,Smart Headphones 428,Shoes,32.67,-71.02,B003,Bazaar Branch 3,Karaj,online,1,0,wallet,2023-06-16,2,100,invalid_unit_price
S000095234,2023-01-04,C012376,Mina,Hosseini,mina.hosseini12376@example.com,9371142797.0,shiraz,2024-05-27,P00351,Max Notebook 351,Garden,,271.92,B021,Airport Branch 21,tehran,online,1,0,cash,2025-11-04,233,30,missing_unit_cost
S000095249,2024-08-23,C010142,Reza,Rostami,reza.rostami10142@example.com,9472199072.0,Karaj,2021-05-11,P00438,Basic Notebook 438,Travel,332.3,715.77,B037,Bazaar Branch 37,Tehran,online,0,5,wallet,2023-11-25,465,30,invalid_quantity
S000095487,2024-02-15,C045149,Hana,Rostami,hana.rostami45149@example.com,9612017708.0,Shiraz,2022-01-27,P00281,Basic Puzzle 281,Electronics,-55.09,127.69,B027,Express Branch 27,shiraz,store,2,0,online,2023-02-08,471,40,invalid_unit_cost
S000096090,2024-01-21,C029700,Sara,Rahimi,sara.rahimi29700@example.com,9488871304.0,tehran,2022-10-24,P00010,Max Sneakers 10,Office,158.66,261.05,B024,Outlet Branch 24,TEHRAN,store,-3,15,CARD,2024-06-03,475,50,invalid_quantity
S000096112,2024-03-11,C028941,Arman,Mohammadi,arman.mohammadi28941@example.com,9362345738.0,Tabriz,2021-07-19,P00361,Classic Sneakers 361,Electronics,273.95,375.35,B019,Bazaar Branch 19,Shiraz,mobile,6,120,card,2023-04-11,498,30,invalid_discount_percent
S000096486,2025-05-04,C037523,Yasin,Ahmadi,yasin.ahmadi37523@example.com,9838213233.0,isfahan,2024-09-08,P00175,Smart Sneakers 175,Music,258.3,449.81,B003,Bazaar Branch 3,Karaj,online,0,20,cash,2023-09-16,403,40,invalid_quantity
S000097530,2023-05-26,C002037,Amir,Rostami,amir.rostami2037@example.com,9826321952.0,Shiraz,2023-08-19,P00203,Smart Desk 203,Books,140.57,,B026,Central Branch 26,Mashhad,partner,2,0,CARD,2023-02-15,431,100,missing_unit_price
S000097723,2025-09-11,C002974,Mina,Ahmadi,mina.ahmadi2974@example.com,9911034961.0,isfahan,2020-09-14,P00275,Mini Mixer 275,Music,9.96,27.06,B016,North Branch 16,Rasht,online,0,25,CARD,2024-05-10,444,10,invalid_quantity
S000098035,2023-08-12,C045519,Amir,Ahmadi,amir.ahmadi45519@example.com,9519497559.0,Shiraz,2020-08-17,P00462,Basic Sneakers 462,Home Appliances,,11.05,B035,Mall Branch 35,isfahan,mobile,1,0,Online,2023-08-07,151,10,missing_unit_cost
S000098960,2024-04-08,C007748,Yasin,Rostami,yasin.rostami7748@example.com,9459406036.0,TEHRAN,2020-06-11,P00216,Eco Shirt 216,Pets,260.19,440.09,B015,Outlet Branch 15,Isfahan,partner,0,15,card,2025-07-13,106,30,invalid_quantity
S000099293,2023-12-30,C007693,Leila,Karimi,leila.karimi7693@example.com,9132724417.0,Tabriz,2021-01-31,P00482,Classic Coffee 482,Home Appliances,63.22,175.51,B026,Central Branch 26,Mashhad,partner,-2,15,wallet,2024-10-09,296,10,invalid_quantity
S000100034,2023-04-21,C024247,Hana,Jafari,hana.jafari24247@example.com,9505633907.0,isfahan,2024-07-06,P00071,Classic Sneakers 71,Garden,-280.34,477.06,B009,South Branch 9,isfahan,store,2,5,cash,2025-11-26,413,20,invalid_unit_cost
S000100060,2024-03-12,C015391,Maryam,Salehi,maryam.salehi15391@example.com,9538153824.0,Karaj,2020-07-12,P00081,Eco Coffee 81,Electronics,267.58,-643.87,B034,Express Branch 34,isfahan,partner,8,0,CARD,2025-06-06,430,30,invalid_unit_price
S000100197,2025-12-21,C020177,Maryam,Rostami,maryam.rostami20177@example.com,9303236911.0,tehran,2023-09-21,P00078,Smart Cream 78,Travel,7.24,19.81,B023,Bazaar Branch 23,Rasht,mobile,0,20,card,2025-06-01,358,20,invalid_quantity
S000100781,2024-01-24,C007829,Maryam,Jafari,maryam.jafari7829@example.com,9532129489.0,Tehran,2020-11-14,P00469,Prime Desk 469,Grocery,73.29,,B013,Outlet Branch 13,Mashhad,mobile,2,20,card,2025-02-26,11,20,missing_unit_price
S000100836,2024-03-19,C027775,Mina,Salehi,mina.salehi27775@example.com,9856061938.0,Karaj,2024-02-13,P00195,Prime Sneakers 195,Music,,495.46,B022,Outlet Branch 22,Rasht,mobile,2,0,wallet,2024-12-23,68,20,missing_unit_cost
S000101100,2025-02-06,C006524,Neda,Hosseini,neda.hosseini6524@example.com,9131626483.0,Tehran,2024-01-07,P00101,Smart Coffee 101,Electronics,256.43,356.86,B006,North Branch 6,tehran,online,3,20,card,2025-10-22,430,100,duplicate_sale_id
S000101434,2023-02-21,C047041,Mina,Rahimi,mina.rahimi47041@example.com,9722944570.0,TEHRAN,2021-01-14,P00491,Classic Desk 491,Garden,287.98,508.98,B030,Airport Branch 30,Mashhad,mobile,0,0,wallet,2024-12-30,127,10,invalid_quantity
S000102119,2025-02-22,C049621,Sara,Mohammadi,sara.mohammadi49621@example.com,9139864394.0,Karaj,2024-04-29,P00062,Prime Sneakers 62,Home Appliances,358.63,458.16,B019,Bazaar Branch 19,Shiraz,mobile,2,120,cash,2024-04-05,461,10,invalid_discount_percent
S000102496,2023-04-29,C008723,Sara,Jafari,sara.jafari8723@example.com,9254383400.0,Tabriz,2021-04-03,P00433,Prime Notebook 433,Health,187.76,358.31,B032,Central Branch 32,shiraz,partner,-3,25,CARD,2023-12-01,428,75,invalid_quantity
S000102671,2024-07-19,C046263,Maryam,Akbari,maryam.akbari46263@example.com,9745704440.0,shiraz,2020-10-24,P00008,Pro Desk 8,Shoes,240.22,589.41,B031,North Branch 31,Tehran,store,0,10,wallet,2024-10-20,4,30,invalid_quantity
S000103637,2024-09-12,C017261,Omid,Jafari,omid.jafari17261@example.com,9653245131.0,Tabriz,2021-11-20,P00306,Nova Headphones 306,Toys,,180.82,B025,Bazaar Branch 25,Tehran,mobile,1,5,CARD,2023-07-04,57,20,missing_unit_cost
S000103908,2025-02-17,C023182,Omid,Moradi,omid.moradi23182@example.com,9974383742.0,Tabriz,2022-07-31,P00476,Plus Puzzle 476,Pets,358.21,718.34,B005,South Branch 5,TEHRAN,online,0,5,online,2024-11-22,148,20,invalid_quantity
S000104032,2025-09-18,C000979,Reza,Salehi,reza.salehi979@example.com,9959922040.0,Tehran,2021-04-03,P00379,Mini Ball 379,Gaming,125.96,,B023,Bazaar Branch 23,Rasht,mobile,5,0,CARD,2025-05-01,462,50,missing_unit_price
S000104581,2024-05-02,C036697,Neda,Rahimi,neda.rahimi36697@example.com,9859401183.0,Isfahan,2023-10-09,P00131,Pro Shirt 131,Garden,-34.95,77.2,B022,Outlet Branch 22,Rasht,mobile,8,0,CARD,2024-10-04,463,30,invalid_unit_cost
S000105063,2023-01-31,C020304,Leila,Moradi,leila.moradi20304@example.com,9873832590.0,Karaj,2023-05-19,P00160,Nova Coffee 160,Furniture,334.31,-436.72,B010,Central Branch 10,Rasht,mobile,1,0,online,2025-08-24,129,75,invalid_unit_price
S000105145,2024-02-28,C031438,Ali,Moradi,ali.moradi31438@example.com,9453202295.0,tehran,2022-02-03,P00275,Mini Mixer 275,Music,9.96,27.06,B037,Bazaar Branch 37,Tehran,online,0,15,Online,2025-12-16,278,40,invalid_quantity
S000105699,2024-06-24,C025930,Hana,Hosseini,hana.hosseini25930@example.com,9472752422.0,Karaj,2023-10-23,P00371,Mini Desk 371,Garden,5.51,11.67,B026,Central Branch 26,Mashhad,partner,-5,15,online,2024-04-20,235,20,invalid_quantity
S000106382,2023-11-21,C013823,Arman,Ahmadi,arman.ahmadi13823@example.com,9334148978.0,Tabriz,2021-11-07,P00059,Mini Notebook 59,Gaming,81.83,175.96,B004,Bazaar Branch 4,Rasht,partner,0,10,wallet,2025-06-04,257,30,invalid_quantity
S000106438,2024-03-02,C003964,Mina,Rostami,mina.rostami3964@example.com,9130942528.0,Mashhad,2023-05-20,P00003,Smart Desk 3,Books,,415.03,B029,North Branch 29,TEHRAN,mobile,2,15,cash,2025-11-04,237,10,missing_unit_cost
S000107283,2025-12-24,C001330,Ali,Rostami,ali.rostami1330@example.com,9911182636.0,Mashhad,2021-09-05,P00149,Basic Puzzle 149,Grocery,279.64,,B001,Central Branch 1,Rasht,online,4,0,card,2025-09-28,375,40,missing_unit_price
S000107619,2025-05-24,C039723,Amir,Moradi,amir.moradi39723@example.com,9958518625.0,Karaj,2022-11-06,P00297,Nova Puzzle 297,Baby,56.24,100.5,B009,South Branch 9,isfahan,store,0,5,cash,2023-08-06,365,50,invalid_quantity
S000108126,2025-04-24,C046734,Mina,Ahmadi,mina.ahmadi46734@example.com,9561261689.0,Qom,2021-01-15,P00231,Mini Coffee 231,Garden,38.07,103.26,B018,North Branch 18,Tabriz,partner,4,120,card,2025-02-03,481,75,invalid_discount_percent
S000108856,2023-05-01,C002488,Mina,Moradi,mina.moradi2488@example.com,9636691235.0,Qom,2022-07-22,P00458,Nova Cream 458,Travel,243.73,604.02,B006,North Branch 6,tehran,online,0,10,online,2024-07-27,152,50,invalid_quantity
S000108877,2023-10-14,C021287,Mina,Hosseini,mina.hosseini21287@example.com,9286852226.0,Rasht,2022-05-05,P00465,Prime Desk 465,Sports,17.93,41.34,B025,Bazaar Branch 25,Tehran,mobile,1,20,cash,2024-10-24,106,75,duplicate_sale_id
S000108902,2023-02-14,C026735,Omid,Moradi,omid.moradi26735@example.com,9631957558.0,Mashhad,2021-05-25,P00218,Plus Sneakers 218,Travel,224.03,624.54,B002,Mall Branch 2,Karaj,partner,-3,0,wallet,2024-04-19,39,50,invalid_quantity
S000109128,2025-09-15,C044194,Omid,Mohammadi,omid.mohammadi44194@example.com,9354271445.0,Shiraz,2023-10-06,P00458,Nova Cream 458,Travel,-243.73,604.02,B028,Express Branch 28,isfahan,partner,1,10,online,2023-04-21,285,40,invalid_unit_cost
S000109239,2023-06-29,C028482,Mina,Rostami,mina.rostami28482@example.com,9539823981.0,Karaj,2022-10-17,P00057,Classic Ball 57,Baby,,409.52,B010,Central Branch 10,Rasht,mobile,1,10,cash,2024-11-22,283,20,missing_unit_cost
S000110066,2023-12-02,C000911,Neda,Moradi,neda.moradi911@example.com,9844292151.0,tehran,2021-12-18,P00167,Prime Cream 167,Clothing,239.27,-457.81,B028,Express Branch 28,isfahan,partner,3,20,online,2025-12-08,454,30,invalid_unit_price
S000110093,2025-11-27,C031283,Arman,Rostami,arman.rostami31283@example.com,9192323577.0,Tabriz,2022-12-13,P00458,Nova Cream 458,Travel,243.73,604.02,B020,North Branch 20,Shiraz,online,0,0,CARD,2024-03-08,218,50,invalid_quantity
S000110534,2023-11-06,C027808,Hana,Jafari,hana.jafari27808@example.com,9962314722.0,isfahan,2021-05-28,P00075,Mini Shirt 75,Music,268.13,,B002,Mall Branch 2,Karaj,partner,3,0,CARD,2025-04-20,52,20,missing_unit_price
S000111330,2023-12-07,C027055,Omid,Ahmadi,omid.ahmadi27055@example.com,9280161020.0,Karaj,2023-02-14,P00417,Basic Mixer 417,Baby,166.29,246.46,B001,Central Branch 1,Rasht,online,0,25,wallet,2024-12-21,250,20,invalid_quantity
S000112040,2025-02-11,C013087,Amir,Moradi,amir.moradi13087@example.com,9503688222.0,tehran,2021-07-17,P00257,Nova Headphones 257,Baby,,336.65,B001,Central Branch 1,Rasht,online,4,10,Online,2025-09-06,432,75,missing_unit_cost
S000112105,2024-07-22,C023226,Hana,Jafari,hana.jafari23226@example.com,9864882405.0,tehran,2024-03-24,P00037,Basic Ball 37,Baby,125.82,338.81,B019,Bazaar Branch 19,Shiraz,mobile,-4,0,online,2024-06-22,39,20,invalid_quantity
S000112567,2023-11-06,C026404,Mina,Moradi,mina.moradi26404@example.com,9732915875.0,Tehran,2020-03-03,P00423,Basic Coffee 423,Books,277.51,435.42,B035,Mall Branch 35,isfahan,mobile,0,0,Online,2024-06-20,245,50,invalid_quantity
S000113675,2024-12-17,C047105,Omid,Karimi,omid.karimi47105@example.com,9513083077.0,Tehran,2020-04-24,P00156,Nova Shirt 156,Pets,-184.17,381.04,B039,Mall Branch 39,Shiraz,online,3,15,Online,2024-07-20,18,100,invalid_unit_cost
S000113785,2024-10-07,C013113,Neda,Mohammadi,neda.mohammadi13113@example.com,9693582451.0,Rasht,2024-11-04,P00330,Plus Shirt 330,Office,29.9,,B003,Bazaar Branch 3,Karaj,online,5,20,cash,2023-05-04,46,10,missing_unit_price
S000113804,2025-10-14,C018497,Ali,Rahimi,ali.rahimi18497@example.com,9995045212.0,Isfahan,2024-03-17,P00480,Plus Desk 480,Furniture,166.69,265.11,B037,Bazaar Branch 37,Tehran,online,0,0,online,2025-09-25,93,50,invalid_quantity
S000114133,2025-02-03,C039069,Sara,Jafari,sara.jafari39069@example.com,9990841905.0,isfahan,2021-05-17,P00319,Basic Sneakers 319,Gaming,110.8,226.34,B021,Airport Branch 21,tehran,online,2,120,card,2024-08-20,302,10,invalid_discount_percent
S000114841,2025-10-21,C043129,Arman,Hosseini,arman.hosseini43129@example.com,9607215986.0,tehran,2021-05-19,P00382,Prime Shirt 382,Home Appliances,,315.09,B007,Central Branch 7,Qom,partner,5,0,online,2023-07-05,216,40,missing_unit_cost
S000115041,2025-10-08,C032333,Leila,Karimi,leila.karimi32333@example.com,9112195556.0,TEHRAN,2023-10-18,P00252,Smart Coffee 252,Automotive,180.03,388.9,B022,Outlet Branch 22,Rasht,mobile,0,0,CARD,2023-04-08,54,50,invalid_quantity
S000115069,2025-09-25,C009662,Leila,Ahmadi,leila.ahmadi9662@example.com,9960537767.0,Karaj,2021-11-28,P00326,Eco Sneakers 326,Toys,67.56,-99.81,B007,Central Branch 7,Qom,partner,2,5,wallet,2023-08-27,455,10,invalid_unit_price
S000115308,2023-12-12,C039661,Amir,Ahmadi,amir.ahmadi39661@example.com,9285505587.0,isfahan,2021-01-03,P00375,Basic Cream 375,Music,228.29,358.53,B010,Central Branch 10,Rasht,mobile,-3,0,CARD,2024-05-04,387,10,invalid_quantity
S000116278,2025-12-28,C013568,Yasin,Rostami,yasin.rostami13568@example.com,9757747584.0,Karaj,2024-02-16,P00107,Smart Coffee 107,Clothing,286.7,387.25,B009,South Branch 9,isfahan,store,0,5,card,2025-03-23,392,10,invalid_quantity
S000116654,2023-09-21,C022240,Yasin,Karimi,yasin.karimi22240@example.com,9643154203.0,Mashhad,2020-07-19,P00237,Classic Puzzle 237,Baby,143.02,216.44,B021,Airport Branch 21,tehran,online,8,5,wallet,2024-07-15,325,100,duplicate_sale_id
S000117036,2024-05-19,C021333,Neda,Salehi,neda.salehi21333@example.com,9777752163.0,Mashhad,2021-08-17,P00046,Nova Notebook 46,Toys,350.7,,B030,Airport Branch 30,Mashhad,mobile,1,0,CARD,2025-12-25,37,75,missing_unit_price
S000117515,2023-04-20,C006485,Hana,Rostami,hana.rostami6485@example.com,9714267952.0,Tehran,2022-02-03,P00312,Nova Mixer 312,Automotive,76.28,208.66,B036,Express Branch 36,TEHRAN,store,0,5,card,2024-02-12,219,75,invalid_quantity
S000117642,2024-08-10,C034973,Leila,Rahimi,leila.rahimi34973@example.com,9336878620.0,Tehran,2024-07-12,P00437,Mini Notebook 437,Baby,,430.16,B032,Central Branch 32,shiraz,partner,5,5,CARD,2024-02-20,396,100,missing_unit_cost
S000118222,2024-06-25,C002649,Neda,Rahimi,neda.rahimi2649@example.com,9141973293.0,Qom,2020-10-30,P00305,Prime Shirt 305,Sports,-391.21,851.28,B001,Central Branch 1,Rasht,online,1,0,Online,2025-02-27,266,40,invalid_unit_cost
S000118511,2023-02-12,C035845,Ali,Karimi,ali.karimi35845@example.com,9380440676.0,Shiraz,2020-12-09,P00193,Max Mixer 193,Health,263.86,493.43,B032,Central Branch 32,shiraz,partner,-4,15,CARD,2024-06-22,366,100,invalid_quantity
S000118752,2023-11-04,C040786,Omid,Rahimi,omid.rahimi40786@example.com,9254435033.0,TEHRAN,2021-11-09,P00416,Basic Cream 416,Pets,322.42,533.41,B019,Bazaar Branch 19,Shiraz,mobile,0,0,Online,2024-05-05,416,20,invalid_quantity
S000119989,2023-10-24,C041684,Reza,Mohammadi,reza.mohammadi41684@example.com,9405515760.0,Tehran,2022-04-11,P00330,Plus Shirt 330,Office,29.9,63.27,B025,Bazaar Branch 25,Tehran,mobile,0,0,card,2023-07-12,247,50,invalid_quantity
S000120072,2024-04-02,C039270,Omid,Akbari,omid.akbari39270@example.com,9688246244.0,isfahan,2020-08-25,P00155,Plus Cream 155,Music,252.23,-303.31,B026,Central Branch 26,Mashhad,partner,6,15,card,2025-05-10,220,100,invalid_unit_price
S000120140,2023-06-24,C041307,Arman,Mohammadi,arman.mohammadi41307@example.com,9423427560.0,Tabriz,2022-12-15,P00439,Classic Puzzle 439,Gaming,297.94,763.39,B004,Bazaar Branch 4,Rasht,partner,4,120,online,2025-08-22,139,75,invalid_discount_percent
S000120287,2024-09-08,C018065,Neda,Hosseini,neda.hosseini18065@example.com,9754494943.0,Isfahan,2024-06-06,P00439,Classic Puzzle 439,Gaming,297.94,,B001,Central Branch 1,Rasht,online,4,15,wallet,2023-05-19,441,30,missing_unit_price
S000120443,2024-02-07,C042823,Omid,Ahmadi,omid.ahmadi42823@example.com,9797269926.0,tehran,2022-12-05,P00311,Pro Sneakers 311,Garden,,245.35,B015,Outlet Branch 15,Isfahan,partner,1,0,wallet,2023-06-07,333,100,missing_unit_cost
S000121226,2025-06-02,C031794,Amir,Rostami,amir.rostami31794@example.com,9176530226.0,TEHRAN,2023-07-18,P00377,Mini Desk 377,Baby,246.61,686.92,B034,Express Branch 34,isfahan,partner,0,0,card,2025-07-30,95,75,invalid_quantity
S000121714,2025-01-15,C001665,Arman,Hosseini,arman.hosseini1665@example.com,9192756659.0,Karaj,2020-09-23,P00084,Smart Desk 84,Beauty,17.93,30.03,B025,Bazaar Branch 25,Tehran,mobile,-3,20,card,2025-02-04,402,100,invalid_quantity
S000122463,2024-07-10,C013544,Arman,Hosseini,arman.hosseini13544@example.com,9500640996.0,Isfahan,2021-11-19,P00135,Plus Mixer 135,Music,318.36,542.98,B005,South Branch 5,TEHRAN,online,0,10,cash,2025-03-30,13,10,invalid_quantity
S000122769,2023-09-12,C024987,Neda,Rostami,neda.rostami24987@example.com,9996895396.0,tehran,2022-08-02,P00307,Nova Notebook 307,Clothing,-103.14,175.72,B023,Bazaar Branch 23,Rasht,mobile,2,10,wallet,2023-08-22,47,20,invalid_unit_cost
S000123244,2025-05-10,C035247,Sara,Salehi,sara.salehi35247@example.com,9713811985.0,Mashhad,2020-01-22,P00173,Max Sneakers 173,Health,,167.61,B031,North Branch 31,Tehran,store,1,5,online,2024-07-08,422,10,missing_unit_cost
S000123538,2023-12-10,C043779,Sara,Mohammadi,sara.mohammadi43779@example.com,9557354748.0,Tehran,2024-04-05,P00461,Basic Puzzle 461,Electronics,340.36,,B010,Central Branch 10,Rasht,mobile,2,25,Online,2024-04-10,259,75,missing_unit_price
S000123700,2025-02-10,C001044,Mina,Rahimi,mina.rahimi1044@example.com,9598514021.0,Tehran,2020-07-23,P00368,Basic Sneakers 368,Shoes,190.32,413.01,B034,Express Branch 34,isfahan,partner,0,20,wallet,2024-01-26,408,40,invalid_quantity
S000124431,2023-04-21,C011045,Omid,Rostami,omid.rostami11045@example.com,9160105598.0,isfahan,2023-03-26,P00292,Eco Notebook 292,Automotive,98.79,275.22,B034,Express Branch 34,isfahan,partner,2,25,cash,2023-06-30,311,100,duplicate_sale_id
S000124917,2025-05-30,C043048,Reza,Akbari,reza.akbari43048@example.com,9791082111.0,Mashhad,2020-07-31,P00027,Prime Mixer 27,Clothing,183.73,503.78,B007,Central Branch 7,Qom,partner,-5,10,Online,2025-07-10,147,100,invalid_quantity
S000124937,2023-04-16,C004817,Reza,Rostami,reza.rostami4817@example.com,9347826908.0,Tabriz,2022-10-10,P00066,Plus Puzzle 66,Toys,349.69,851.85,B035,Mall Branch 35,isfahan,mobile,0,15,card,2025-02-25,492,40,invalid_quantity
S000125075,2024-07-06,C038967,Reza,Mohammadi,reza.mohammadi38967@example.com,9375883142.0,Karaj,2021-07-11,P00001,Mini Desk 1,Electronics,75.63,-160.11,B006,North Branch 6,tehran,online,4,0,cash,2023-03-31,324,50,invalid_unit_price
S000126045,2024-06-24,C031575,Neda,Rostami,neda.rostami31575@example.com,9390836673.0,Tehran,2021-05-30,P00201,Prime Notebook 201,Electronics,,426.39,B034,Express Branch 34,isfahan,partner,6,20,Online,2023-08-20,429,10,missing_unit_cost
S000126147,2025-10-13,C028476,Yasin,Ahmadi,yasin.ahmadi28476@example.com,9731504062.0,Tabriz,2022-07-02,P00089,Smart Shirt 89,Grocery,47.08,58.83,B024,Outlet Branch 24,TEHRAN,store,2,120,cash,2023-02-14,88,75,invalid_discount_percent
S000126174,2025-06-10,C036318,Hana,Rahimi,hana.rahimi36318@example.com,9513826937.0,Tabriz,2021-06-20,P00056,Classic Puzzle 56,Pets,174.98,448.88,B001,Central Branch 1,Rasht,online,0,0,CARD,2025-12-07,452,40,invalid_quantity
S000126789,2023-08-14,C026678,Neda,Jafari,neda.jafari26678@example.com,9269885407.0,Karaj,2024-01-09,P00048,Eco Mixer 48,Shoes,350.81,,B026,Central Branch 26,Mashhad,partner,3,0,wallet,2025-06-16,392,40,missing_unit_price
S000127316,2023-07-31,C040907,Reza,Salehi,reza.salehi40907@example.com,9467742703.0,isfahan,2021-10-09,P00150,Smart Ball 150,Office,-326.14,480.8,B037,Bazaar Branch 37,Tehran,online,2,15,card,2023-03-02,340,10,invalid_unit_cost
S000127411,2024-01-11,C003497,Mina,Hosseini,mina.hosseini3497@example.com,9575880586.0,Isfahan,2023-07-30,P00209,Max Coffee 209,Grocery,191.87,459.46,B016,North Branch 16,Rasht,online,0,20,wallet,2023-06-04,160,40,invalid_quantity
S000128120,2024-01-26,C038221,Amir,Mohammadi,amir.mohammadi38221@example.com,9858413484.0,Shiraz,2023-07-22,P00492,Eco Sneakers 492,Automotive,247.47,496.34,B016,North Branch 16,Rasht,online,-5,0,card,2023-05-18,213,20,invalid_quantity
S000128648,2024-05-28,C047655,Hana,Rostami,hana.rostami47655@example.com,9168015670.0,Tehran,2021-11-07,P00381,Nova Puzzle 381,Electronics,163.77,238.64,B022,Outlet Branch 22,Rasht,mobile,0,15,Online,2025-11-28,195,50,invalid_quantity
S000128846,2025-01-29,C033474,Hana,Rahimi,hana.rahimi33474@example.com,9272680715.0,Qom,2024-01-08,P00020,Basic Headphones 20,Furniture,,336.67,B004,Bazaar Branch 4,Rasht,partner,4,10,cash,2024-05-21,143,20,missing_unit_cost
S000129885,2025-02-01,C013128,Maryam,Jafari,maryam.jafari13128@example.com,9713510483.0,TEHRAN,2023-09-23,P00448,Plus Notebook 448,Shoes,301.44,406.31,B011,Central Branch 11,TEHRAN,partner,0,0,card,2024-02-01,84,20,invalid_quantity
S000130040,2025-08-11,C040525,Reza,Ahmadi,reza.ahmadi40525@example.com,9614876465.0,Qom,2022-01-25,P00201,Prime Notebook 201,Electronics,162.81,,B010,Central Branch 10,Rasht,mobile,3,20,Online,2025-03-19,350,30,missing_unit_price
S000130078,2025-08-24,C048019,Mina,Salehi,mina.salehi48019@example.com,9265793753.0,shiraz,2021-04-05,P00477,Eco Notebook 477,Baby,324.84,-410.46,B017,Express Branch 17,tehran,online,3,5,Online,2023-04-25,389,100,invalid_unit_price
S000131122,2025-10-27,C022863,Neda,Karimi,neda.karimi22863@example.com,9891085167.0,Tabriz,2020-03-30,P00217,Max Sneakers 217,Baby,105.85,160.48,B034,Express Branch 34,isfahan,partner,0,20,cash,2023-07-23,65,75,invalid_quantity
S000131323,2024-02-12,C025584,Reza,Hosseini,reza.hosseini25584@example.com,9383631085.0,Tehran,2020-11-12,P00217,Max Sneakers 217,Baby,105.85,160.48,B006,North Branch 6,tehran,online,-5,25,Online,2025-04-22,227,75,invalid_quantity
S000131647,2025-08-03,C043200,Leila,Hosseini,leila.hosseini43200@example.com,9289497859.0,Tabriz,2022-09-07,P00007,Prime Coffee 7,Clothing,,318.72,B026,Central Branch 26,Mashhad,partner,1,25,Online,2024-07-11,159,100,missing_unit_cost
S000131863,2024-06-15,C040554,Arman,Rostami,arman.rostami40554@example.com,9758421946.0,isfahan,2024-07-18,P00104,Mini Desk 104,Beauty,-185.86,431.35,B003,Bazaar Branch 3,Karaj,online,6,15,CARD,2023-03-22,110,10,invalid_unit_cost
S000132154,2024-05-09,C040307,Maryam,Moradi,maryam.moradi40307@example.com,9163129826.0,TEHRAN,2021-08-01,P00050,Smart Notebook 50,Office,230.15,636.37,B025,Bazaar Branch 25,Tehran,mobile,1,120,CARD,2024-06-04,449,30,invalid_discount_percent
S000132208,2024-05-09,C037415,Amir,Salehi,amir.salehi37415@example.com,9747224582.0,isfahan,2022-07-02,P00236,Pro Puzzle 236,Pets,157.58,186.29,B009,South Branch 9,isfahan,store,1,10,Online,2025-11-26,428,50,duplicate_sale_id
S000132359,2025-05-27,C000773,Neda,Jafari,neda.jafari773@example.com,9985673417.0,Shiraz,2022-10-10,P00049,Max Notebook 49,Grocery,105.19,180.1,B010,Central Branch 10,Rasht,mobile,0,0,wallet,2025-10-14,184,20,invalid_quantity
S000133291,2024-02-14,C039757,Omid,Karimi,omid.karimi39757@example.com,9613760609.0,TEHRAN,2021-11-01,P00375,Basic Cream 375,Music,228.29,,B036,Express Branch 36,TEHRAN,store,2,0,CARD,2024-10-21,295,10,missing_unit_price
S000133596,2024-04-27,C036438,Mina,Salehi,mina.salehi36438@example.com,9617285058.0,Isfahan,2024-07-10,P00143,Classic Cream 143,Books,280.13,530.49,B012,South Branch 12,Mashhad,online,0,5,Online,2023-11-14,59,75,invalid_quantity
S000134448,2024-10-15,C015534,Yasin,Hosseini,yasin.hosseini15534@example.com,9201883978.0,Mashhad,2020-10-15,P00110,Prime Sneakers 110,Office,,278.01,B030,Airport Branch 30,Mashhad,mobile,2,5,online,2025-12-25,131,75,missing_unit_cost
S000134526,2025-10-17,C020097,Yasin,Jafari,yasin.jafari20097@example.com,9132366631.0,tehran,2021-09-30,P00310,Smart Coffee 310,Office,201.78,331.87,B028,Express Branch 28,isfahan,partner,-4,20,Online,2025-07-27,170,50,invalid_quantity
S000134833,2025-03-04,C001479,Reza,Karimi,reza.karimi1479@example.com,9307511166.0,Shiraz,2020-03-07,P00012,Classic Headphones 12,Automotive,167.7,202.09,B009,South Branch 9,isfahan,store,0,0,CARD,2024-10-07,4,40,invalid_quantity
S000135081,2024-03-21,C029150,Hana,Jafari,hana.jafari29150@example.com,9818096977.0,tehran,2023-11-26,P00229,Nova Coffee 229,Grocery,310.04,-785.58,B010,Central Branch 10,Rasht,mobile,2,25,cash,2023-05-07,274,10,invalid_unit_price
S000136070,2023-10-23,C039217,Mina,Karimi,mina.karimi39217@example.com,9626272834.0,Shiraz,2021-09-10,P00430,Nova Puzzle 430,Office,49.37,56.85,B019,Bazaar Branch 19,Shiraz,mobile,0,0,cash,2024-05-22,334,75,invalid_quantity
S000136410,2023-11-26,C035403,Sara,Salehi,sara.salehi35403@example.com,9575953760.0,Isfahan,2021-07-31,P00382,Prime Shirt 382,Home Appliances,-269.62,315.09,B028,Express Branch 28,isfahan,partner,1,0,card,2024-07-14,100,50,invalid_unit_cost
S000136542,2024-11-15,C031228,Reza,Jafari,reza.jafari31228@example.com,9938226850.0,Karaj,2020-11-09,P00273,Nova Cream 273,Health,112.11,,B009,South Branch 9,isfahan,store,1,25,CARD,2024-05-12,428,40,missing_unit_price
S000137249,2023-02-15,C011944,Leila,Karimi,leila.karimi11944@example.com,9212004824.0,Tehran,2023-02-27,P00137,Plus Shirt 137,Baby,,491.41,B040,Outlet Branch 40,tehran,online,6,5,CARD,2024-11-18,457,100,missing_unit_cost
S000137307,2023-06-11,C038320,Reza,Mohammadi,reza.mohammadi38320@example.com,9232840215.0,Qom,2020-01-01,P00306,Nova Headphones 306,Toys,78.17,180.82,B032,Central Branch 32,shiraz,partner,0,0,Online,2025-08-27,54,20,invalid_quantity
S000137729,2023-09-29,C010795,Neda,Rostami,neda.rostami10795@example.com,9789727196.0,isfahan,2021-12-27,P00006,Nova Puzzle 6,Toys,236.33,478.89,B029,North Branch 29,TEHRAN,mobile,-5,0,card,2023-06-08,201,20,invalid_quantity
S000138161,2025-07-25,C024756,Reza,Ahmadi,reza.ahmadi24756@example.com,9715802534.0,Rasht,2022-04-18,P00103,Nova Ball 103,Books,327.2,674.75,B037,Bazaar Branch 37,Tehran,online,1,120,wallet,2023-09-16,9,10,invalid_discount_percent
S000138544,2023-12-07,C038856,Arman,Karimi,arman.karimi38856@example.com,9653065929.0,Shiraz,2023-06-20,P00119,Max Coffee 119,Gaming,82.15,102.14,B003,Bazaar Branch 3,Karaj,online,0,0,wallet,2023-11-07,479,20,invalid_quantity
S000139781,2025-08-26,C045536,Mina,Rostami,mina.rostami45536@example.com,9740200562.0,Shiraz,2023-08-29,P00196,Basic Sneakers 196,Pets,123.58,287.37,B014,Bazaar Branch 14,shiraz,mobile,0,25,cash,2025-05-15,293,100,invalid_quantity
S000139793,2024-10-09,C009653,Amir,Jafari,amir.jafari9653@example.com,9157134478.0,Qom,2020-07-08,P00453,Basic Sneakers 453,Health,151.96,,B002,Mall Branch 2,Karaj,partner,2,0,wallet,2024-08-29,51,50,missing_unit_price
S000139985,2025-04-11,C031904,Ali,Hosseini,ali.hosseini31904@example.com,9713318371.0,Qom,2023-06-19,P00138,Classic Ball 138,Travel,388.44,982.53,B037,Bazaar Branch 37,Tehran,online,5,5,CARD,2024-10-08,427,50,duplicate_sale_id
S000140050,2023-12-26,C015328,Leila,Jafari,leila.jafari15328@example.com,9448102012.0,Tehran,2024-02-16,P00408,Prime Sneakers 408,Shoes,,51.51,B015,Outlet Branch 15,Isfahan,partner,1,0,online,2024-05-07,121,40,missing_unit_cost
S000140084,2025-12-22,C048426,Leila,Mohammadi,leila.mohammadi48426@example.com,9194310961.0,Qom,2022-08-18,P00179,Pro Puzzle 179,Gaming,78.04,-192.56,B019,Bazaar Branch 19,Shiraz,mobile,5,0,cash,2023-04-26,457,40,invalid_unit_price
S000140932,2024-11-14,C047446,Arman,Akbari,arman.akbari47446@example.com,9744393243.0,TEHRAN,2022-05-30,P00145,Prime Headphones 145,Sports,196.35,266.58,B026,Central Branch 26,Mashhad,partner,-5,0,CARD,2025-11-20,360,50,invalid_quantity
S000140957,2024-10-22,C005503,Arman,Mohammadi,arman.mohammadi5503@example.com,9291343796.0,Karaj,2021-10-13,P00326,Eco Sneakers 326,Toys,-67.56,99.81,B017,Express Branch 17,tehran,online,1,5,card,2023-06-01,4,20,invalid_unit_cost
S000141018,2023-04-17,C016297,Sara,Mohammadi,sara.mohammadi16297@example.com,9929190793.0,Isfahan,2022-01-15,P00351,Max Notebook 351,Garden,191.99,271.92,B038,East Branch 38,Tehran,mobile,0,0,Online,2025-04-04,156,100,invalid_quantity
S000142255,2023-05-21,C013415,Yasin,Moradi,yasin.moradi13415@example.com,9987670650.0,tehran,2021-03-05,P00143,Classic Cream 143,Books,280.13,530.49,B035,Mall Branch 35,isfahan,mobile,0,25,cash,2024-08-03,195,40,invalid_quantity
S000142851,2024-10-09,C033718,Omid,Salehi,omid.salehi33718@example.com,9811051031.0,Tabriz,2022-06-16,P00048,Eco Mixer 48,Shoes,,713.98,B038,East Branch 38,Tehran,mobile,1,0,wallet,2025-04-27,24,100,missing_unit_cost
S000143044,2023-12-10,C046804,Mina,Karimi,mina.karimi46804@example.com,9474971564.0,Tabriz,2021-06-10,P00113,Mini Coffee 113,Health,187.79,,B018,North Branch 18,Tabriz,partner,2,25,online,2025-12-27,245,20,missing_unit_price
S000143492,2025-09-22,C033719,Arman,Salehi,arman.salehi33719@example.com,9742291536.0,shiraz,2021-02-05,P00326,Eco Sneakers 326,Toys,67.56,99.81,B033,South Branch 33,isfahan,online,0,20,card,2023-05-23,182,30,invalid_quantity
S000144135,2024-02-09,C047438,Omid,Salehi,omid.salehi47438@example.com,9513189822.0,Isfahan,2024-09-30,P00229,Nova Coffee 229,Grocery,310.04,785.58,B003,Bazaar Branch 3,Karaj,online,-2,25,online,2024-10-14,208,30,invalid_quantity
S000144168,2025-11-10,C047023,Omid,Rostami,omid.rostami47023@example.com,9196696858.0,Tehran,2022-05-04,P00339,Max Sneakers 339,Gaming,357.41,586.63,B034,Express Branch 34,isfahan,partner,4,120,card,2024-11-14,374,40,invalid_discount_percent
S000144729,2023-01-17,C042348,Ali,Karimi,ali.karimi42348@example.com,9567920724.0,Isfahan,2024-05-31,P00434,Mini Shirt 434,Jewelry,294.45,422.67,B027,Express Branch 27,shiraz,store,0,0,cash,2024-05-14,254,100,invalid_quantity
S000145087,2024-04-06,C015961,Arman,Mohammadi,arman.mohammadi15961@example.com,9868456677.0,Qom,2024-10-17,P00449,Mini Cream 449,Grocery,80.17,-173.91,B026,Central Branch 26,Mashhad,partner,2,10,card,2024-12-11,181,50,invalid_unit_price
S000145504,2024-03-22,C039640,Amir,Rostami,amir.rostami39640@example.com,9267490440.0,TEHRAN,2020-11-21,P00469,Prime Desk 469,Grocery,-73.29,87.48,B024,Outlet Branch 24,TEHRAN,store,4,0,Online,2023-12-13,414,30,invalid_unit_cost
S000145652,2024-08-22,C006306,Sara,Jafari,sara.jafari6306@example.com,9679645463.0,Tehran,2022-05-16,P00423,Basic Coffee 423,Books,,435.42,B016,North Branch 16,Rasht,online,2,20,online,2024-08-25,491,20,missing_unit_cost
S000145966,2024-04-23,C008597,Maryam,Mohammadi,maryam.mohammadi8597@example.com,9199767426.0,Shiraz,2021-05-03,P00009,Smart Sneakers 9,Grocery,111.74,136.39,B026,Central Branch 26,Mashhad,partner,0,20,Online,2023-05-23,309,100,invalid_quantity
S000146295,2025-10-11,C028570,Sara,Hosseini,sara.hosseini28570@example.com,9495480831.0,Karaj,2022-08-28,P00365,Basic Shirt 365,Sports,259.92,,B007,Central Branch 7,Qom,partner,3,0,wallet,2024-10-27,125,75,missing_unit_price
S000147203,2024-01-03,C023915,Reza,Rostami,reza.rostami23915@example.com,9249764169.0,Tehran,2024-09-18,P00315,Basic Puzzle 315,Music,242.26,512.27,B002,Mall Branch 2,Karaj,partner,0,0,cash,2025-07-09,254,20,invalid_quantity
S000147338,2024-09-13,C043230,Yasin,Karimi,yasin.karimi43230@example.com,9640064963.0,Tabriz,2023-10-02,P00500,Nova Headphones 500,Furniture,126.81,193.21,B034,Express Branch 34,isfahan,partner,-3,15,Online,2024-08-24,444,10,invalid_quantity
S000147762,2025-08-05,C037247,Arman,Salehi,arman.salehi37247@example.com,9295532958.0,Mashhad,2021-12-19,P00374,Max Headphones 374,Jewelry,34.93,62.7,B015,Outlet Branch 15,Isfahan,partner,1,20,card,2024-10-16,44,20,duplicate_sale_id
S000148440,2023-06-19,C041214,Yasin,Ahmadi,yasin.ahmadi41214@example.com,9304534036.0,Tehran,2021-05-31,P00239,Plus Cream 239,Gaming,283.27,706.9,B002,Mall Branch 2,Karaj,partner,0,20,card,2024-04-27,438,100,invalid_quantity
S000148453,2023-08-01,C001938,Omid,Akbari,omid.akbari1938@example.com,9568294151.0,isfahan,2023-08-17,P00106,Eco Headphones 106,Toys,,376.97,B011,Central Branch 11,TEHRAN,partner,8,0,online,2023-12-07,1,50,missing_unit_cost
S000149546,2023-12-08,C049112,Maryam,Rahimi,maryam.rahimi49112@example.com,9421029435.0,Qom,2022-01-17,P00360,Max Ball 360,Furniture,81.88,,B006,North Branch 6,tehran,online,6,20,online,2025-06-30,223,30,missing_unit_price
S000149677,2023-10-01,C029335,Neda,Moradi,neda.moradi29335@example.com,9907044228.0,Mashhad,2020-02-25,P00193,Max Mixer 193,Health,263.86,493.43,B037,Bazaar Branch 37,Tehran,online,0,25,wallet,2023-05-01,5,50,invalid_quantity
S000150051,2024-02-19,C026394,Amir,Mohammadi,amir.mohammadi26394@example.com,9746754828.0,Isfahan,2023-12-08,P00282,Pro Ball 282,Home Appliances,-148.9,364.51,B033,South Branch 33,isfahan,online,2,25,wallet,2023-12-03,405,30,invalid_unit_cost
S000150090,2023-12-28,C006372,Ali,Hosseini,ali.hosseini6372@example.com,9608801224.0,Qom,2022-01-16,P00253,Classic Notebook 253,Health,79.31,-220.23,B018,North Branch 18,Tabriz,partner,1,0,online,2023-02-20,62,100,invalid_unit_price
S000150175,2023-05-20,C029011,Mina,Mohammadi,mina.mohammadi29011@example.com,9794638678.0,Shiraz,2021-05-04,P00319,Basic Sneakers 319,Gaming,110.8,226.34,B028,Express Branch 28,isfahan,partner,10,120,Online,2025-06-18,276,75,invalid_discount_percent
S000150541,2023-10-02,C008138,Arman,Salehi,arman.salehi8138@example.com,9140739923.0,tehran,2020-03-31,P00275,Mini Mixer 275,Music,9.96,27.06,B035,Mall Branch 35,isfahan,mobile,-4,20,Online,2024-04-16,469,40,invalid_quantity
S000150914,2023-11-23,C038666,Amir,Karimi,amir.karimi38666@example.com,9773368438.0,TEHRAN,2022-07-13,P00312,Nova Mixer 312,Automotive,76.28,208.66,B004,Bazaar Branch 4,Rasht,partner,0,0,CARD,2025-01-10,320,75,invalid_quantity
S000151254,2025-03-12,C029654,Arman,Salehi,arman.salehi29654@example.com,9764729702.0,TEHRAN,2021-02-10,P00297,Nova Puzzle 297,Baby,,100.5,B039,Mall Branch 39,Shiraz,online,3,5,wallet,2024-06-29,304,20,missing_unit_cost
S000152151,2023-03-28,C003435,Maryam,Salehi,maryam.salehi3435@example.com,9576368989.0,Shiraz,2024-06-19,P00286,Plus Desk 286,Toys,31.38,72.28,B039,Mall Branch 39,Shiraz,online,0,15,Online,2024-08-24,13,100,invalid_quantity
S000152797,2025-04-06,C035275,Amir,Moradi,amir.moradi35275@example.com,9578564655.0,Qom,2021-06-28,P00181,Nova Puzzle 181,Electronics,388.81,,B021,Airport Branch 21,tehran,online,4,25,Online,2024-05-26,31,50,missing_unit_price
S000153388,2023-04-23,C045217,Yasin,Ahmadi,yasin.ahmadi45217@example.com,9109261305.0,Mashhad,2024-04-06,P00457,Plus Sneakers 457,Baby,51.47,111.57,B034,Express Branch 34,isfahan,partner,0,0,card,2023-06-21,285,30,invalid_quantity
S000153744,2023-11-06,C023857,Omid,Mohammadi,omid.mohammadi23857@example.com,9986200164.0,Qom,2024-09-24,P00213,Basic Sneakers 213,Health,312.76,515.89,B025,Bazaar Branch 25,Tehran,mobile,-4,20,online,2025-07-19,92,50,invalid_quantity
S000154055,2025-01-25,C036617,Sara,Mohammadi,sara.mohammadi36617@example.com,9109719088.0,isfahan,2020-10-17,P00446,Nova Coffee 446,Toys,,760.78,B018,North Branch 18,Tabriz,partner,8,20,card,2023-03-13,160,20,missing_unit_cost
S000154598,2025-05-12,C014946,Maryam,Moradi,maryam.moradi14946@example.com,9472079275.0,TEHRAN,2020-09-01,P00401,Classic Puzzle 401,Electronics,-154.81,387.8,B033,South Branch 33,isfahan,online,3,25,card,2023-01-01,459,75,invalid_unit_cost
S000154625,2023-04-15,C037149,Neda,Rostami,neda.rostami37149@example.com,9765088973.0,Isfahan,2024-01-19,P00120,Pro Cream 120,Furniture,105.07,128.77,B009,South Branch 9,isfahan,store,0,10,CARD,2023-11-07,446,10,invalid_quantity
S000155093,2024-03-06,C012434,Amir,Mohammadi,amir.mohammadi12434@example.com,9543618266.0,Mashhad,2022-05-19,P00468,Basic Headphones 468,Shoes,365.42,-841.75,B006,North Branch 6,tehran,online,1,5,CARD,2024-11-25,450,50,invalid_unit_price
S000155539,2023-03-12,C001930,Yasin,Jafari,yasin.jafari1930@example.com,9707862900.0,Rasht,2023-07-07,P00209,Max Coffee 209,Grocery,191.87,459.46,B006,North Branch 6,tehran,online,2,0,CARD,2025-12-17,280,75,duplicate_sale_id
S000155862,2025-02-16,C012414,Neda,Akbari,neda.akbari12414@example.com,9826047270.0,TEHRAN,2021-10-22,P00441,Basic Desk 441,Electronics,185.32,482.87,B002,Mall Branch 2,Karaj,partner,0,0,CARD,2024-05-15,317,100,invalid_quantity
S000156048,2024-09-28,C024178,Reza,Rahimi,reza.rahimi24178@example.com,9977362402.0,TEHRAN,2022-09-15,P00150,Smart Ball 150,Office,326.14,,B013,Outlet Branch 13,Mashhad,mobile,2,25,Online,2025-12-22,165,100,missing_unit_price
S000156182,2024-12-13,C000852,Amir,Rostami,amir.rostami852@example.com,9392010397.0,Shiraz,2020-06-01,P00195,Prime Sneakers 195,Music,201.28,495.46,B022,Outlet Branch 22,Rasht,mobile,8,120,online,2025-01-03,106,50,invalid_discount_percent
S000156856,2023-02-05,C030804,Yasin,Salehi,yasin.salehi30804@example.com,9312874380.0,Qom,2022-06-09,P00337,Nova Sneakers 337,Baby,,458.7,B030,Airport Branch 30,Mashhad,mobile,1,0,Online,2023-07-01,453,100,missing_unit_cost
S000156947,2024-01-06,C034220,Arman,Rostami,arman.rostami34220@example.com,9477905209.0,Isfahan,2022-01-27,P00466,Classic Mixer 466,Toys,194.76,453.54,B016,North Branch 16,Rasht,online,-1,25,online,2023-01-11,374,100,invalid_quantity
S000157099,2025-05-28,C001395,Maryam,Karimi,maryam.karimi1395@example.com,9699602642.0,Rasht,2023-02-17,P00461,Basic Puzzle 461,Electronics,340.36,576.15,B018,North Branch 18,Tabriz,partner,0,0,card,2025-03-22,174,100,invalid_quantity
S000158336,2023-03-05,C007537,Yasin,Jafari,yasin.jafari7537@example.com,9404276135.0,Isfahan,2021-03-05,P00115,Prime Desk 115,Music,25.03,62.93,B014,Bazaar Branch 14,shiraz,mobile,0,0,card,2025-03-08,377,40,invalid_quantity
S000159145,2025-10-27,C027852,Neda,Hosseini,neda.hosseini27852@example.com,9553284457.0,shiraz,2020-01-24,P00215,Mini Puzzle 215,Music,-73.52,87.63,B003,Bazaar Branch 3,Karaj,online,4,15,CARD,2024-03-26,139,50,invalid_unit_cost
S000159299,2023-08-11,C021226,Amir,Akbari,amir.akbari21226@example.com,9371979709.0,Isfahan,2023-04-21,P00201,Prime Notebook 201,Electronics,162.81,,B006,North Branch 6,tehran,online,3,15,CARD,2023-05-06,133,50,missing_unit_price
S000159573,2023-10-22,C024969,Maryam,Akbari,maryam.akbari24969@example.com,9531748249.0,Tabriz,2023-06-18,P00490,Classic Sneakers 490,Office,201.05,322.63,B023,Bazaar Branch 23,Rasht,mobile,0,0,card,2024-02-02,265,50,invalid_quantity
S000159657,2025-10-15,C003122,Hana,Ahmadi,hana.ahmadi3122@example.com,9751870820.0,Mashhad,2023-09-12,P00153,Plus Puzzle 153,Health,,590.34,B034,Express Branch 34,isfahan,partner,6,15,Online,2023-12-23,171,75,missing_unit_cost
S000160096,2023-05-25,C019341,Sara,Jafari,sara.jafari19341@example.com,9479835343.0,Tehran,2022-06-02,P00477,Eco Notebook 477,Baby,324.84,-410.46,B015,Outlet Branch 15,Isfahan,partner,3,25,card,2025-11-22,473,75,invalid_unit_price
S000160150,2024-04-15,C020068,Reza,Salehi,reza.salehi20068@example.com,9380858975.0,TEHRAN,2023-01-01,P00406,Nova Headphones 406,Toys,307.89,791.41,B010,Central Branch 10,Rasht,mobile,-5,10,card,2024-12-12,399,100,invalid_quantity
S000160810,2024-06-03,C018810,Sara,Akbari,sara.akbari18810@example.com,9339554165.0,Shiraz,2024-06-04,P00472,Pro Desk 472,Automotive,74.87,99.86,B029,North Branch 29,TEHRAN,mobile,0,5,CARD,2025-05-17,461,10,invalid_quantity
S000162047,2024-05-17,C038552,Yasin,Ahmadi,yasin.ahmadi38552@example.com,9337777437.0,Rasht,2024-11-19,P00258,Basic Headphones 258,Travel,339.57,654.66,B019,Bazaar Branch 19,Shiraz,mobile,0,0,online,2024-12-31,43,100,invalid_quantity
S000162189,2025-12-03,C026741,Reza,Mohammadi,reza.mohammadi26741@example.com,9418772414.0,shiraz,2020-03-19,P00465,Prime Desk 465,Sports,17.93,41.34,B039,Mall Branch 39,Shiraz,online,3,120,cash,2025-11-26,82,50,invalid_discount_percent
S000162458,2023-06-18,C033812,Neda,Jafari,neda.jafari33812@example.com,9110455738.0,isfahan,2024-07-09,P00232,Max Headphones 232,Automotive,,119.85,B005,South Branch 5,TEHRAN,online,6,0,online,2024-07-28,238,20,missing_unit_cost
S000162550,2025-11-27,C034616,Amir,Akbari,amir.akbari34616@example.com,9205132939.0,isfahan,2021-10-31,P00464,Classic Coffee 464,Beauty,251.12,,B009,South Branch 9,isfahan,store,2,0,online,2025-04-30,236,100,missing_unit_price
S000163284,2025-07-03,C031327,Amir,Akbari,amir.akbari31327@example.com,9817437914.0,Tabriz,2022-05-03,P00441,Basic Desk 441,Electronics,185.32,482.87,B040,Outlet Branch 40,tehran,online,0,5,Online,2024-10-03,219,50,invalid_quantity
S000163316,2025-01-28,C034044,Hana,Rahimi,hana.rahimi34044@example.com,9759367842.0,Shiraz,2020-03-25,P00462,Basic Sneakers 462,Home Appliances,8.73,11.05,B018,North Branch 18,Tabriz,partner,3,10,wallet,2024-01-17,477,75,duplicate_sale_id
S000163353,2023-12-28,C000500,Neda,Mohammadi,neda.mohammadi500@example.com,9751396498.0,TEHRAN,2021-10-02,P00003,Smart Desk 3,Books,148.82,415.03,B040,Outlet Branch 40,tehran,online,-2,5,card,2023-06-09,45,75,invalid_quantity
S000163692,2024-01-31,C048999,Hana,Mohammadi,hana.mohammadi48999@example.com,9312329054.0,tehran,2024-01-02,P00107,Smart Coffee 107,Clothing,-286.7,387.25,B037,Bazaar Branch 37,Tehran,online,3,15,Online,2025-11-19,147,75,invalid_unit_cost
S000164521,2024-10-31,C003264,Maryam,Jafari,maryam.jafari3264@example.com,9454506806.0,Karaj,2024-04-30,P00281,Basic Puzzle 281,Electronics,55.09,127.69,B027,Express Branch 27,shiraz,store,0,0,Online,2024-03-17,261,10,invalid_quantity
S000165099,2024-10-11,C040567,Neda,Mohammadi,neda.mohammadi40567@example.com,9159568415.0,isfahan,2023-10-17,P00382,Prime Shirt 382,Home Appliances,269.62,-315.09,B001,Central Branch 1,Rasht,online,4,15,wallet,2023-11-11,428,75,invalid_unit_price
S000165259,2023-07-12,C023044,Yasin,Salehi,yasin.salehi23044@example.com,9628168505.0,Shiraz,2021-06-23,P00364,Prime Headphones 364,Beauty,,368.18,B004,Bazaar Branch 4,Rasht,partner,5,0,Online,2023-11-30,483,50,missing_unit_cost
S000165758,2025-10-14,C036859,Neda,Akbari,neda.akbari36859@example.com,9186741794.0,shiraz,2022-12-09,P00046,Nova Notebook 46,Toys,350.7,730.29,B020,North Branch 20,Shiraz,online,0,0,CARD,2025-04-16,0,100,invalid_quantity
S000165801,2023-04-06,C012299,Sara,Moradi,sara.moradi12299@example.com,9286601259.0,isfahan,2024-10-24,P00081,Eco Coffee 81,Electronics,267.58,,B010,Central Branch 10,Rasht,mobile,1,5,wallet,2023-11-17,188,20,missing_unit_price
S000166556,2024-04-28,C009313,Maryam,Salehi,maryam.salehi9313@example.com,9452077712.0,tehran,2022-03-13,P00086,Plus Cream 86,Toys,326.49,808.57,B008,West Branch 8,Isfahan,store,-2,0,CARD,2025-07-14,108,40,invalid_quantity
S000166995,2023-01-08,C008312,Maryam,Akbari,maryam.akbari8312@example.com,9649749145.0,TEHRAN,2023-09-03,P00104,Mini Desk 104,Beauty,185.86,431.35,B004,Bazaar Branch 4,Rasht,partner,0,0,online,2023-06-18,158,30,invalid_quantity
S000168060,2023-06-27,C029484,Hana,Akbari,hana.akbari29484@example.com,9537120550.0,tehran,2024-05-14,P00184,Basic Sneakers 184,Beauty,,278.47,B024,Outlet Branch 24,TEHRAN,store,1,15,card,2024-06-12,263,20,missing_unit_cost
S000168196,2023-08-14,C024629,Yasin,Rostami,yasin.rostami24629@example.com,9209586973.0,Shiraz,2023-07-30,P00330,Plus Shirt 330,Office,29.9,63.27,B006,North Branch 6,tehran,online,3,120,online,2023-08-22,187,50,invalid_discount_percent
S000168232,2024-05-27,C035882,Maryam,Moradi,maryam.moradi35882@example.com,9843768843.0,tehran,2021-04-14,P00201,Prime Notebook 201,Electronics,162.81,426.39,B032,Central Branch 32,shiraz,partner,0,0,CARD,2025-12-14,196,10,invalid_quantity
S000168239,2023-08-27,C012262,Neda,Rostami,neda.rostami12262@example.com,9733628082.0,Karaj,2023-01-05,P00124,Plus Coffee 124,Beauty,-200.91,367.89,B026,Central Branch 26,Mashhad,partner,8,10,CARD,2025-06-16,87,75,invalid_unit_cost
S000169052,2024-11-10,C035086,Mina,Moradi,mina.moradi35086@example.com,9728077750.0,TEHRAN,2020-05-24,P00026,Pro Ball 26,Toys,354.05,,B034,Express Branch 34,isfahan,partner,2,25,online,2024-12-26,279,100,missing_unit_price
S000169469,2024-07-17,C025548,Neda,Jafari,neda.jafari25548@example.com,9218053585.0,Shiraz,2022-12-02,P00344,Pro Mixer 344,Beauty,216.3,340.99,B025,Bazaar Branch 25,Tehran,mobile,0,15,CARD,2025-06-04,180,75,invalid_quantity
S000169759,2023-05-27,C006039,Mina,Rostami,mina.rostami6039@example.com,9670756740.0,Qom,2024-03-21,P00431,Smart Coffee 431,Garden,220.23,444.28,B034,Express Branch 34,isfahan,partner,-4,0,cash,2024-02-13,471,75,invalid_quantity
S000170102,2023-04-07,C036381,Arman,Hosseini,arman.hosseini36381@example.com,9583334482.0,Isfahan,2020-01-25,P00314,Classic Puzzle 314,Jewelry,375.06,-447.37,B014,Bazaar Branch 14,shiraz,mobile,4,5,wallet,2023-07-14,181,75,invalid_unit_price
S000170706,2023-08-22,C007050,Arman,Jafari,arman.jafari7050@example.com,9521893929.0,shiraz,2021-01-11,P00243,Smart Desk 243,Books,137.29,377.72,B027,Express Branch 27,shiraz,store,0,5,CARD,2025-09-20,34,20,invalid_quantity
S000170861,2025-12-10,C030194,Neda,Rostami,neda.rostami30194@example.com,9854932145.0,shiraz,2024-05-04,P00074,Classic Sneakers 74,Jewelry,,302.63,B040,Outlet Branch 40,tehran,online,1,15,cash,2023-07-19,311,50,missing_unit_cost
S000171093,2024-01-22,C008429,Amir,Mohammadi,amir.mohammadi8429@example.com,9843175867.0,shiraz,2023-09-15,P00473,Prime Cream 473,Health,292.84,379.75,B037,Bazaar Branch 37,Tehran,online,1,10,online,2025-03-10,450,50,duplicate_sale_id
S000171943,2025-07-08,C047599,Arman,Rahimi,arman.rahimi47599@example.com,9502469495.0,TEHRAN,2022-05-20,P00267,Eco Notebook 267,Clothing,260.43,311.3,B039,Mall Branch 39,Shiraz,online,0,15,online,2024-04-05,33,30,invalid_quantity
S000172303,2023-08-13,C037749,Leila,Karimi,leila.karimi37749@example.com,9138983325.0,shiraz,2023-08-03,P00315,Basic Puzzle 315,Music,242.26,,B011,Central Branch 11,TEHRAN,partner,2,5,card,2023-09-18,404,75,missing_unit_price
S000172786,2025-10-02,C001467,Arman,Akbari,arman.akbari1467@example.com,9245226262.0,isfahan,2024-04-26,P00338,Pro Puzzle 338,Travel,-237.05,369.95,B020,North Branch 20,Shiraz,online,5,10,online,2023-03-01,143,30,invalid_unit_cost
S000172962,2025-06-04,C045829,Reza,Mohammadi,reza.mohammadi45829@example.com,9528353958.0,Tehran,2020-09-22,P00461,Basic Puzzle 461,Electronics,340.36,576.15,B037,Bazaar Branch 37,Tehran,online,-3,0,CARD,2023-05-14,423,30,invalid_quantity
S000173180,2024-07-15,C038004,Ali,Moradi,ali.moradi38004@example.com,9247360417.0,shiraz,2023-10-31,P00365,Basic Shirt 365,Sports,259.92,432.66,B012,South Branch 12,Mashhad,online,0,5,wallet,2025-03-01,189,50,invalid_quantity
S000173662,2023-12-13,C011898,Neda,Salehi,neda.salehi11898@example.com,9901198159.0,Rasht,2020-09-03,P00367,Smart Headphones 367,Clothing,,425.74,B013,Outlet Branch 13,Mashhad,mobile,10,15,card,2025-05-06,228,30,missing_unit_cost
S000174203,2024-01-11,C011255,Neda,Jafari,neda.jafari11255@example.com,9935761695.0,Tabriz,2020-09-10,P00279,Mini Shirt 279,Gaming,295.19,674.12,B027,Express Branch 27,shiraz,store,1,120,CARD,2023-09-21,51,20,invalid_discount_percent
S000174417,2024-02-21,C029978,Maryam,Rahimi,maryam.rahimi29978@example.com,9573998271.0,TEHRAN,2021-03-25,P00328,Classic Sneakers 328,Shoes,211.53,335.25,B006,North Branch 6,tehran,online,0,0,Online,2024-12-06,238,40,invalid_quantity
S000175105,2024-04-15,C033791,Leila,Ahmadi,leila.ahmadi33791@example.com,9283360165.0,Qom,2021-08-11,P00363,Plus Ball 363,Books,113.88,-239.16,B036,Express Branch 36,TEHRAN,store,3,0,card,2024-11-26,55,20,invalid_unit_price
S000175554,2024-05-01,C013662,Neda,Jafari,neda.jafari13662@example.com,9622523836.0,shiraz,2020-12-02,P00312,Nova Mixer 312,Automotive,76.28,,B006,North Branch 6,tehran,online,6,10,online,2024-04-14,231,75,missing_unit_price
S000175654,2023-05-30,C003250,Omid,Moradi,omid.moradi3250@example.com,9454525036.0,Rasht,2024-01-14,P00006,Nova Puzzle 6,Toys,236.33,478.89,B008,West Branch 8,Isfahan,store,0,0,cash,2023-05-29,342,10,invalid_quantity
S000176165,2025-04-29,C046704,Sara,Karimi,sara.karimi46704@example.com,9723121691.0,shiraz,2023-07-18,P00020,Basic Headphones 20,Furniture,188.14,336.67,B013,Outlet Branch 13,Mashhad,mobile,-1,10,online,2023-07-18,450,30,invalid_quantity
S000176463,2025-11-21,C024417,Mina,Rostami,mina.rostami24417@example.com,9920775032.0,Karaj,2023-03-01,P00091,Prime Notebook 91,Garden,,169.69,B017,Express Branch 17,tehran,online,5,0,CARD,2025-04-26,298,75,missing_unit_cost
S000176891,2024-05-10,C017288,Mina,Hosseini,mina.hosseini17288@example.com,9684188933.0,Isfahan,2023-06-28,P00109,Max Headphones 109,Grocery,112.97,246.33,B003,Bazaar Branch 3,Karaj,online,0,0,online,2024-12-10,52,10,invalid_quantity
S000177333,2023-05-12,C031613,Hana,Ahmadi,hana.ahmadi31613@example.com,9732776534.0,shiraz,2022-01-27,P00182,Eco Cream 182,Home Appliances,-349.26,822.32,B024,Outlet Branch 24,TEHRAN,store,1,10,card,2023-01-22,365,75,invalid_unit_cost
S000178128,2023-06-07,C006107,Arman,Ahmadi,arman.ahmadi6107@example.com,9642954188.0,Tabriz,2022-06-09,P00260,Pro Puzzle 260,Furniture,232.98,402.89,B007,Central Branch 7,Qom,partner,0,15,wallet,2025-05-23,330,50,invalid_quantity
S000178805,2024-04-13,C014171,Ali,Hosseini,ali.hosseini14171@example.com,9473637756.0,isfahan,2024-09-28,P00307,Nova Notebook 307,Clothing,103.14,,B026,Central Branch 26,Mashhad,partner,2,15,cash,2025-09-06,82,30,missing_unit_price
S000178870,2023-08-16,C043803,Reza,Jafari,reza.jafari43803@example.com,9724732135.0,Karaj,2022-09-02,P00143,Classic Cream 143,Books,280.13,530.49,B014,Bazaar Branch 14,shiraz,mobile,1,5,wallet,2025-03-03,154,30,duplicate_sale_id
S000179264,2025-11-24,C032845,Arman,Moradi,arman.moradi32845@example.com,9924631249.0,Rasht,2024-10-22,P00279,Mini Shirt 279,Gaming,,674.12,B008,West Branch 8,Isfahan,store,1,5,cash,2024-10-22,431,50,missing_unit_cost
S000179365,2024-06-12,C046468,Hana,Rahimi,hana.rahimi46468@example.com,9290477577.0,Karaj,2023-10-28,P00499,Pro Coffee 499,Gaming,373.77,660.87,B010,Central Branch 10,Rasht,mobile,0,10,cash,2024-04-21,408,75,invalid_quantity
S000179368,2025-10-10,C039184,Sara,Hosseini,sara.hosseini39184@example.com,9449658421.0,Karaj,2024-09-15,P00419,Prime Cream 419,Gaming,154.82,206.51,B040,Outlet Branch 40,tehran,online,-4,0,CARD,2025-05-26,404,50,invalid_quantity
S000180108,2024-09-03,C015759,Neda,Hosseini,neda.hosseini15759@example.com,9143069055.0,tehran,2020-03-23,P00249,Max Sneakers 249,Grocery,309.04,-808.45,B021,Airport Branch 21,tehran,online,4,0,card,2025-11-02,368,20,invalid_unit_price
S000180210,2023-04-20,C028850,Hana,Mohammadi,hana.mohammadi28850@example.com,9508889587.0,tehran,2021-03-27,P00107,Smart Coffee 107,Clothing,286.7,387.25,B035,Mall Branch 35,isfahan,mobile,1,120,Online,2023-07-22,5,20,invalid_discount_percent
S000180602,2023-11-05,C001243,Yasin,Jafari,yasin.jafari1243@example.com,9194640346.0,tehran,2021-06-22,P00310,Smart Coffee 310,Office,201.78,331.87,B034,Express Branch 34,isfahan,partner,0,0,card,2023-12-19,147,75,invalid_quantity
S000181839,2025-05-25,C019717,Amir,Ahmadi,amir.ahmadi19717@example.com,9535768984.0,Isfahan,2024-04-12,P00019,Pro Coffee 19,Gaming,77.76,112.44,B012,South Branch 12,Mashhad,online,0,25,CARD,2023-12-24,361,40,invalid_quantity
S000181880,2023-06-01,C036563,Neda,Mohammadi,neda.mohammadi36563@example.com,9912313386.0,isfahan,2021-05-10,P00425,Pro Mixer 425,Sports,-136.16,346.38,B039,Mall Branch 39,Shiraz,online,1,20,Online,2023-03-16,404,20,invalid_unit_cost
S000182056,2025-12-18,C019384,Ali,Salehi,ali.salehi19384@example.com,9698407295.0,Karaj,2021-04-06,P00007,Prime Coffee 7,Clothing,118.64,,B018,North Branch 18,Tabriz,partner,4,25,wallet,2023-10-23,266,75,missing_unit_price
S000182065,2025-02-19,C014209,Ali,Jafari,ali.jafari14209@example.com,9710197181.0,Rasht,2021-03-30,P00477,Eco Notebook 477,Baby,,410.46,B007,Central Branch 7,Qom,partner,1,0,online,2025-12-15,30,40,missing_unit_cost
S000182571,2023-12-25,C040085,Amir,Jafari,amir.jafari40085@example.com,9800783309.0,shiraz,2024-05-25,P00096,Classic Headphones 96,Pets,149.76,341.76,B006,North Branch 6,tehran,online,-3,5,wallet,2024-10-26,419,30,invalid_quantity
S000183076,2023-08-20,C018141,Yasin,Rahimi,yasin.rahimi18141@example.com,9963183877.0,shiraz,2023-12-15,P00404,Mini Notebook 404,Beauty,396.01,526.46,B039,Mall Branch 39,Shiraz,online,0,20,online,2025-03-14,84,50,invalid_quantity
S000184313,2023-10-06,C040830,Leila,Ahmadi,leila.ahmadi40830@example.com,9108778325.0,Qom,2022-09-13,P00046,Nova Notebook 46,Toys,350.7,730.29,B009,South Branch 9,isfahan,store,0,0,cash,2025-04-01,122,30,invalid_quantity
S000184866,2023-07-17,C018923,Omid,Karimi,omid.karimi18923@example.com,9505851394.0,Mashhad,2022-07-19,P00249,Max Sneakers 249,Grocery,,808.45,B024,Outlet Branch 24,TEHRAN,store,3,25,cash,2023-03-26,264,10,missing_unit_cost
S000185111,2024-06-02,C004162,Reza,Karimi,reza.karimi4162@example.com,9673010207.0,TEHRAN,2021-05-18,P00371,Mini Desk 371,Garden,5.51,-11.67,B026,Central Branch 26,Mashhad,partner,1,0,CARD,2024-07-22,339,30,invalid_unit_price
S000185307,2025-01-10,C032003,Maryam,Karimi,maryam.karimi32003@example.com,9840668607.0,Karaj,2020-12-05,P00474,Max Mixer 474,Jewelry,62.67,,B023,Bazaar Branch 23,Rasht,mobile,5,5,CARD,2023-01-04,382,20,missing_unit_price
S000185550,2023-04-04,C047900,Mina,Mohammadi,mina.mohammadi47900@example.com,9233062035.0,Qom,2024-04-13,P00180,Plus Coffee 180,Furniture,366.97,527.06,B036,Express Branch 36,TEHRAN,store,0,15,wallet,2023-06-01,13,30,invalid_quantity
S000185774,2023-01-12,C015757,Reza,Ahmadi,reza.ahmadi15757@example.com,9781154408.0,Rasht,2023-12-01,P00484,Classic Mixer 484,Beauty,335.8,844.89,B019,Bazaar Branch 19,Shiraz,mobile,-2,0,card,2025-05-12,186,75,invalid_quantity
S000186217,2023-08-13,C016543,Leila,Akbari,leila.akbari16543@example.com,9756036510.0,isfahan,2020-06-28,P00219,Plus Desk 219,Gaming,200.27,370.32,B004,Bazaar Branch 4,Rasht,partner,2,120,online,2024-01-20,61,10,invalid_discount_percent
S000186427,2024-01-23,C039177,Maryam,Mohammadi,maryam.mohammadi39177@example.com,9101616175.0,Mashhad,2024-10-13,P00110,Prime Sneakers 110,Office,-158.2,278.01,B014,Bazaar Branch 14,shiraz,mobile,1,5,wallet,2024-11-22,4,75,invalid_unit_cost
S000186647,2023-01-18,C049940,Omid,Mohammadi,omid.mohammadi49940@example.com,9125656374.0,TEHRAN,2021-12-08,P00303,Max Ball 303,Books,21.36,45.56,B038,East Branch 38,Tehran,mobile,4,0,Online,2024-07-13,117,75,duplicate_sale_id
S000186787,2023-12-27,C020126,Leila,Moradi,leila.moradi20126@example.com,9231800379.0,Tehran,2024-02-08,P00411,Max Desk 411,Garden,25.89,56.32,B009,South Branch 9,isfahan,store,0,20,online,2025-04-16,232,20,invalid_quantity
S000187667,2023-08-03,C029838,Hana,Jafari,hana.jafari29838@example.com,9857664965.0,TEHRAN,2022-08-08,P00049,Max Notebook 49,Grocery,,180.1,B037,Bazaar Branch 37,Tehran,online,3,10,online,2023-01-23,338,75,missing_unit_cost
S000188024,2023-06-28,C016176,Leila,Mohammadi,leila.mohammadi16176@example.com,9322953063.0,shiraz,2022-10-20,P00195,Prime Sneakers 195,Music,201.28,495.46,B017,Express Branch 17,tehran,online,0,0,online,2023-01-03,117,10,invalid_quantity
S000188558,2025-03-21,C019772,Omid,Salehi,omid.salehi19772@example.com,9241904989.0,Rasht,2024-04-30,P00207,Basic Headphones 207,Clothing,326.51,,B040,Outlet Branch 40,tehran,online,1,20,Online,2024-08-09,333,20,missing_unit_price
S000188977,2023-02-02,C026230,Ali,Jafari,ali.jafari26230@example.com,9432970461.0,Mashhad,2024-08-13,P00138,Classic Ball 138,Travel,388.44,982.53,B023,Bazaar Branch 23,Rasht,mobile,-2,20,wallet,2023-03-19,128,40,invalid_quantity
S000189261,2023-10-08,C041559,Reza,Salehi,reza.salehi41559@example.com,9387747341.0,TEHRAN,2023-03-29,P00123,Pro Mixer 123,Books,125.88,338.14,B037,Bazaar Branch 37,Tehran,online,0,0,CARD,2023-09-14,90,30,invalid_quantity
S000190114,2024-05-03,C021419,Mina,Rostami,mina.rostami21419@example.com,9147051547.0,Qom,2023-09-15,P00306,Nova Headphones 306,Toys,78.17,-180.82,B008,West Branch 8,Isfahan,store,5,5,cash,2023-02-23,170,20,invalid_unit_price
S000190468,2024-11-29,C035789,Omid,Rostami,omid.rostami35789@example.com,9792827969.0,Qom,2023-02-19,P00351,Max Notebook 351,Garden,,271.92,B022,Outlet Branch 22,Rasht,mobile,5,20,CARD,2023-03-30,293,30,missing_unit_cost
S000190498,2025-12-04,C046476,Neda,Ahmadi,neda.ahmadi46476@example.com,9783060703.0,Mashhad,2021-07-25,P00421,Classic Sneakers 421,Electronics,195.9,330.92,B032,Central Branch 32,shiraz,partner,0,15,online,2024-04-11,434,50,invalid_quantity
S000190974,2023-05-12,C020063,Amir,Hosseini,amir.hosseini20063@example.com,9551964677.0,shiraz,2024-03-03,P00318,Pro Ball 318,Travel,-67.66,99.48,B037,Bazaar Branch 37,Tehran,online,1,0,online,2023-08-09,164,30,invalid_unit_cost
S000191735,2023-01-07,C007771,Hana,Rahimi,hana.rahimi7771@example.com,9568037536.0,Qom,2023-11-22,P00352,Nova Desk 352,Automotive,256.47,527.87,B040,Outlet Branch 40,tehran,online,0,10,wallet,2023-06-21,240,75,invalid_quantity
S000191809,2023-02-17,C028426,Amir,Moradi,amir.moradi28426@example.com,9953508522.0,shiraz,2023-07-04,P00293,Plus Sneakers 293,Health,336.86,,B004,Bazaar Branch 4,Rasht,partner,5,5,card,2025-08-08,374,30,missing_unit_price
S000192180,2023-01-09,C006904,Amir,Mohammadi,amir.mohammadi6904@example.com,9279551855.0,Isfahan,2020-12-25,P00364,Prime Headphones 364,Beauty,132.49,368.18,B024,Outlet Branch 24,TEHRAN,store,-4,20,wallet,2025-11-19,395,40,invalid_quantity
S000192224,2025-11-18,C024981,Sara,Moradi,sara.moradi24981@example.com,9414620849.0,Tabriz,2020-11-07,P00490,Classic Sneakers 490,Office,201.05,322.63,B030,Airport Branch 30,Mashhad,mobile,2,120,cash,2024-11-16,213,30,invalid_discount_percent
S000192972,2024-09-05,C047694,Hana,Hosseini,hana.hosseini47694@example.com,9299528689.0,Karaj,2023-10-16,P00030,Basic Puzzle 30,Office,146.01,240.91,B001,Central Branch 1,Rasht,online,0,0,Online,2025-08-06,304,30,invalid_quantity
S000193269,2023-01-22,C048698,Reza,Karimi,reza.karimi48698@example.com,9157383489.0,Mashhad,2022-09-17,P00010,Max Sneakers 10,Office,,261.05,B006,North Branch 6,tehran,online,4,10,wallet,2023-02-17,383,75,missing_unit_cost
S000194209,2024-04-18,C009405,Amir,Jafari,amir.jafari9405@example.com,9807586230.0,Mashhad,2020-08-28,P00079,Mini Mixer 79,Gaming,10.52,15.21,B015,Outlet Branch 15,Isfahan,partner,0,5,cash,2025-01-30,498,75,invalid_quantity
S000194424,2024-06-06,C001638,Mina,Rahimi,mina.rahimi1638@example.com,9115250362.0,Rasht,2020-08-16,P00157,Smart Puzzle 157,Baby,225.98,442.33,B031,North Branch 31,Tehran,store,2,20,card,2024-05-31,385,30,duplicate_sale_id
S000195060,2023-12-26,C024325,Reza,Salehi,reza.salehi24325@example.com,9386316467.0,isfahan,2022-01-23,P00348,Basic Mixer 348,Shoes,134.84,,B040,Outlet Branch 40,tehran,online,1,5,card,2024-03-19,62,30,missing_unit_price
S000195117,2024-08-08,C042933,Mina,Mohammadi,mina.mohammadi42933@example.com,9153082904.0,Mashhad,2022-05-03,P00314,Classic Puzzle 314,Jewelry,375.06,-447.37,B025,Bazaar Branch 25,Tehran,mobile,3,0,cash,2024-06-29,218,20,invalid_unit_price
S000195383,2025-08-11,C014784,Ali,Rahimi,ali.rahimi14784@example.com,9598567258.0,Shiraz,2021-12-31,P00342,Pro Coffee 342,Home Appliances,189.24,448.09,B029,North Branch 29,TEHRAN,mobile,-5,15,wallet,2023-06-23,252,40,invalid_quantity
S000195446,2024-12-10,C032916,Yasin,Ahmadi,yasin.ahmadi32916@example.com,9680740416.0,Shiraz,2022-02-11,P00198,Smart Puzzle 198,Travel,345.04,899.9,B010,Central Branch 10,Rasht,mobile,0,15,cash,2023-07-30,89,10,invalid_quantity
S000195521,2023-12-09,C049613,Hana,Rahimi,hana.rahimi49613@example.com,9890350652.0,Tehran,2023-02-14,P00197,Nova Puzzle 197,Baby,-174.84,249.41,B033,South Branch 33,isfahan,online,1,0,cash,2025-01-18,278,40,invalid_unit_cost
S000196070,2025-12-21,C020900,Hana,Ahmadi,hana.ahmadi20900@example.com,9105382376.0,TEHRAN,2020-12-28,P00159,Max Notebook 159,Gaming,,468.39,B019,Bazaar Branch 19,Shiraz,mobile,3,15,online,2025-06-27,378,100,missing_unit_cost
S000196683,2023-01-14,C038661,Mina,Rostami,mina.rostami38661@example.com,9449580062.0,TEHRAN,2021-12-13,P00149,Basic Puzzle 149,Grocery,279.64,403.61,B019,Bazaar Branch 19,Shiraz,mobile,0,25,wallet,2025-12-10,316,30,invalid_quantity
S000197920,2023-11-06,C042164,Omid,Mohammadi,omid.mohammadi42164@example.com,9441853132.0,Shiraz,2024-04-13,P00081,Eco Coffee 81,Electronics,267.58,643.87,B015,Outlet Branch 15,Isfahan,partner,0,5,Online,2024-02-27,356,50,invalid_quantity
S000198231,2025-01-19,C034447,Reza,Hosseini,reza.hosseini34447@example.com,9670021233.0,Mashhad,2021-05-26,P00092,Eco Notebook 92,Automotive,132.73,337.15,B018,North Branch 18,Tabriz,partner,4,120,wallet,2024-12-27,168,100,invalid_discount_percent
S000198311,2024-05-14,C026366,Ali,Moradi,ali.moradi26366@example.com,9829438693.0,Mashhad,2022-08-17,P00081,Eco Coffee 81,Electronics,267.58,,B009,South Branch 9,isfahan,store,2,25,online,2024-04-04,248,50,missing_unit_price
S000198586,2025-05-20,C048693,Sara,Akbari,sara.akbari48693@example.com,9118492981.0,Mashhad,2020-01-08,P00456,Pro Desk 456,Pets,341.2,753.86,B002,Mall Branch 2,Karaj,partner,-2,5,card,2023-02-14,7,100,invalid_quantity
S000198871,2025-05-03,C049222,Ali,Rostami,ali.rostami49222@example.com,9549683029.0,Rasht,2020-10-21,P00174,Plus Puzzle 174,Jewelry,,69.75,B009,South Branch 9,isfahan,store,1,15,cash,2025-03-30,184,40,missing_unit_cost
S000199157,2024-01-18,C038909,Omid,Rostami,omid.rostami38909@example.com,9618770305.0,Shiraz,2024-01-19,P00131,Pro Shirt 131,Garden,34.95,77.2,B029,North Branch 29,TEHRAN,mobile,0,10,wallet,2025-05-16,446,40,invalid_quantity
S000200068,2025-11-16,C035975,Arman,Moradi,arman.moradi35975@example.com,9535634281.0,shiraz,2023-11-18,P00320,Pro Puzzle 320,Furniture,-224.03,267.37,B033,South Branch 33,isfahan,online,5,25,CARD,2025-12-06,394,40,invalid_unit_cost
S000200120,2025-06-10,C004078,Maryam,Mohammadi,maryam.mohammadi4078@example.com,9341959177.0,shiraz,2022-04-12,P00149,Basic Puzzle 149,Grocery,279.64,-403.61,B020,North Branch 20,Shiraz,online,1,5,wallet,2023-05-23,352,100,invalid_unit_price
S000200394,2023-05-23,C035819,Yasin,Moradi,yasin.moradi35819@example.com,9135913677.0,Mashhad,2022-09-22,P00122,Max Shirt 122,Home Appliances,171.69,431.29,B018,North Branch 18,Tabriz,partner,0,25,online,2024-10-14,327,40,invalid_quantity
S000201562,2024-09-07,C037492,Leila,Hosseini,leila.hosseini37492@example.com,9279653842.0,Isfahan,2024-07-05,P00103,Nova Ball 103,Books,327.2,,B005,South Branch 5,TEHRAN,online,1,0,online,2024-09-04,320,75,missing_unit_price
S000201631,2023-06-02,C007771,Hana,Rahimi,hana.rahimi7771@example.com,9568037536.0,Qom,2023-11-22,P00450,Smart Headphones 450,Office,72.78,172.51,B024,Outlet Branch 24,TEHRAN,store,0,0,cash,2023-11-26,454,75,invalid_quantity
S000201672,2023-08-05,C034692,Reza,Rostami,reza.rostami34692@example.com,9213194293.0,tehran,2023-09-25,P00048,Eco Mixer 48,Shoes,,713.98,B030,Airport Branch 30,Mashhad,mobile,10,0,Online,2023-03-21,451,100,missing_unit_cost
S000201789,2023-12-24,C014795,Arman,Moradi,arman.moradi14795@example.com,9222894225.0,isfahan,2021-08-18,P00124,Plus Coffee 124,Beauty,200.91,367.89,B039,Mall Branch 39,Shiraz,online,-5,10,CARD,2024-12-17,468,10,invalid_quantity
S000202201,2024-10-30,C035113,Reza,Ahmadi,reza.ahmadi35113@example.com,9582271765.0,Isfahan,2024-04-20,P00419,Prime Cream 419,Gaming,154.82,206.51,B003,Bazaar Branch 3,Karaj,online,2,0,wallet,2024-04-07,147,100,duplicate_sale_id
S000202868,2024-10-23,C009416,Mina,Mohammadi,mina.mohammadi9416@example.com,9481872416.0,Karaj,2021-11-19,P00207,Basic Headphones 207,Clothing,326.51,909.62,B014,Bazaar Branch 14,shiraz,mobile,0,0,cash,2023-06-28,127,75,invalid_quantity
S000204105,2025-04-13,C046258,Hana,Karimi,hana.karimi46258@example.com,9312817400.0,Mashhad,2020-06-07,P00311,Pro Sneakers 311,Garden,87.8,245.35,B018,North Branch 18,Tabriz,partner,0,0,cash,2025-05-20,117,40,invalid_quantity
S000204238,2024-02-05,C034749,Reza,Rahimi,reza.rahimi34749@example.com,9429960974.0,shiraz,2020-11-20,P00314,Classic Puzzle 314,Jewelry,375.06,447.37,B029,North Branch 29,TEHRAN,mobile,2,120,card,2024-06-07,225,20,invalid_discount_percent
S000204473,2024-02-19,C004687,Maryam,Rahimi,maryam.rahimi4687@example.com,9985688820.0,shiraz,2021-04-04,P00180,Plus Coffee 180,Furniture,,527.06,B011,Central Branch 11,TEHRAN,partner,2,15,Online,2023-04-11,19,40,missing_unit_cost
S000204615,2023-02-03,C014111,Mina,Moradi,mina.moradi14111@example.com,9301419917.0,shiraz,2023-02-28,P00331,Classic Coffee 331,Garden,-24.75,35.69,B029,North Branch 29,TEHRAN,mobile,2,5,CARD,2023-04-11,226,100,invalid_unit_cost
S000204813,2025-01-25,C043583,Neda,Ahmadi,neda.ahmadi43583@example.com,9930714086.0,Qom,2022-09-30,P00253,Classic Notebook 253,Health,79.31,,B026,Central Branch 26,Mashhad,partner,6,25,wallet,2025-02-04,462,20,missing_unit_price
S000204992,2023-02-13,C000334,Ali,Salehi,ali.salehi334@example.com,9702998820.0,Tabriz,2021-11-06,P00213,Basic Sneakers 213,Health,312.76,515.89,B024,Outlet Branch 24,TEHRAN,store,-3,20,Online,2023-02-10,42,50,invalid_quantity
S000205123,2024-12-01,C011133,Sara,Moradi,sara.moradi11133@example.com,9238180646.0,isfahan,2022-11-09,P00126,Plus Puzzle 126,Toys,213.24,-527.92,B022,Outlet Branch 22,Rasht,mobile,1,20,CARD,2024-07-01,100,30,invalid_unit_price
S000205342,2025-07-06,C021522,Hana,Akbari,hana.akbari21522@example.com,9626101431.0,Tabriz,2023-10-28,P00279,Mini Shirt 279,Gaming,295.19,674.12,B033,South Branch 33,isfahan,online,0,25,card,2024-12-05,199,40,invalid_quantity
S000206579,2025-02-24,C041865,Maryam,Moradi,maryam.moradi41865@example.com,9867193510.0,Karaj,2024-04-13,P00476,Plus Puzzle 476,Pets,358.21,718.34,B016,North Branch 16,Rasht,online,0,5,card,2025-11-11,302,10,invalid_quantity
S000207274,2023-10-07,C017387,Arman,Moradi,arman.moradi17387@example.com,9196879190.0,Mashhad,2022-09-27,P00029,Smart Ball 29,Grocery,,224.66,B011,Central Branch 11,TEHRAN,partner,1,25,online,2023-09-24,131,30,missing_unit_cost
S000207816,2025-05-10,C002191,Yasin,Akbari,yasin.akbari2191@example.com,9402055699.0,Tehran,2020-11-26,P00135,Plus Mixer 135,Music,318.36,542.98,B040,Outlet Branch 40,tehran,online,0,20,cash,2025-12-26,49,75,invalid_quantity
S000208064,2025-05-27,C046805,Omid,Moradi,omid.moradi46805@example.com,9404433993.0,tehran,2024-02-09,P00302,Nova Shirt 302,Home Appliances,179.53,,B010,Central Branch 10,Rasht,mobile,2,10,card,2025-04-30,152,10,missing_unit_price
S000208195,2024-08-04,C016330,Sara,Moradi,sara.moradi16330@example.com,9484268327.0,Qom,2024-09-29,P00331,Classic Coffee 331,Garden,24.75,35.69,B015,Outlet Branch 15,Isfahan,partner,-2,0,online,2025-12-24,387,100,invalid_quantity
S000209053,2024-12-03,C049141,Maryam,Hosseini,maryam.hosseini49141@example.com,9316882343.0,Qom,2022-06-12,P00074,Classic Sneakers 74,Jewelry,157.44,302.63,B006,North Branch 6,tehran,online,0,0,wallet,2025-10-13,385,10,invalid_quantity
S000209162,2025-05-24,C032212,Yasin,Hosseini,yasin.hosseini32212@example.com,9859506523.0,isfahan,2024-06-30,P00078,Smart Cream 78,Travel,-7.24,19.81,B026,Central Branch 26,Mashhad,partner,1,0,card,2024-04-12,247,100,invalid_unit_cost
S000209978,2024-07-18,C020709,Amir,Mohammadi,amir.mohammadi20709@example.com,9769476084.0,Shiraz,2023-06-29,P00262,Pro Ball 262,Home Appliances,241.76,348.55,B039,Mall Branch 39,Shiraz,online,8,25,Online,2023-02-24,5,30,duplicate_sale_id
S000210075,2024-12-04,C013998,Ali,Rostami,ali.rostami13998@example.com,9687540552.0,Mashhad,2020-12-22,P00318,Pro Ball 318,Travel,,99.48,B027,Express Branch 27,shiraz,store,2,25,cash,2024-02-10,369,10,missing_unit_cost
S000210126,2024-11-04,C046151,Hana,Salehi,hana.salehi46151@example.com,9400064744.0,Tehran,2023-01-26,P00386,Basic Desk 386,Toys,359.72,-470.14,B001,Central Branch 1,Rasht,online,2,10,card,2023-06-15,465,40,invalid_unit_price
S000210245,2025-09-30,C046976,Yasin,Salehi,yasin.salehi46976@example.com,9211579383.0,isfahan,2022-11-07,P00036,Eco Desk 36,Pets,374.23,991.73,B021,Airport Branch 21,tehran,online,1,120,Online,2023-07-20,252,75,invalid_discount_percent
S000210290,2024-03-17,C010738,Yasin,Karimi,yasin.karimi10738@example.com,9488158326.0,Tabriz,2022-06-18,P00025,Basic Mixer 25,Sports,298.56,749.92,B032,Central Branch 32,shiraz,partner,0,0,card,2024-12-06,191,75,invalid_quantity
S000211315,2023-11-04,C027788,Maryam,Rahimi,maryam.rahimi27788@example.com,9613412614.0,shiraz,2023-02-10,P00115,Prime Desk 115,Music,25.03,,B018,North Branch 18,Tabriz,partner,2,0,CARD,2025-11-13,176,20,missing_unit_price
S000211398,2025-09-19,C022407,Sara,Rostami,sara.rostami22407@example.com,9616902382.0,Shiraz,2024-05-22,P00496,Basic Sneakers 496,Pets,175.81,360.45,B007,Central Branch 7,Qom,partner,-3,5,wallet,2023-04-18,214,10,invalid_quantity
S000211527,2024-08-03,C049709,Maryam,Ahmadi,maryam.ahmadi49709@example.com,9514725280.0,shiraz,2023-02-27,P00254,Max Desk 254,Jewelry,239.84,534.85,B038,East Branch 38,Tehran,mobile,0,10,wallet,2024-11-08,417,20,invalid_quantity
S000212764,2024-07-17,C044557,Sara,Hosseini,sara.hosseini44557@example.com,9962077449.0,Rasht,2020-05-07,P00335,Prime Shirt 335,Music,134.04,309.67,B037,Bazaar Branch 37,Tehran,online,0,10,Online,2025-04-20,493,100,invalid_quantity
S000212876,2024-03-05,C038423,Mina,Salehi,mina.salehi38423@example.com,9220236201.0,isfahan,2021-08-12,P00121,Classic Puzzle 121,Electronics,,442.77,B038,East Branch 38,Tehran,mobile,2,25,Online,2024-04-17,217,75,missing_unit_cost
S000213709,2023-09-16,C046020,Sara,Salehi,sara.salehi46020@example.com,9553175278.0,TEHRAN,2021-02-27,P00128,Mini Coffee 128,Shoes,-136.7,209.32,B003,Bazaar Branch 3,Karaj,online,5,25,wallet,2023-01-10,84,10,invalid_unit_cost
S000214001,2025-04-18,C037530,Arman,Karimi,arman.karimi37530@example.com,9508312324.0,Mashhad,2020-03-03,P00378,Max Ball 378,Travel,84.0,122.48,B022,Outlet Branch 22,Rasht,mobile,0,0,wallet,2025-05-20,324,75,invalid_quantity
S000214566,2025-03-17,C012274,Reza,Salehi,reza.salehi12274@example.com,9707498779.0,Qom,2024-02-11,P00276,Mini Headphones 276,Pets,20.34,,B039,Mall Branch 39,Shiraz,online,3,0,Online,2023-05-31,209,30,missing_unit_price
S000214601,2023-03-27,C033752,Yasin,Rahimi,yasin.rahimi33752@example.com,9951690920.0,Qom,2023-03-02,P00215,Mini Puzzle 215,Music,73.52,87.63,B009,South Branch 9,isfahan,store,-1,0,Online,2023-06-09,470,40,invalid_quantity
S000215129,2023-04-17,C021447,Neda,Rostami,neda.rostami21447@example.com,9669658097.0,Rasht,2022-10-24,P00350,Plus Notebook 350,Office,165.98,-197.33,B008,West Branch 8,Isfahan,store,2,5,online,2025-06-27,135,10,invalid_unit_price
S000215238,2025-10-15,C003628,Arman,Salehi,arman.salehi3628@example.com,9737786456.0,tehran,2020-05-01,P00144,Prime Mixer 144,Beauty,344.65,540.96,B028,Express Branch 28,isfahan,partner,0,10,wallet,2023-06-21,88,50,invalid_quantity
S000215677,2024-10-10,C036497,Yasin,Rostami,yasin.rostami36497@example.com,9612107852.0,Shiraz,2021-12-10,P00389,Smart Desk 389,Grocery,,754.12,B024,Outlet Branch 24,TEHRAN,store,3,10,card,2024-01-04,497,50,missing_unit_cost
S000216252,2025-09-06,C017499,Mina,Salehi,mina.salehi17499@example.com,9795247474.0,Tehran,2022-01-15,P00314,Classic Puzzle 314,Jewelry,375.06,447.37,B001,Central Branch 1,Rasht,online,3,120,online,2023-01-14,430,10,invalid_discount_percent
S000216475,2024-05-13,C026065,Arman,Karimi,arman.karimi26065@example.com,9263476646.0,Rasht,2024-11-26,P00042,Max Mixer 42,Home Appliances,384.92,609.82,B031,North Branch 31,Tehran,store,0,20,card,2023-09-12,242,100,invalid_quantity
S000217712,2025-09-14,C046853,Yasin,Akbari,yasin.akbari46853@example.com,9586728909.0,Qom,2020-06-05,P00078,Smart Cream 78,Travel,7.24,19.81,B021,Airport Branch 21,tehran,online,0,10,Online,2025-06-24,12,100,invalid_quantity
S000217755,2024-09-06,C035372,Reza,Hosseini,reza.hosseini35372@example.com,9560600629.0,Tabriz,2023-09-23,P00445,Nova Desk 445,Sports,306.96,389.09,B030,Airport Branch 30,Mashhad,mobile,2,25,wallet,2023-06-19,308,30,duplicate_sale_id
S000217804,2023-10-11,C017048,Mina,Ahmadi,mina.ahmadi17048@example.com,9542867969.0,Tehran,2020-11-08,P00030,Basic Puzzle 30,Office,146.01,240.91,B003,Bazaar Branch 3,Karaj,online,-2,20,wallet,2024-04-30,159,50,invalid_quantity
S000217817,2024-11-18,C025363,Leila,Akbari,leila.akbari25363@example.com,9992480419.0,Karaj,2024-11-24,P00053,Max Ball 53,Health,288.74,,B011,Central Branch 11,TEHRAN,partner,8,25,Online,2025-01-14,437,50,missing_unit_price
S000218256,2025-05-09,C002797,Reza,Rostami,reza.rostami2797@example.com,9559973407.0,Isfahan,2020-12-28,P00485,Classic Desk 485,Sports,-77.9,130.26,B013,Outlet Branch 13,Mashhad,mobile,3,20,CARD,2023-03-28,39,100,invalid_unit_cost
S000218478,2025-09-29,C030011,Yasin,Moradi,yasin.moradi30011@example.com,9151503282.0,Isfahan,2023-04-11,P00445,Nova Desk 445,Sports,,389.09,B036,Express Branch 36,TEHRAN,store,4,25,cash,2024-04-25,310,40,missing_unit_cost
S000218949,2024-07-09,C006322,Mina,Salehi,mina.salehi6322@example.com,9584632494.0,isfahan,2024-08-12,P00404,Mini Notebook 404,Beauty,396.01,526.46,B021,Airport Branch 21,tehran,online,0,15,Online,2023-08-08,63,20,invalid_quantity
S000220132,2024-05-10,C041723,Leila,Mohammadi,leila.mohammadi41723@example.com,9936033668.0,Rasht,2023-10-02,P00103,Nova Ball 103,Books,327.2,-674.75,B027,Express Branch 27,shiraz,store,1,0,online,2025-04-17,259,10,invalid_unit_price
S000220186,2024-07-09,C041787,Yasin,Hosseini,yasin.hosseini41787@example.com,9899349248.0,Shiraz,2021-04-24,P00014,Max Sneakers 14,Jewelry,272.13,661.16,B035,Mall Branch 35,isfahan,mobile,0,0,wallet,2025-07-10,277,40,invalid_quantity
S000221007,2025-03-11,C020296,Ali,Moradi,ali.moradi20296@example.com,9447858113.0,Isfahan,2022-01-27,P00027,Prime Mixer 27,Clothing,183.73,503.78,B011,Central Branch 11,TEHRAN,partner,-1,5,cash,2024-10-14,402,75,invalid_quantity
S000221068,2025-04-16,C045541,Mina,Moradi,mina.moradi45541@example.com,9925606767.0,shiraz,2022-11-04,P00070,Classic Sneakers 70,Office,333.81,,B031,North Branch 31,Tehran,store,4,20,CARD,2023-06-23,367,50,missing_unit_price
S000221279,2023-04-13,C017004,Amir,Rahimi,amir.rahimi17004@example.com,9825581500.0,Tabriz,2023-12-01,P00350,Plus Notebook 350,Office,,197.33,B026,Central Branch 26,Mashhad,partner,3,0,cash,2023-12-06,500,50,missing_unit_cost
S000221423,2025-12-15,C032916,Yasin,Ahmadi,yasin.ahmadi32916@example.com,9680740416.0,Shiraz,2022-02-11,P00316,Basic Shirt 316,Pets,202.33,497.7,B036,Express Branch 36,TEHRAN,store,0,25,card,2025-05-16,484,50,invalid_quantity
S000222259,2023-03-05,C043125,Omid,Moradi,omid.moradi43125@example.com,9751792971.0,isfahan,2023-10-04,P00307,Nova Notebook 307,Clothing,103.14,175.72,B035,Mall Branch 35,isfahan,mobile,2,120,Online,2024-10-21,420,100,invalid_discount_percent
S000222660,2024-09-30,C006382,Sara,Rostami,sara.rostami6382@example.com,9475392878.0,Tehran,2021-04-07,P00061,Mini Sneakers 61,Electronics,249.12,360.36,B037,Bazaar Branch 37,Tehran,online,0,0,online,2023-03-07,460,10,invalid_quantity
S000222803,2024-09-12,C039972,Mina,Akbari,mina.akbari39972@example.com,9962120820.0,Qom,2023-10-17,P00118,Classic Notebook 118,Travel,-123.09,220.66,B019,Bazaar Branch 19,Shiraz,mobile,2,5,CARD,2025-12-11,199,30,invalid_unit_cost
S000223897,2024-06-26,C031869,Omid,Akbari,omid.akbari31869@example.com,9230747734.0,tehran,2023-03-30,P00215,Mini Puzzle 215,Music,73.52,87.63,B021,Airport Branch 21,tehran,online,0,0,wallet,2023-03-07,31,40,invalid_quantity
S000224080,2023-04-13,C001313,Maryam,Rahimi,maryam.rahimi1313@example.com,9898730065.0,Rasht,2024-03-15,P00052,Smart Coffee 52,Automotive,,285.16,B019,Bazaar Branch 19,Shiraz,mobile,5,10,card,2023-04-15,416,10,missing_unit_cost
S000224210,2023-02-28,C046900,Reza,Moradi,reza.moradi46900@example.com,9211134397.0,TEHRAN,2020-06-18,P00069,Eco Ball 69,Grocery,41.97,62.04,B017,Express Branch 17,tehran,online,-1,10,Online,2024-02-27,372,10,invalid_quantity
S000224319,2025-03-13,C024699,Arman,Jafari,arman.jafari24699@example.com,9166211804.0,Karaj,2021-06-24,P00212,Smart Puzzle 212,Automotive,203.94,,B008,West Branch 8,Isfahan,store,4,0,CARD,2025-04-12,366,100,missing_unit_price
S000225134,2024-06-09,C040716,Amir,Rahimi,amir.rahimi40716@example.com,9767318813.0,tehran,2022-05-28,P00060,Basic Puzzle 60,Furniture,59.7,144.88,B039,Mall Branch 39,Shiraz,online,0,15,CARD,2023-06-07,200,75,invalid_quantity
S000225135,2025-10-21,C016627,Maryam,Salehi,maryam.salehi16627@example.com,9300693215.0,Mashhad,2023-08-09,P00246,Smart Shirt 246,Toys,392.4,-1056.94,B040,Outlet Branch 40,tehran,online,2,25,card,2024-04-12,222,30,invalid_unit_price
S000225532,2025-08-22,C007165,Neda,Karimi,neda.karimi7165@example.com,9236562916.0,tehran,2023-04-01,P00245,Pro Shirt 245,Sports,346.68,922.26,B026,Central Branch 26,Mashhad,partner,6,0,online,2023-05-26,164,30,duplicate_sale_id
S000226371,2025-12-23,C034393,Hana,Karimi,hana.karimi34393@example.com,9724960011.0,Mashhad,2023-07-21,P00145,Prime Headphones 145,Sports,196.35,266.58,B034,Express Branch 34,isfahan,partner,0,20,wallet,2023-10-09,244,50,invalid_quantity
S000226881,2024-10-21,C019362,Neda,Ahmadi,neda.ahmadi19362@example.com,9820966593.0,Mashhad,2024-11-12,P00311,Pro Sneakers 311,Garden,,245.35,B031,North Branch 31,Tehran,store,1,5,CARD,2025-09-07,314,10,missing_unit_cost
S000227350,2023-05-02,C026254,Neda,Ahmadi,neda.ahmadi26254@example.com,9357372385.0,Isfahan,2021-01-01,P00430,Nova Puzzle 430,Office,-49.37,56.85,B028,Express Branch 28,isfahan,partner,4,15,Online,2024-05-28,445,10,invalid_unit_cost
S000227413,2025-02-15,C014981,Hana,Salehi,hana.salehi14981@example.com,9149363133.0,Tabriz,2022-10-30,P00440,Basic Shirt 440,Furniture,254.49,698.9,B003,Bazaar Branch 3,Karaj,online,-4,10,wallet,2024-07-02,331,100,invalid_quantity
S000227570,2023-12-24,C017881,Neda,Rahimi,neda.rahimi17881@example.com,9764949290.0,Isfahan,2024-10-28,P00235,Max Coffee 235,Music,226.41,,B025,Bazaar Branch 25,Tehran,mobile,1,20,cash,2023-11-27,405,40,missing_unit_price
S000227608,2024-09-29,C022609,Yasin,Ahmadi,yasin.ahmadi22609@example.com,9662874436.0,Mashhad,2022-05-14,P00305,Prime Shirt 305,Sports,391.21,851.28,B033,South Branch 33,isfahan,online,0,15,CARD,2024-07-04,192,10,invalid_quantity
S000228266,2023-04-30,C003978,Ali,Rahimi,ali.rahimi3978@example.com,9100010183.0,shiraz,2022-06-30,P00308,Plus Mixer 308,Shoes,387.27,448.11,B036,Express Branch 36,TEHRAN,store,6,120,cash,2025-01-10,201,40,invalid_discount_percent
S000228845,2024-09-03,C043358,Ali,Akbari,ali.akbari43358@example.com,9716903633.0,isfahan,2024-09-09,P00210,Basic Sneakers 210,Office,72.76,173.26,B030,Airport Branch 30,Mashhad,mobile,0,0,cash,2024-06-09,221,10,invalid_quantity
S000229682,2023-06-14,C039158,Hana,Hosseini,hana.hosseini39158@example.com,9325673261.0,Mashhad,2022-09-02,P00014,Max Sneakers 14,Jewelry,,661.16,B005,South Branch 5,TEHRAN,online,2,25,card,2025-12-27,156,75,missing_unit_cost
S000230082,2025-09-03,C010401,Yasin,Rostami,yasin.rostami10401@example.com,9808752721.0,Karaj,2023-08-06,P00435,Plus Mixer 435,Music,312.34,794.47,B039,Mall Branch 39,Shiraz,online,0,10,cash,2025-10-17,181,20,invalid_quantity
S000230138,2024-09-30,C036109,Omid,Moradi,omid.moradi36109@example.com,9782072598.0,Rasht,2022-01-23,P00213,Basic Sneakers 213,Health,312.76,-515.89,B004,Bazaar Branch 4,Rasht,partner,5,25,wallet,2025-01-24,157,40,invalid_unit_price
S000230616,2025-08-14,C020341,Leila,Hosseini,leila.hosseini20341@example.com,9319695328.0,isfahan,2021-03-11,P00274,Nova Coffee 274,Jewelry,171.31,215.79,B006,North Branch 6,tehran,online,-4,0,wallet,2024-04-26,15,100,invalid_quantity
S000230821,2023-09-06,C021515,Leila,Hosseini,leila.hosseini21515@example.com,9745922307.0,Tabriz,2020-09-13,P00247,Plus Desk 247,Clothing,153.59,,B023,Bazaar Branch 23,Rasht,mobile,3,0,CARD,2023-11-13,417,20,missing_unit_price
S000231319,2023-11-11,C032149,Reza,Mohammadi,reza.mohammadi32149@example.com,9859925959.0,Mashhad,2020-09-05,P00232,Max Headphones 232,Automotive,42.82,119.85,B006,North Branch 6,tehran,online,0,20,wallet,2023-10-05,436,20,invalid_quantity
S000231897,2025-07-12,C004509,Sara,Mohammadi,sara.mohammadi4509@example.com,9936050835.0,isfahan,2020-08-17,P00454,Max Mixer 454,Jewelry,-135.82,163.81,B024,Outlet Branch 24,TEHRAN,store,2,10,online,2024-07-31,101,20,invalid_unit_cost
S000232483,2024-08-03,C015721,Sara,Mohammadi,sara.mohammadi15721@example.com,9533370697.0,shiraz,2023-11-28,P00290,Nova Mixer 290,Office,,216.38,B035,Mall Branch 35,isfahan,mobile,3,0,card,2024-07-25,445,10,missing_unit_cost
S000232556,2025-09-23,C013618,Ali,Rostami,ali.rostami13618@example.com,9745456319.0,Rasht,2020-05-04,P00231,Mini Coffee 231,Garden,38.07,103.26,B037,Bazaar Branch 37,Tehran,online,0,15,CARD,2024-01-27,43,100,invalid_quantity
S000233309,2024-04-01,C021841,Yasin,Ahmadi,yasin.ahmadi21841@example.com,9719909508.0,tehran,2021-02-20,P00026,Pro Ball 26,Toys,354.05,925.27,B027,Express Branch 27,shiraz,store,4,20,wallet,2024-07-26,465,75,duplicate_sale_id
S000233793,2023-08-10,C007002,Reza,Karimi,reza.karimi7002@example.com,9148407788.0,isfahan,2020-07-14,P00094,Max Desk 94,Jewelry,133.61,208.95,B030,Airport Branch 30,Mashhad,mobile,0,0,cash,2023-08-03,201,30,invalid_quantity
S000233819,2025-12-09,C022560,Amir,Mohammadi,amir.mohammadi22560@example.com,9796854710.0,TEHRAN,2022-02-07,P00331,Classic Coffee 331,Garden,24.75,35.69,B004,Bazaar Branch 4,Rasht,partner,-5,20,online,2024-12-12,479,10,invalid_quantity
S000234072,2025-05-03,C020653,Sara,Hosseini,sara.hosseini20653@example.com,9271392135.0,Rasht,2024-09-28,P00283,Classic Headphones 283,Books,187.97,,B014,Bazaar Branch 14,shiraz,mobile,1,0,online,2023-04-09,286,75,missing_unit_price
S000234273,2023-06-08,C000019,Arman,Moradi,arman.moradi19@example.com,9275452091.0,Mashhad,2022-02-16,P00121,Classic Puzzle 121,Electronics,268.82,442.77,B028,Express Branch 28,isfahan,partner,6,120,Online,2023-02-02,384,100,invalid_discount_percent
S000235030,2023-12-24,C035289,Hana,Jafari,hana.jafari35289@example.com,9689412265.0,isfahan,2021-02-20,P00178,Max Puzzle 178,Travel,87.79,103.15,B020,North Branch 20,Shiraz,online,0,0,cash,2024-10-23,312,50,invalid_quantity
S000235141,2024-11-01,C008977,Hana,Moradi,hana.moradi8977@example.com,9827695820.0,Shiraz,2020-06-13,P00427,Smart Notebook 427,Clothing,273.02,-377.32,B008,West Branch 8,Isfahan,store,1,0,online,2025-01-31,283,10,invalid_unit_price
S000235284,2023-10-06,C006234,Hana,Akbari,hana.akbari6234@example.com,9381238790.0,shiraz,2021-03-10,P00128,Mini Coffee 128,Shoes,,209.32,B023,Bazaar Branch 23,Rasht,mobile,5,5,card,2024-08-09,408,20,missing_unit_cost
S000236267,2023-05-04,C026253,Yasin,Mohammadi,yasin.mohammadi26253@example.com,9392470326.0,Shiraz,2020-09-04,P00186,Classic Headphones 186,Toys,163.2,421.84,B003,Bazaar Branch 3,Karaj,online,0,10,card,2023-12-21,214,50,invalid_quantity
S000236444,2023-05-05,C008119,Neda,Akbari,neda.akbari8119@example.com,9959835682.0,Tehran,2022-09-22,P00077,Smart Mixer 77,Baby,-358.16,681.63,B039,Mall Branch 39,Shiraz,online,6,15,wallet,2024-03-26,134,50,invalid_unit_cost
S000237022,2025-06-25,C044227,Leila,Hosseini,leila.hosseini44227@example.com,9992874763.0,Shiraz,2023-06-01,P00385,Plus Notebook 385,Sports,10.15,11.79,B018,North Branch 18,Tabriz,partner,-4,15,Online,2024-03-31,327,100,invalid_quantity
S000237323,2025-09-07,C049203,Sara,Moradi,sara.moradi49203@example.com,9847700210.0,TEHRAN,2022-07-11,P00145,Prime Headphones 145,Sports,196.35,,B023,Bazaar Branch 23,Rasht,mobile,6,15,wallet,2024-12-02,210,20,missing_unit_price
S000237504,2023-01-31,C045366,Amir,Moradi,amir.moradi45366@example.com,9428571876.0,Karaj,2020-10-09,P00182,Eco Cream 182,Home Appliances,349.26,822.32,B008,West Branch 8,Isfahan,store,0,15,cash,2023-06-24,4,50,invalid_quantity
S000238085,2024-05-26,C047415,Neda,Karimi,neda.karimi47415@example.com,9960586856.0,Isfahan,2023-04-23,P00462,Basic Sneakers 462,Home Appliances,,11.05,B006,North Branch 6,tehran,online,4,20,Online,2023-12-11,453,30,missing_unit_cost
S000238741,2023-03-15,C017684,Maryam,Akbari,maryam.akbari17684@example.com,9541725688.0,Tabriz,2024-08-17,P00339,Max Sneakers 339,Gaming,357.41,586.63,B006,North Branch 6,tehran,online,0,25,online,2023-10-29,482,10,invalid_quantity
S000239978,2024-04-15,C047715,Arman,Moradi,arman.moradi47715@example.com,9673712604.0,tehran,2024-05-27,P00250,Basic Coffee 250,Office,221.81,509.51,B014,Bazaar Branch 14,shiraz,mobile,0,0,online,2025-08-26,52,30,invalid_quantity
S000240144,2023-04-13,C040373,Leila,Hosseini,leila.hosseini40373@example.com,9171805469.0,Qom,2023-10-23,P00071,Classic Sneakers 71,Garden,280.34,-477.06,B014,Bazaar Branch 14,shiraz,mobile,2,25,CARD,2023-10-25,289,75,invalid_unit_price
S000240225,2023-02-16,C000964,Omid,Akbari,omid.akbari964@example.com,9501483027.0,Tehran,2022-11-21,P00203,Smart Desk 203,Books,140.57,251.88,B003,Bazaar Branch 3,Karaj,online,-2,5,card,2025-08-06,202,50,invalid_quantity
S000240280,2023-11-11,C016442,Leila,Rostami,leila.rostami16442@example.com,9156678951.0,shiraz,2023-10-16,P00284,Prime Coffee 284,Beauty,21.3,39.57,B009,South Branch 9,isfahan,store,8,120,card,2023-04-29,486,40,invalid_discount_percent
S000240574,2023-06-05,C039798,Yasin,Moradi,yasin.moradi39798@example.com,9820075617.0,Rasht,2024-05-22,P00159,Max Notebook 159,Gaming,385.34,,B011,Central Branch 11,TEHRAN,partner,3,15,Online,2025-10-24,273,30,missing_unit_price
S000240886,2025-05-09,C028945,Neda,Ahmadi,neda.ahmadi28945@example.com,9781667279.0,Mashhad,2024-03-29,P00057,Classic Ball 57,Baby,,409.52,B006,North Branch 6,tehran,online,8,10,cash,2025-03-24,60,50,missing_unit_cost
S000240991,2024-08-24,C007589,Amir,Rostami,amir.rostami7589@example.com,9595586415.0,isfahan,2020-12-20,P00481,Pro Desk 481,Electronics,-333.13,838.02,B002,Mall Branch 2,Karaj,partner,2,15,online,2023-09-13,2,40,invalid_unit_cost
S000241086,2024-08-30,C027926,Neda,Hosseini,neda.hosseini27926@example.com,9391209991.0,tehran,2024-08-29,P00230,Eco Puzzle 230,Office,255.77,608.45,B015,Outlet Branch 15,Isfahan,partner,5,25,cash,2024-12-11,38,50,duplicate_sale_id
S000241215,2024-06-21,C011712,Ali,Karimi,ali.karimi11712@example.com,9935229539.0,Mashhad,2022-06-10,P00484,Classic Mixer 484,Beauty,335.8,844.89,B013,Outlet Branch 13,Mashhad,mobile,0,0,online,2024-08-22,88,50,invalid_quantity
S000242452,2023-12-21,C001816,Mina,Rostami,mina.rostami1816@example.com,9664037702.0,Isfahan,2020-05-15,P00460,Classic Shirt 460,Furniture,302.05,615.0,B016,North Branch 16,Rasht,online,0,25,online,2024-07-18,466,30,invalid_quantity
S000243428,2023-12-01,C049588,Mina,Rostami,mina.rostami49588@example.com,9952654395.0,Shiraz,2022-12-02,P00378,Max Ball 378,Travel,84.0,122.48,B013,Outlet Branch 13,Mashhad,mobile,-1,0,Online,2023-07-15,421,40,invalid_quantity
S000243687,2023-10-27,C026122,Reza,Moradi,reza.moradi26122@example.com,9660953415.0,Isfahan,2022-09-14,P00222,Pro Coffee 222,Home Appliances,,604.28,B021,Airport Branch 21,tehran,online,1,0,wallet,2023-09-01,296,50,missing_unit_cost
S000243689,2025-01-03,C023937,Maryam,Salehi,maryam.salehi23937@example.com,9395565693.0,Mashhad,2022-05-22,P00473,Prime Cream 473,Health,292.84,379.75,B031,North Branch 31,Tehran,store,0,0,cash,2024-08-18,449,100,invalid_quantity
S000243825,2023-04-12,C008805,Sara,Mohammadi,sara.mohammadi8805@example.com,9661475648.0,Tehran,2024-05-19,P00346,Smart Puzzle 346,Toys,118.21,,B001,Central Branch 1,Rasht,online,2,15,wallet,2024-06-05,467,30,missing_unit_price
S000244926,2023-01-01,C005781,Yasin,Karimi,yasin.karimi5781@example.com,9285900374.0,Tabriz,2023-01-03,P00347,Classic Cream 347,Clothing,60.65,93.42,B004,Bazaar Branch 4,Rasht,partner,0,0,CARD,2024-10-17,21,20,invalid_quantity
S000245147,2023-10-20,C009232,Arman,Akbari,arman.akbari9232@example.com,9965962558.0,Qom,2023-12-24,P00368,Basic Sneakers 368,Shoes,190.32,-413.01,B001,Central Branch 1,Rasht,online,4,0,Online,2023-05-20,328,75,invalid_unit_price
S000245538,2023-04-26,C039570,Arman,Hosseini,arman.hosseini39570@example.com,9957843982.0,Tehran,2022-09-24,P00011,Prime Ball 11,Garden,-73.98,195.05,B034,Express Branch 34,isfahan,partner,1,5,card,2024-04-27,122,50,invalid_unit_cost
S000246163,2023-11-03,C048719,Sara,Rostami,sara.rostami48719@example.com,9149483935.0,Karaj,2022-12-13,P00434,Mini Shirt 434,Jewelry,294.45,422.67,B015,Outlet Branch 15,Isfahan,partner,0,15,CARD,2023-09-09,460,40,invalid_quantity
S000246287,2023-08-27,C004748,Neda,Rostami,neda.rostami4748@example.com,9945262073.0,Rasht,2024-01-31,P00404,Mini Notebook 404,Beauty,396.01,526.46,B022,Outlet Branch 22,Rasht,mobile,3,120,card,2023-06-23,43,20,invalid_discount_percent
S000246488,2025-05-23,C024472,Yasin,Akbari,yasin.akbari24472@example.com,9572593504.0,Rasht,2020-07-10,P00075,Mini Shirt 75,Music,,639.04,B009,South Branch 9,isfahan,store,4,25,cash,2023-02-11,66,100,missing_unit_cost
S000246631,2025-09-10,C022038,Sara,Jafari,sara.jafari22038@example.com,9100527418.0,Tabriz,2020-08-22,P00068,Pro Mixer 68,Shoes,150.72,307.95,B011,Central Branch 11,TEHRAN,partner,-3,25,wallet,2025-12-04,157,75,invalid_quantity
S000247076,2024-05-05,C011704,Ali,Salehi,ali.salehi11704@example.com,9466641264.0,Shiraz,2024-05-17,P00431,Smart Coffee 431,Garden,220.23,,B006,North Branch 6,tehran,online,4,0,card,2023-12-04,45,75,missing_unit_price
S000247400,2023-09-03,C036374,Omid,Rahimi,omid.rahimi36374@example.com,9675009562.0,tehran,2022-02-03,P00373,Pro Puzzle 373,Health,394.19,520.69,B039,Mall Branch 39,Shiraz,online,0,0,card,2024-01-19,151,75,invalid_quantity
S000248637,2024-01-23,C007695,Arman,Hosseini,arman.hosseini7695@example.com,9900748674.0,Tehran,2020-01-23,P00207,Basic Headphones 207,Clothing,326.51,909.62,B010,Central Branch 10,Rasht,mobile,0,25,Online,2024-04-22,245,30,invalid_quantity
S000248863,2023-02-21,C039800,Omid,Hosseini,omid.hosseini39800@example.com,9624899969.0,Tabriz,2021-10-11,P00304,Max Headphones 304,Beauty,16.34,31.81,B031,North Branch 31,Tehran,store,2,20,cash,2023-06-26,102,75,duplicate_sale_id
S000249289,2023-02-15,C048124,Ali,Mohammadi,ali.mohammadi48124@example.com,9803500055.0,Tabriz,2024-10-04,P00053,Max Ball 53,Health,,434.09,B019,Bazaar Branch 19,Shiraz,mobile,5,5,Online,2023-08-30,199,40,missing_unit_cost
S000249834,2024-06-12,C024049,Neda,Mohammadi,neda.mohammadi24049@example.com,9555103878.0,isfahan,2020-12-02,P00320,Pro Puzzle 320,Furniture,224.03,267.37,B026,Central Branch 26,Mashhad,partner,-4,20,cash,2024-07-24,134,30,invalid_quantity
S000249874,2025-08-28,C037352,Ali,Jafari,ali.jafari37352@example.com,9486122380.0,Rasht,2022-09-10,P00217,Max Sneakers 217,Baby,105.85,160.48,B019,Bazaar Branch 19,Shiraz,mobile,0,5,CARD,2024-01-18,376,20,invalid_quantity
S000250085,2023-09-25,C009951,Yasin,Moradi,yasin.moradi9951@example.com,9350116156.0,Mashhad,2022-07-09,P00087,Basic Shirt 87,Clothing,-348.29,691.88,B022,Outlet Branch 22,Rasht,mobile,1,15,card,2023-02-24,363,20,invalid_unit_cost
S000250150,2024-12-23,C003445,Hana,Rostami,hana.rostami3445@example.com,9560193439.0,tehran,2020-07-31,P00014,Max Sneakers 14,Jewelry,272.13,-661.16,B009,South Branch 9,isfahan,store,1,15,wallet,2023-07-07,498,30,invalid_unit_price
S000250327,2025-01-30,C002556,Mina,Akbari,mina.akbari2556@example.com,9391041983.0,Karaj,2020-07-21,P00442,Pro Mixer 442,Home Appliances,59.04,,B037,Bazaar Branch 37,Tehran,online,5,15,Online,2023-08-11,356,40,missing_unit_price
S000251111,2025-10-06,C042373,Amir,Moradi,amir.moradi42373@example.com,9204629358.0,Karaj,2024-10-06,P00039,Mini Shirt 39,Gaming,160.85,364.32,B003,Bazaar Branch 3,Karaj,online,0,5,CARD,2025-10-14,276,40,invalid_quantity
S000252090,2024-02-25,C041068,Arman,Moradi,arman.moradi41068@example.com,9117301890.0,Rasht,2021-06-09,P00499,Pro Coffee 499,Gaming,,660.87,B034,Express Branch 34,isfahan,partner,4,10,wallet,2024-01-01,176,50,missing_unit_cost
S000252294,2025-04-19,C034885,Omid,Mohammadi,omid.mohammadi34885@example.com,9843227098.0,tehran,2022-06-05,P00096,Classic Headphones 96,Pets,149.76,341.76,B022,Outlet Branch 22,Rasht,mobile,1,120,wallet,2023-11-05,271,100,invalid_discount_percent
S000252348,2024-12-10,C038854,Maryam,Rostami,maryam.rostami38854@example.com,9751662039.0,Karaj,2022-11-04,P00311,Pro Sneakers 311,Garden,87.8,245.35,B030,Airport Branch 30,Mashhad,mobile,0,0,card,2023-03-29,214,100,invalid_quantity
S000253037,2024-10-29,C010674,Omid,Mohammadi,omid.mohammadi10674@example.com,9963102791.0,Mashhad,2021-07-06,P00084,Smart Desk 84,Beauty,17.93,30.03,B015,Outlet Branch 15,Isfahan,partner,-4,0,online,2025-11-14,35,40,invalid_quantity
S000253578,2025-05-25,C035853,Ali,Rahimi,ali.rahimi35853@example.com,9241023569.0,shiraz,2023-05-30,P00352,Nova Desk 352,Automotive,256.47,,B037,Bazaar Branch 37,Tehran,online,4,10,Online,2024-04-12,24,75,missing_unit_price
S000253585,2025-05-21,C010371,Ali,Hosseini,ali.hosseini10371@example.com,9388461944.0,Qom,2022-05-01,P00494,Max Coffee 494,Jewelry,296.19,380.07,B012,South Branch 12,Mashhad,online,0,0,wallet,2023-07-11,28,10,invalid_quantity
S000254632,2023-05-15,C040094,Reza,Rostami,reza.rostami40094@example.com,9726592309.0,Shiraz,2022-01-31,P00001,Mini Desk 1,Electronics,-75.63,160.11,B022,Outlet Branch 22,Rasht,mobile,2,10,online,2023-03-15,457,10,invalid_unit_cost
S000254822,2023-04-24,C030048,Leila,Jafari,leila.jafari30048@example.com,9554948897.0,TEHRAN,2020-11-10,P00308,Plus Mixer 308,Shoes,387.27,448.11,B003,Bazaar Branch 3,Karaj,online,0,10,card,2024-05-25,350,75,invalid_quantity
S000254891,2023-12-13,C029159,Yasin,Ahmadi,yasin.ahmadi29159@example.com,9925560650.0,Rasht,2021-10-02,P00002,Classic Ball 2,Home Appliances,,250.43,B036,Express Branch 36,TEHRAN,store,2,15,card,2023-01-03,464,100,missing_unit_cost
S000255153,2023-12-09,C000295,Omid,Rahimi,omid.rahimi295@example.com,9797115550.0,isfahan,2020-08-26,P00307,Nova Notebook 307,Clothing,103.14,-175.72,B007,Central Branch 7,Qom,partner,2,25,wallet,2025-09-06,173,100,invalid_unit_price
S000256059,2023-07-21,C046097,Ali,Ahmadi,ali.ahmadi46097@example.com,9296734113.0,Isfahan,2022-11-25,P00069,Eco Ball 69,Grocery,41.97,62.04,B004,Bazaar Branch 4,Rasht,partner,0,0,card,2025-03-15,88,40,invalid_quantity
S000256240,2024-05-11,C049316,Yasin,Jafari,yasin.jafari49316@example.com,9413028353.0,Tabriz,2023-10-15,P00057,Classic Ball 57,Baby,229.73,409.52,B040,Outlet Branch 40,tehran,online,-3,0,online,2024-12-14,148,10,invalid_quantity
S000256640,2024-08-03,C017362,Mina,Ahmadi,mina.ahmadi17362@example.com,9486476328.0,shiraz,2021-02-12,P00042,Max Mixer 42,Home Appliances,384.92,609.82,B006,North Branch 6,tehran,online,6,0,cash,2025-09-28,177,30,duplicate_sale_id
S000256829,2023-11-11,C022183,Sara,Akbari,sara.akbari22183@example.com,9737402824.0,Karaj,2024-05-02,P00055,Prime Headphones 55,Music,197.73,,B008,West Branch 8,Isfahan,store,2,0,online,2024-10-18,193,30,missing_unit_price
S000257296,2023-03-20,C031722,Hana,Rostami,hana.rostami31722@example.com,9715681134.0,shiraz,2020-07-05,P00070,Classic Sneakers 70,Office,333.81,640.16,B017,Express Branch 17,tehran,online,0,10,Online,2024-08-12,486,30,invalid_quantity
S000257692,2024-08-24,C020569,Amir,Akbari,amir.akbari20569@example.com,9325480443.0,Isfahan,2023-10-04,P00115,Prime Desk 115,Music,,62.93,B023,Bazaar Branch 23,Rasht,mobile,2,0,wallet,2023-08-03,163,40,missing_unit_cost
S000258301,2023-09-10,C036745,Reza,Salehi,reza.salehi36745@example.com,9431666356.0,Rasht,2021-10-15,P00466,Classic Mixer 466,Toys,194.76,453.54,B030,Airport Branch 30,Mashhad,mobile,10,120,online,2024-03-28,363,75,invalid_discount_percent
S000258533,2024-12-06,C017715,Yasin,Mohammadi,yasin.mohammadi17715@example.com,9189080923.0,Karaj,2024-06-13,P00302,Nova Shirt 302,Home Appliances,179.53,245.27,B017,Express Branch 17,tehran,online,0,0,Online,2023-02-28,358,100,invalid_quantity
S000259179,2024-03-24,C000648,Maryam,Salehi,maryam.salehi648@example.com,9618836510.0,Qom,2022-09-26,P00405,Prime Coffee 405,Sports,-382.05,772.23,B008,West Branch 8,Isfahan,store,3,0,wallet,2025-01-02,130,75,invalid_unit_cost
S000259443,2023-10-20,C043296,Hana,Jafari,hana.jafari43296@example.com,9387769862.0,Shiraz,2023-08-09,P00113,Mini Coffee 113,Health,187.79,369.98,B034,Express Branch 34,isfahan,partner,-5,0,wallet,2023-07-20,390,50,invalid_quantity
S000259770,2025-01-28,C019109,Mina,Mohammadi,mina.mohammadi19109@example.com,9934113070.0,TEHRAN,2024-11-20,P00411,Max Desk 411,Garden,25.89,56.32,B039,Mall Branch 39,Shiraz,online,0,10,wallet,2025-09-27,328,30,invalid_quantity
S000260080,2023-07-30,C013825,Hana,Karimi,hana.karimi13825@example.com,9303827582.0,tehran,2021-03-06,P00030,Basic Puzzle 30,Office,146.01,,B008,West Branch 8,Isfahan,store,8,0,wallet,2025-08-30,346,20,missing_unit_price
S000260156,2025-12-14,C003849,Maryam,Hosseini,maryam.hosseini3849@example.com,9457468907.0,Tabriz,2020-03-05,P00110,Prime Sneakers 110,Office,158.2,-278.01,B004,Bazaar Branch 4,Rasht,partner,6,0,wallet,2024-11-11,188,40,invalid_unit_price
S000260493,2025-09-04,C016888,Ali,Mohammadi,ali.mohammadi16888@example.com,9251494165.0,Karaj,2022-10-07,P00122,Max Shirt 122,Home Appliances,,431.29,B012,South Branch 12,Mashhad,online,3,0,cash,2023-07-22,148,50,missing_unit_cost
S000261007,2025-02-23,C022319,Yasin,Akbari,yasin.akbari22319@example.com,9116649106.0,Rasht,2020-09-20,P00328,Classic Sneakers 328,Shoes,211.53,335.25,B012,South Branch 12,Mashhad,online,0,10,cash,2024-02-17,258,75,invalid_quantity
S000262244,2024-05-19,C049738,Sara,Hosseini,sara.hosseini49738@example.com,9754867957.0,Karaj,2020-11-02,P00467,Nova Headphones 467,Clothing,191.58,471.9,B005,South Branch 5,TEHRAN,online,0,0,CARD,2024-07-20,265,50,invalid_quantity
S000262646,2024-07-28,C004395,Neda,Mohammadi,neda.mohammadi4395@example.com,9203998542.0,Tehran,2021-06-09,P00252,Smart Coffee 252,Automotive,180.03,388.9,B024,Outlet Branch 24,TEHRAN,store,-1,0,CARD,2023-05-15,6,20,invalid_quantity
S000263294,2024-10-22,C035397,Ali,Ahmadi,ali.ahmadi35397@example.com,9938784456.0,Karaj,2020-07-31,P00091,Prime Notebook 91,Garden,,169.69,B031,North Branch 31,Tehran,store,3,0,cash,2024-02-27,219,50,missing_unit_cost
S000263331,2024-12-06,C027200,Sara,Hosseini,sara.hosseini27200@example.com,9621909723.0,Karaj,2020-12-19,P00294,Basic Headphones 294,Jewelry,58.86,,B034,Express Branch 34,isfahan,partner,5,0,cash,2023-02-26,180,40,missing_unit_price
S000263481,2025-06-21,C032556,Maryam,Karimi,maryam.karimi32556@example.com,9880840476.0,Shiraz,2022-09-28,P00093,Basic Cream 93,Health,116.63,178.97,B011,Central Branch 11,TEHRAN,partner,0,5,CARD,2023-04-09,229,30,invalid_quantity
S000263726,2024-07-24,C043833,Neda,Akbari,neda.akbari43833@example.com,9269437384.0,Tabriz,2024-02-19,P00043,Prime Mixer 43,Books,-59.66,72.72,B027,Express Branch 27,shiraz,store,4,0,online,2023-01-02,122,50,invalid_unit_cost
S000264308,2025-11-06,C023018,Yasin,Akbari,yasin.akbari23018@example.com,9355187698.0,Karaj,2020-12-06,P00369,Pro Desk 369,Grocery,82.64,102.81,B021,Airport Branch 21,tehran,online,4,120,CARD,2023-03-24,162,10,invalid_discount_percent
S000264417,2024-11-07,C007016,Omid,Akbari,omid.akbari7016@example.com,9925041255.0,tehran,2021-08-06,P00497,Eco Headphones 497,Baby,117.38,175.5,B015,Outlet Branch 15,Isfahan,partner,2,0,cash,2025-01-24,339,50,duplicate_sale_id
S000264718,2024-02-29,C046819,Amir,Ahmadi,amir.ahmadi46819@example.com,9500369855.0,Shiraz,2023-03-30,P00256,Basic Headphones 256,Pets,293.01,614.78,B027,Express Branch 27,shiraz,store,0,15,wallet,2024-06-27,38,10,invalid_quantity
S000265159,2025-09-24,C031105,Ali,Salehi,ali.salehi31105@example.com,9286176922.0,isfahan,2021-02-26,P00037,Basic Ball 37,Baby,125.82,-338.81,B011,Central Branch 11,TEHRAN,partner,6,15,card,2024-01-02,219,20,invalid_unit_price
S000265849,2023-04-30,C026590,Mina,Rostami,mina.rostami26590@example.com,9824120468.0,TEHRAN,2024-07-01,P00449,Mini Cream 449,Grocery,80.17,173.91,B003,Bazaar Branch 3,Karaj,online,-4,0,CARD,2025-11-03,285,100,invalid_quantity
S000265955,2025-07-02,C041571,Hana,Karimi,hana.karimi41571@example.com,9683766728.0,Isfahan,2023-12-14,P00255,Classic Sneakers 255,Music,107.06,262.05,B016,North Branch 16,Rasht,online,0,0,CARD,2024-11-05,182,20,invalid_quantity
S000266095,2024-11-09,C003786,Leila,Karimi,leila.karimi3786@example.com,9413323876.0,Tabriz,2020-05-10,P00353,Max Headphones 353,Health,,584.02,B032,Central Branch 32,shiraz,partner,2,10,wallet,2024-02-18,160,100,missing_unit_cost
S000266582,2024-03-25,C019832,Yasin,Moradi,yasin.moradi19832@example.com,9783874295.0,Mashhad,2022-10-01,P00159,Max Notebook 159,Gaming,385.34,,B019,Bazaar Branch 19,Shiraz,mobile,5,15,cash,2023-08-28,373,20,missing_unit_price
S000267192,2024-12-24,C000579,Mina,Mohammadi,mina.mohammadi579@example.com,9759949050.0,Shiraz,2021-03-24,P00023,Eco Ball 23,Books,204.05,491.54,B034,Express Branch 34,isfahan,partner,0,5,cash,2023-06-10,106,20,invalid_quantity
S000268273,2024-11-26,C018791,Hana,Akbari,hana.akbari18791@example.com,9344654283.0,TEHRAN,2020-03-04,P00284,Prime Coffee 284,Beauty,-21.3,39.57,B039,Mall Branch 39,Shiraz,online,4,25,online,2025-08-20,147,75,invalid_unit_cost
S000268429,2025-12-27,C010628,Hana,Jafari,hana.jafari10628@example.com,9673163210.0,tehran,2020-04-29,P00252,Smart Coffee 252,Automotive,180.03,388.9,B001,Central Branch 1,Rasht,online,0,20,Online,2023-05-10,36,50,invalid_quantity
S000268896,2025-03-26,C044081,Mina,Karimi,mina.karimi44081@example.com,9276502797.0,TEHRAN,2024-04-08,P00347,Classic Cream 347,Clothing,,93.42,B039,Mall Branch 39,Shiraz,online,8,0,CARD,2025-08-14,165,40,missing_unit_cost
S000269052,2025-02-01,C040215,Maryam,Ahmadi,maryam.ahmadi40215@example.com,9766277900.0,shiraz,2024-11-30,P00050,Smart Notebook 50,Office,230.15,636.37,B016,North Branch 16,Rasht,online,-1,15,CARD,2024-08-19,108,10,invalid_quantity
S000269666,2025-05-19,C041025,Leila,Rostami,leila.rostami41025@example.com,9755776137.0,Qom,2021-01-04,P00446,Nova Coffee 446,Toys,315.88,760.78,B018,North Branch 18,Tabriz,partner,0,25,wallet,2025-02-21,416,40,invalid_quantity
S000269833,2024-05-31,C007335,Mina,Karimi,mina.karimi7335@example.com,9161401186.0,TEHRAN,2022-01-26,P00137,Plus Shirt 137,Baby,361.5,,B004,Bazaar Branch 4,Rasht,partner,10,15,Online,2024-03-29,5,10,missing_unit_price
S000270162,2024-04-22,C049010,Sara,Moradi,sara.moradi49010@example.com,9341300243.0,Isfahan,2023-03-02,P00363,Plus Ball 363,Books,113.88,-239.16,B007,Central Branch 7,Qom,partner,3,10,Online,2025-04-29,275,30,invalid_unit_price
S000270315,2025-06-22,C046475,Ali,Rahimi,ali.rahimi46475@example.com,9738225717.0,TEHRAN,2022-04-19,P00229,Nova Coffee 229,Grocery,310.04,785.58,B016,North Branch 16,Rasht,online,2,120,CARD,2024-12-31,41,100,invalid_discount_percent
S000270903,2024-12-01,C041034,Sara,Hosseini,sara.hosseini41034@example.com,9216896761.0,isfahan,2020-10-06,P00404,Mini Notebook 404,Beauty,396.01,526.46,B029,North Branch 29,TEHRAN,mobile,0,15,card,2025-10-26,200,100,invalid_quantity
S000271697,2023-02-24,C012952,Amir,Rostami,amir.rostami12952@example.com,9241767386.0,Qom,2023-01-03,P00493,Smart Ball 493,Health,,387.38,B017,Express Branch 17,tehran,online,4,20,card,2024-03-07,465,20,missing_unit_cost
S000272140,2023-02-08,C006729,Ali,Salehi,ali.salehi6729@example.com,9879546238.0,Qom,2023-04-13,P00460,Classic Shirt 460,Furniture,302.05,615.0,B017,Express Branch 17,tehran,online,0,20,card,2025-10-10,56,100,invalid_quantity
S000272194,2023-12-28,C032165,Leila,Rostami,leila.rostami32165@example.com,9267918359.0,tehran,2020-04-02,P00023,Eco Ball 23,Books,204.05,491.54,B014,Bazaar Branch 14,shiraz,mobile,8,15,Online,2024-12-23,182,10,duplicate_sale_id
S000272255,2023-04-06,C019628,Omid,Ahmadi,omid.ahmadi19628@example.com,9610466914.0,Qom,2022-01-10,P00033,Smart Coffee 33,Health,338.72,496.36,B040,Outlet Branch 40,tehran,online,-2,0,card,2024-03-23,364,10,invalid_quantity
S000272820,2025-12-01,C004166,Reza,Moradi,reza.moradi4166@example.com,9753875594.0,Isfahan,2023-03-21,P00080,Nova Puzzle 80,Furniture,-298.24,674.76,B032,Central Branch 32,shiraz,partner,1,0,online,2025-07-03,385,50,invalid_unit_cost
S000273084,2023-11-18,C048389,Mina,Rostami,mina.rostami48389@example.com,9588696689.0,Mashhad,2020-09-05,P00394,Pro Puzzle 394,Jewelry,301.92,,B029,North Branch 29,TEHRAN,mobile,4,5,online,2023-08-13,45,40,missing_unit_price
S000273377,2025-07-02,C040055,Ali,Karimi,ali.karimi40055@example.com,9226137009.0,Isfahan,2024-06-05,P00136,Pro Cream 136,Pets,370.35,893.67,B019,Bazaar Branch 19,Shiraz,mobile,0,0,wallet,2023-02-13,131,30,invalid_quantity
S000274498,2025-04-06,C031751,Mina,Rahimi,mina.rahimi31751@example.com,9721393555.0,Tehran,2023-01-28,P00412,Nova Ball 412,Automotive,,291.96,B020,North Branch 20,Shiraz,online,1,0,card,2024-08-26,99,40,missing_unit_cost
S000274614,2024-12-26,C002033,Neda,Rostami,neda.rostami2033@example.com,9578290147.0,isfahan,2022-09-02,P00383,Basic Ball 383,Books,246.85,639.81,B025,Bazaar Branch 25,Tehran,mobile,0,25,Online,2024-01-23,104,50,invalid_quantity
S000275165,2025-07-10,C041762,Yasin,Rahimi,yasin.rahimi41762@example.com,9823225939.0,shiraz,2022-04-24,P00133,Eco Shirt 133,Health,341.92,-713.88,B029,North Branch 29,TEHRAN,mobile,6,20,cash,2024-07-02,53,100,invalid_unit_price
S000275458,2024-11-09,C039620,Maryam,Ahmadi,maryam.ahmadi39620@example.com,9300783711.0,Tehran,2021-10-18,P00452,Plus Ball 452,Automotive,277.1,374.74,B002,Mall Branch 2,Karaj,partner,-2,15,CARD,2024-10-15,409,20,invalid_quantity
S000275851,2024-01-26,C021927,Mina,Mohammadi,mina.mohammadi21927@example.com,9150314893.0,Qom,2023-02-16,P00315,Basic Puzzle 315,Music,242.26,512.27,B012,South Branch 12,Mashhad,online,0,20,Online,2024-09-15,277,10,invalid_quantity
S000276322,2025-12-19,C001310,Mina,Rostami,mina.rostami1310@example.com,9938564480.0,Isfahan,2024-03-11,P00268,Basic Headphones 268,Shoes,248.33,507.33,B039,Mall Branch 39,Shiraz,online,10,120,wallet,2024-08-10,484,30,invalid_discount_percent
S000276335,2025-10-31,C029896,Yasin,Moradi,yasin.moradi29896@example.com,9857302776.0,Shiraz,2022-03-18,P00171,Classic Ball 171,Garden,303.57,,B019,Bazaar Branch 19,Shiraz,mobile,6,0,Online,2024-08-17,320,30,missing_unit_price
S000277088,2025-08-13,C047442,Neda,Hosseini,neda.hosseini47442@example.com,9602083562.0,shiraz,2021-02-26,P00424,Eco Coffee 424,Beauty,295.17,614.82,B030,Airport Branch 30,Mashhad,mobile,0,0,cash,2023-12-16,296,30,invalid_quantity
S000277299,2023-05-07,C049340,Hana,Rostami,hana.rostami49340@example.com,9963499897.0,TEHRAN,2024-06-25,P00008,Pro Desk 8,Shoes,,589.41,B019,Bazaar Branch 19,Shiraz,mobile,8,10,online,2025-01-26,380,100,missing_unit_cost
S000277367,2023-04-24,C019807,Neda,Hosseini,neda.hosseini19807@example.com,9745112005.0,Tehran,2020-06-03,P00057,Classic Ball 57,Baby,-229.73,409.52,B016,North Branch 16,Rasht,online,3,5,online,2024-06-22,403,75,invalid_unit_cost
S000278325,2024-01-29,C031160,Hana,Mohammadi,hana.mohammadi31160@example.com,9228647199.0,Qom,2020-09-04,P00075,Mini Shirt 75,Music,268.13,639.04,B029,North Branch 29,TEHRAN,mobile,0,25,wallet,2025-10-19,338,30,invalid_quantity
S000278661,2025-01-03,C021610,Amir,Moradi,amir.moradi21610@example.com,9582960239.0,Tehran,2023-06-09,P00458,Nova Cream 458,Travel,243.73,604.02,B024,Outlet Branch 24,TEHRAN,store,-5,20,Online,2023-03-28,55,50,invalid_quantity
S000279562,2025-02-11,C008765,Yasin,Salehi,yasin.salehi8765@example.com,9564291699.0,Rasht,2020-12-26,P00485,Classic Desk 485,Sports,77.9,130.26,B017,Express Branch 17,tehran,online,0,5,CARD,2023-04-29,371,75,invalid_quantity
S000279586,2023-12-02,C028732,Omid,Hosseini,omid.hosseini28732@example.com,9904690404.0,tehran,2022-04-27,P00251,Eco Shirt 251,Garden,386.68,,B012,South Branch 12,Mashhad,online,1,15,CARD,2025-11-10,326,50,missing_unit_price
S000279971,2023-05-16,C036913,Yasin,Akbari,yasin.akbari36913@example.com,9200792460.0,isfahan,2024-01-11,P00289,Classic Ball 289,Grocery,184.22,500.0,B010,Central Branch 10,Rasht,mobile,2,10,card,2024-06-22,210,100,duplicate_sale_id
S000280100,2025-08-11,C043911,Omid,Hosseini,omid.hosseini43911@example.com,9241911899.0,Tabriz,2021-01-11,P00394,Pro Puzzle 394,Jewelry,,551.85,B038,East Branch 38,Tehran,mobile,4,20,wallet,2023-10-25,335,10,missing_unit_cost
S000280168,2025-06-15,C048645,Arman,Moradi,arman.moradi48645@example.com,9499571364.0,isfahan,2020-08-24,P00104,Mini Desk 104,Beauty,185.86,-431.35,B007,Central Branch 7,Qom,partner,1,0,CARD,2024-03-17,106,50,invalid_unit_price
S000280799,2024-03-01,C021204,Sara,Hosseini,sara.hosseini21204@example.com,9666345866.0,Rasht,2021-02-21,P00400,Prime Puzzle 400,Furniture,151.71,240.77,B034,Express Branch 34,isfahan,partner,0,0,Online,2024-12-05,211,10,invalid_quantity
S000281864,2025-07-15,C039692,Leila,Moradi,leila.moradi39692@example.com,9962179208.0,Mashhad,2022-03-07,P00386,Basic Desk 386,Toys,359.72,470.14,B006,North Branch 6,tehran,online,-1,10,CARD,2025-05-10,240,75,invalid_quantity
S000281914,2024-11-05,C035652,Maryam,Karimi,maryam.karimi35652@example.com,9580185825.0,isfahan,2020-10-16,P00212,Smart Puzzle 212,Automotive,-203.94,292.16,B030,Airport Branch 30,Mashhad,mobile,3,15,CARD,2024-05-29,111,40,invalid_unit_cost
S000282036,2024-06-19,C021476,Reza,Salehi,reza.salehi21476@example.com,9473738244.0,Tehran,2024-03-30,P00199,Mini Headphones 199,Gaming,297.76,746.34,B006,North Branch 6,tehran,online,0,10,online,2025-05-24,388,50,invalid_quantity
S000282329,2025-07-22,C039502,Sara,Mohammadi,sara.mohammadi39502@example.com,9372079230.0,isfahan,2024-07-15,P00329,Eco Desk 329,Grocery,217.65,542.59,B004,Bazaar Branch 4,Rasht,partner,2,120,cash,2025-10-27,205,50,invalid_discount_percent
S000282837,2024-06-19,C001764,Amir,Rostami,amir.rostami1764@example.com,9764789481.0,Tehran,2022-01-18,P00399,Smart Ball 399,Gaming,139.74,,B014,Bazaar Branch 14,shiraz,mobile,1,15,Online,2023-12-22,322,30,missing_unit_price
S000282901,2024-04-14,C018086,Reza,Ahmadi,reza.ahmadi18086@example.com,9620525044.0,TEHRAN,2020-06-24,P00102,Basic Puzzle 102,Home Appliances,,68.84,B025,Bazaar Branch 25,Tehran,mobile,2,0,online,2023-09-29,91,40,missing_unit_cost
S000283273,2023-09-12,C018814,Sara,Ahmadi,sara.ahmadi18814@example.com,9859132369.0,Rasht,2021-05-12,P00327,Mini Shirt 327,Clothing,294.84,800.35,B014,Bazaar Branch 14,shiraz,mobile,0,0,online,2025-04-24,92,20,invalid_quantity
S000284510,2024-03-31,C019757,Maryam,Rahimi,maryam.rahimi19757@example.com,9698644458.0,TEHRAN,2023-04-15,P00227,Eco Shirt 227,Clothing,58.89,115.25,B028,Express Branch 28,isfahan,partner,0,0,Online,2025-07-21,295,20,invalid_quantity
S000285067,2024-11-22,C014090,Hana,Moradi,hana.moradi14090@example.com,9395337434.0,tehran,2021-01-16,P00267,Eco Notebook 267,Clothing,260.43,311.3,B017,Express Branch 17,tehran,online,-3,20,Online,2025-04-07,486,40,invalid_quantity
S000285171,2025-12-22,C040784,Sara,Rostami,sara.rostami40784@example.com,9346806407.0,Shiraz,2023-09-12,P00368,Basic Sneakers 368,Shoes,190.32,-413.01,B010,Central Branch 10,Rasht,mobile,1,15,cash,2023-07-04,127,50,invalid_unit_price
S000285702,2023-01-27,C011195,Hana,Rostami,hana.rostami11195@example.com,9577144620.0,Isfahan,2022-02-24,P00142,Nova Headphones 142,Home Appliances,,863.13,B032,Central Branch 32,shiraz,partner,1,25,cash,2024-04-07,197,10,missing_unit_cost
S000285747,2023-01-25,C014415,Ali,Hosseini,ali.hosseini14415@example.com,9663427438.0,tehran,2022-08-11,P00498,Prime Coffee 498,Travel,36.32,65.61,B012,South Branch 12,Mashhad,online,0,0,card,2024-07-28,207,75,invalid_quantity
S000286088,2023-09-08,C047956,Mina,Hosseini,mina.hosseini47956@example.com,9207075651.0,TEHRAN,2020-04-23,P00207,Basic Headphones 207,Clothing,326.51,,B033,South Branch 33,isfahan,online,1,10,cash,2023-04-29,304,20,missing_unit_price
S000286461,2024-12-15,C040829,Hana,Karimi,hana.karimi40829@example.com,9160182448.0,Isfahan,2022-08-07,P00256,Basic Headphones 256,Pets,-293.01,614.78,B029,North Branch 29,TEHRAN,mobile,4,20,online,2023-12-04,438,75,invalid_unit_cost
S000286984,2024-07-20,C037676,Mina,Akbari,mina.akbari37676@example.com,9563625233.0,Tabriz,2022-05-20,P00065,Basic Mixer 65,Sports,381.26,805.32,B030,Airport Branch 30,Mashhad,mobile,0,5,CARD,2023-01-21,20,75,invalid_quantity
S000287748,2025-03-19,C026803,Sara,Akbari,sara.akbari26803@example.com,9193227175.0,Tabriz,2022-10-18,P00234,Nova Headphones 234,Jewelry,327.65,447.27,B023,Bazaar Branch 23,Rasht,mobile,4,10,online,2025-12-14,15,100,duplicate_sale_id
S000288221,2024-12-11,C003737,Maryam,Akbari,maryam.akbari3737@example.com,9993106372.0,isfahan,2024-05-24,P00035,Nova Puzzle 35,Music,269.5,446.45,B039,Mall Branch 39,Shiraz,online,0,20,cash,2025-09-26,3,20,invalid_quantity
S000288270,2023-03-05,C042151,Amir,Salehi,amir.salehi42151@example.com,9854912514.0,Mashhad,2024-08-24,P00228,Basic Ball 228,Shoes,158.48,377.5,B036,Express Branch 36,TEHRAN,store,-2,20,cash,2025-02-26,466,10,invalid_quantity
S000288336,2024-01-25,C003782,Ali,Akbari,ali.akbari3782@example.com,9923334686.0,Shiraz,2024-04-22,P00302,Nova Shirt 302,Home Appliances,179.53,245.27,B020,North Branch 20,Shiraz,online,1,120,CARD,2025-01-12,470,40,invalid_discount_percent
S000288503,2023-08-15,C006761,Sara,Mohammadi,sara.mohammadi6761@example.com,9837271659.0,Mashhad,2021-08-21,P00354,Eco Shirt 354,Jewelry,,36.18,B021,Airport Branch 21,tehran,online,1,0,cash,2023-02-07,474,50,missing_unit_cost
S000289339,2025-01-29,C046451,Sara,Salehi,sara.salehi46451@example.com,9614897951.0,TEHRAN,2021-09-19,P00347,Classic Cream 347,Clothing,60.65,,B038,East Branch 38,Tehran,mobile,1,25,CARD,2025-07-16,202,75,missing_unit_price
S000289458,2025-08-16,C049816,Ali,Akbari,ali.akbari49816@example.com,9976749131.0,Shiraz,2021-08-16,P00027,Prime Mixer 27,Clothing,183.73,503.78,B009,South Branch 9,isfahan,store,0,15,cash,2023-12-30,275,10,invalid_quantity
S000290174,2025-05-28,C045943,Reza,Moradi,reza.moradi45943@example.com,9319338127.0,Isfahan,2023-08-04,P00193,Max Mixer 193,Health,263.86,-493.43,B022,Outlet Branch 22,Rasht,mobile,5,5,wallet,2024-10-20,344,50,invalid_unit_price
S000290695,2025-07-08,C041762,Yasin,Rahimi,yasin.rahimi41762@example.com,9823225939.0,shiraz,2022-04-24,P00065,Basic Mixer 65,Sports,381.26,805.32,B014,Bazaar Branch 14,shiraz,mobile,0,0,wallet,2024-07-13,477,20,invalid_quantity
S000291008,2024-04-12,C048765,Mina,Moradi,mina.moradi48765@example.com,9527361025.0,TEHRAN,2023-07-24,P00220,Smart Cream 220,Furniture,-113.15,271.39,B013,Outlet Branch 13,Mashhad,mobile,2,5,wallet,2023-12-16,493,10,invalid_unit_cost
S000291304,2023-10-20,C049300,Maryam,Rahimi,maryam.rahimi49300@example.com,9164353994.0,Rasht,2024-09-11,P00393,Mini Shirt 393,Health,,125.04,B022,Outlet Branch 22,Rasht,mobile,2,5,CARD,2023-05-13,34,30,missing_unit_cost
S000291473,2025-10-08,C039383,Arman,Hosseini,arman.hosseini39383@example.com,9801055107.0,Shiraz,2022-12-19,P00145,Prime Headphones 145,Sports,196.35,266.58,B027,Express Branch 27,shiraz,store,-1,25,wallet,2024-05-01,322,10,invalid_quantity
S000291932,2023-12-11,C029701,Maryam,Salehi,maryam.salehi29701@example.com,9194082429.0,isfahan,2023-01-13,P00463,Plus Puzzle 463,Books,68.42,131.58,B039,Mall Branch 39,Shiraz,online,0,10,card,2023-06-09,148,10,invalid_quantity
S000292590,2025-04-11,C022051,Leila,Jafari,leila.jafari22051@example.com,9562858008.0,Tehran,2022-06-08,P00220,Smart Cream 220,Furniture,113.15,,B010,Central Branch 10,Rasht,mobile,6,0,CARD,2025-10-13,235,40,missing_unit_price
S000293169,2025-10-04,C042375,Maryam,Ahmadi,maryam.ahmadi42375@example.com,9789964097.0,Tabriz,2021-11-13,P00269,Smart Desk 269,Grocery,325.45,721.28,B005,South Branch 5,TEHRAN,online,0,15,card,2023-08-30,59,30,invalid_quantity
S000294105,2023-03-03,C012526,Neda,Jafari,neda.jafari12526@example.com,9534506901.0,Rasht,2021-05-14,P00065,Basic Mixer 65,Sports,,805.32,B030,Airport Branch 30,Mashhad,mobile,1,0,online,2024-07-03,14,10,missing_unit_cost
S000294343,2023-07-09,C000096,Maryam,Hosseini,maryam.hosseini96@example.com,9479759538.0,Tabriz,2024-11-26,P00069,Eco Ball 69,Grocery,41.97,62.04,B020,North Branch 20,Shiraz,online,1,120,Online,2024-11-20,21,75,invalid_discount_percent
S000294406,2024-01-21,C013953,Leila,Mohammadi,leila.mohammadi13953@example.com,9992970736.0,Tehran,2022-03-22,P00151,Prime Coffee 151,Garden,396.9,465.8,B024,Outlet Branch 24,TEHRAN,store,0,5,CARD,2024-04-02,343,30,invalid_quantity
S000294676,2025-03-21,C047986,Omid,Mohammadi,omid.mohammadi47986@example.com,9489678379.0,Mashhad,2023-07-14,P00500,Nova Headphones 500,Furniture,126.81,193.21,B030,Airport Branch 30,Mashhad,mobile,-1,0,online,2023-05-15,122,40,invalid_quantity
S000295177,2025-12-27,C001628,Yasin,Rahimi,yasin.rahimi1628@example.com,9758245742.0,Tehran,2021-12-04,P00251,Eco Shirt 251,Garden,386.68,-910.55,B009,South Branch 9,isfahan,store,10,0,wallet,2023-08-21,162,75,invalid_unit_price
S000295525,2023-08-17,C037279,Arman,Akbari,arman.akbari37279@example.com,9924950029.0,Tehran,2023-11-24,P00477,Eco Notebook 477,Baby,324.84,410.46,B006,North Branch 6,tehran,online,2,0,online,2025-03-22,185,20,duplicate_sale_id
S000295555,2024-07-25,C036411,Arman,Ahmadi,arman.ahmadi36411@example.com,9502165286.0,Qom,2024-03-31,P00338,Pro Puzzle 338,Travel,-237.05,369.95,B027,Express Branch 27,shiraz,store,4,5,online,2025-09-21,230,50,invalid_unit_cost
S000295643,2023-07-05,C029921,Neda,Hosseini,neda.hosseini29921@example.com,9745759790.0,Tehran,2022-10-08,P00086,Plus Cream 86,Toys,326.49,808.57,B014,Bazaar Branch 14,shiraz,mobile,0,5,card,2024-07-17,233,100,invalid_quantity
S000295841,2024-11-13,C048788,Mina,Ahmadi,mina.ahmadi48788@example.com,9328683301.0,Shiraz,2023-12-30,P00466,Classic Mixer 466,Toys,194.76,,B032,Central Branch 32,shiraz,partner,3,15,cash,2023-01-18,380,50,missing_unit_price
S000296880,2025-01-10,C045051,Leila,Jafari,leila.jafari45051@example.com,9309127417.0,Karaj,2022-08-27,P00294,Basic Headphones 294,Jewelry,58.86,141.09,B037,Bazaar Branch 37,Tehran,online,0,20,card,2025-01-16,469,40,invalid_quantity
S000296906,2025-06-30,C018570,Sara,Ahmadi,sara.ahmadi18570@example.com,9575595245.0,Qom,2021-07-12,P00175,Smart Sneakers 175,Music,,449.81,B008,West Branch 8,Isfahan,store,3,15,card,2025-07-07,373,75,missing_unit_cost
S000297879,2024-05-24,C009772,Hana,Hosseini,hana.hosseini9772@example.com,9646997742.0,Tehran,2021-05-13,P00245,Pro Shirt 245,Sports,346.68,922.26,B035,Mall Branch 35,isfahan,mobile,-5,20,card,2024-07-13,252,40,invalid_quantity
S000298117,2024-12-30,C027988,Mina,Hosseini,mina.hosseini27988@example.com,9323463955.0,TEHRAN,2023-11-11,P00017,Classic Puzzle 17,Baby,318.55,672.98,B016,North Branch 16,Rasht,online,0,15,card,2023-10-18,403,10,invalid_quantity
S000299092,2024-04-19,C008792,Arman,Karimi,arman.karimi8792@example.com,9484513349.0,Rasht,2024-10-26,P00418,Smart Headphones 418,Travel,77.77,,B013,Outlet Branch 13,Mashhad,mobile,1,20,cash,2024-12-04,437,20,missing_unit_price
S000299354,2024-06-29,C042364,Reza,Akbari,reza.akbari42364@example.com,9298294717.0,Mashhad,2020-09-29,P00496,Basic Sneakers 496,Pets,175.81,360.45,B040,Outlet Branch 40,tehran,online,0,10,wallet,2023-03-26,148,40,invalid_quantity
S000299707,2025-08-13,C031863,Neda,Akbari,neda.akbari31863@example.com,9464096095.0,tehran,2022-03-30,P00417,Basic Mixer 417,Baby,,246.46,B012,South Branch 12,Mashhad,online,3,20,wallet,2023-11-19,101,40,missing_unit_cost
S000300102,2023-02-06,C036043,Arman,Ahmadi,arman.ahmadi36043@example.com,9912317637.0,tehran,2024-04-04,P00337,Nova Sneakers 337,Baby,-266.29,458.7,B027,Express Branch 27,shiraz,store,4,0,CARD,2024-08-24,37,75,invalid_unit_cost
S000300180,2025-12-21,C044981,Mina,Moradi,mina.moradi44981@example.com,9248764402.0,TEHRAN,2022-11-02,P00072,Max Desk 72,Automotive,260.74,-662.34,B028,Express Branch 28,isfahan,partner,8,0,Online,2024-05-21,133,40,invalid_unit_price
S000300350,2024-08-14,C048151,Arman,Jafari,arman.jafari48151@example.com,9193812817.0,isfahan,2021-01-11,P00422,Prime Desk 422,Home Appliances,179.61,346.09,B039,Mall Branch 39,Shiraz,online,1,120,cash,2024-07-07,29,40,invalid_discount_percent
S000300591,2023-07-08,C034382,Arman,Karimi,arman.karimi34382@example.com,9756351884.0,TEHRAN,2024-05-04,P00419,Prime Cream 419,Gaming,154.82,206.51,B021,Airport Branch 21,tehran,online,0,25,CARD,2024-03-20,330,10,invalid_quantity
S000301082,2024-09-18,C012193,Amir,Hosseini,amir.hosseini12193@example.com,9650461706.0,Rasht,2020-06-01,P00211,Max Cream 211,Garden,327.13,381.27,B003,Bazaar Branch 3,Karaj,online,-2,0,cash,2025-07-04,92,40,invalid_quantity
S000301828,2025-06-06,C049113,Maryam,Hosseini,maryam.hosseini49113@example.com,9734619192.0,Shiraz,2023-11-01,P00126,Plus Puzzle 126,Toys,213.24,527.92,B039,Mall Branch 39,Shiraz,online,0,0,cash,2025-08-23,23,40,invalid_quantity
S000302343,2024-03-10,C016638,Sara,Rahimi,sara.rahimi16638@example.com,9777172473.0,Tehran,2020-10-19,P00495,Prime Puzzle 495,Music,266.31,,B025,Bazaar Branch 25,Tehran,mobile,6,0,cash,2025-08-05,148,10,missing_unit_price
S000302508,2023-02-06,C012683,Sara,Moradi,sara.moradi12683@example.com,9893465383.0,shiraz,2024-05-05,P00206,Basic Shirt 206,Toys,,589.63,B040,Outlet Branch 40,tehran,online,6,20,card,2024-11-26,429,30,missing_unit_cost
S000303065,2023-11-28,C030259,Hana,Moradi,hana.moradi30259@example.com,9204126212.0,tehran,2023-01-27,P00251,Eco Shirt 251,Garden,386.68,910.55,B003,Bazaar Branch 3,Karaj,online,0,10,CARD,2024-03-15,372,20,invalid_quantity
S000303302,2023-11-12,C044997,Yasin,Karimi,yasin.karimi44997@example.com,9208324390.0,tehran,2023-06-18,P00335,Prime Shirt 335,Music,134.04,309.67,B018,North Branch 18,Tabriz,partner,1,15,online,2024-05-17,440,100,duplicate_sale_id
S000304285,2023-12-16,C021537,Amir,Rahimi,amir.rahimi21537@example.com,9683991607.0,Shiraz,2024-07-22,P00356,Basic Desk 356,Pets,157.9,309.83,B034,Express Branch 34,isfahan,partner,-2,25,wallet,2023-11-12,269,75,invalid_quantity
S000304302,2024-05-19,C013198,Maryam,Akbari,maryam.akbari13198@example.com,9222689749.0,TEHRAN,2024-09-05,P00410,Classic Mixer 410,Office,327.16,425.14,B034,Express Branch 34,isfahan,partner,0,0,cash,2025-09-19,396,50,invalid_quantity
S000304649,2025-03-30,C021446,Omid,Rostami,omid.rostami21446@example.com,9536573030.0,shiraz,2020-09-26,P00013,Plus Notebook 13,Health,-217.38,305.51,B039,Mall Branch 39,Shiraz,online,8,5,cash,2025-01-17,179,100,invalid_unit_cost
S000305183,2023-02-06,C047993,Omid,Jafari,omid.jafari47993@example.com,9537994572.0,Karaj,2020-04-30,P00175,Smart Sneakers 175,Music,258.3,-449.81,B002,Mall Branch 2,Karaj,partner,2,5,Online,2024-11-29,496,100,invalid_unit_price
S000305309,2023-11-24,C022225,Reza,Ahmadi,reza.ahmadi22225@example.com,9576474494.0,shiraz,2022-10-23,P00277,Nova Shirt 277,Baby,,27.89,B032,Central Branch 32,shiraz,partner,1,0,wallet,2025-08-29,127,20,missing_unit_cost
S000305539,2023-09-27,C023307,Reza,Akbari,reza.akbari23307@example.com,9716019011.0,Karaj,2021-11-16,P00146,Max Cream 146,Toys,343.18,874.03,B016,North Branch 16,Rasht,online,0,0,online,2023-05-06,181,75,invalid_quantity
S000305594,2024-05-30,C025505,Neda,Ahmadi,neda.ahmadi25505@example.com,9904866211.0,Tabriz,2021-11-13,P00221,Eco Ball 221,Electronics,159.84,,B008,West Branch 8,Isfahan,store,1,0,wallet,2024-04-24,99,10,missing_unit_price
S000306357,2025-09-30,C003203,Amir,Akbari,amir.akbari3203@example.com,9168144785.0,Qom,2020-04-10,P00040,Plus Cream 40,Furniture,273.99,678.66,B020,North Branch 20,Shiraz,online,2,120,cash,2025-06-11,458,100,invalid_discount_percent
S000306776,2025-09-07,C029246,Sara,Akbari,sara.akbari29246@example.com,9498360779.0,Qom,2022-03-09,P00011,Prime Ball 11,Garden,73.98,195.05,B036,Express Branch 36,TEHRAN,store,0,20,cash,2025-10-31,129,10,invalid_quantity
S000307488,2025-04-30,C048592,Maryam,Hosseini,maryam.hosseini48592@example.com,9382869738.0,Shiraz,2024-10-09,P00440,Basic Shirt 440,Furniture,254.49,698.9,B012,South Branch 12,Mashhad,online,-2,0,card,2023-03-08,86,10,invalid_quantity
S000308013,2024-06-30,C047776,Maryam,Ahmadi,maryam.ahmadi47776@example.com,9613855013.0,TEHRAN,2023-07-21,P00383,Basic Ball 383,Books,246.85,639.81,B032,Central Branch 32,shiraz,partner,0,0,wallet,2023-11-16,112,40,invalid_quantity
S000308110,2025-10-16,C021426,Arman,Ahmadi,arman.ahmadi21426@example.com,9688711841.0,Karaj,2023-02-15,P00493,Smart Ball 493,Health,,387.38,B015,Outlet Branch 15,Isfahan,partner,2,15,cash,2025-04-13,222,100,missing_unit_cost
S000308845,2023-09-03,C025116,Neda,Moradi,neda.moradi25116@example.com,9475287784.0,Isfahan,2024-07-02,P00376,Nova Notebook 376,Pets,58.43,,B018,North Branch 18,Tabriz,partner,8,20,cash,2024-01-28,131,30,missing_unit_price
S000309196,2023-12-13,C037967,Hana,Salehi,hana.salehi37967@example.com,9560165080.0,Shiraz,2023-06-10,P00078,Smart Cream 78,Travel,-7.24,19.81,B004,Bazaar Branch 4,Rasht,partner,1,20,cash,2023-10-31,311,20,invalid_unit_cost
S000309250,2024-03-12,C013496,Neda,Rostami,neda.rostami13496@example.com,9125455301.0,Shiraz,2022-07-15,P00325,Pro Sneakers 325,Sports,168.9,456.16,B029,North Branch 29,TEHRAN,mobile,0,5,wallet,2024-07-02,299,100,invalid_quantity
S000310186,2023-10-18,C004767,Omid,Mohammadi,omid.mohammadi4767@example.com,9248472045.0,Karaj,2023-02-17,P00350,Plus Notebook 350,Office,165.98,-197.33,B036,Express Branch 36,TEHRAN,store,1,5,online,2023-03-17,138,75,invalid_unit_price
S000310487,2025-05-19,C012597,Yasin,Moradi,yasin.moradi12597@example.com,9898200698.0,TEHRAN,2024-01-13,P00331,Classic Coffee 331,Garden,24.75,35.69,B008,West Branch 8,Isfahan,store,0,0,online,2023-10-12,175,30,invalid_quantity
S000310691,2023-11-21,C040748,Leila,Moradi,leila.moradi40748@example.com,9387458089.0,Tehran,2021-10-14,P00414,Max Mixer 414,Jewelry,179.29,279.68,B022,Outlet Branch 22,Rasht,mobile,-3,0,wallet,2025-02-24,51,75,invalid_quantity
S000310911,2023-03-27,C044083,Hana,Akbari,hana.akbari44083@example.com,9217589589.0,Tabriz,2022-03-29,P00278,Eco Puzzle 278,Travel,,227.77,B021,Airport Branch 21,tehran,online,3,20,Online,2023-12-18,266,75,missing_unit_cost
S000311079,2024-01-30,C025664,Arman,Hosseini,arman.hosseini25664@example.com,9304366281.0,Isfahan,2022-01-24,P00230,Eco Puzzle 230,Office,255.77,608.45,B034,Express Branch 34,isfahan,partner,3,5,online,2024-07-07,325,50,duplicate_sale_id
S000311724,2024-11-22,C025957,Arman,Jafari,arman.jafari25957@example.com,9310677849.0,tehran,2020-12-31,P00296,Smart Sneakers 296,Pets,276.49,703.33,B002,Mall Branch 2,Karaj,partner,0,15,card,2025-08-10,345,50,invalid_quantity
S000312096,2024-07-24,C046952,Neda,Karimi,neda.karimi46952@example.com,9392812253.0,Isfahan,2024-05-31,P00046,Nova Notebook 46,Toys,350.7,,B030,Airport Branch 30,Mashhad,mobile,3,0,CARD,2025-10-27,105,20,missing_unit_price
S000312364,2024-02-15,C011659,Mina,Mohammadi,mina.mohammadi11659@example.com,9917203433.0,Qom,2022-10-31,P00321,Classic Desk 321,Electronics,261.02,359.94,B027,Express Branch 27,shiraz,store,5,120,cash,2025-10-24,238,50,invalid_discount_percent
S000312961,2025-12-02,C027879,Reza,Rahimi,reza.rahimi27879@example.com,9329579167.0,Mashhad,2020-07-07,P00161,Nova Puzzle 161,Electronics,327.64,748.18,B036,Express Branch 36,TEHRAN,store,0,10,Online,2024-12-30,3,20,invalid_quantity
S000313712,2025-11-16,C007023,Ali,Mohammadi,ali.mohammadi7023@example.com,9289832340.0,Qom,2022-08-22,P00405,Prime Coffee 405,Sports,,772.23,B013,Outlet Branch 13,Mashhad,mobile,2,15,card,2024-02-02,46,20,missing_unit_cost
S000313743,2023-10-09,C031232,Arman,Moradi,arman.moradi31232@example.com,9266866596.0,Tehran,2020-07-06,P00281,Basic Puzzle 281,Electronics,-55.09,127.69,B007,Central Branch 7,Qom,partner,3,0,card,2025-03-01,210,75,invalid_unit_cost
S000313894,2024-02-07,C020607,Reza,Mohammadi,reza.mohammadi20607@example.com,9950859398.0,Karaj,2023-06-06,P00266,Pro Puzzle 266,Toys,376.89,618.7,B031,North Branch 31,Tehran,store,-4,15,online,2024-05-04,374,20,invalid_quantity
S000314198,2024-05-28,C030872,Leila,Akbari,leila.akbari30872@example.com,9610336947.0,Rasht,2022-04-18,P00235,Max Coffee 235,Music,226.41,613.19,B031,North Branch 31,Tehran,store,0,0,CARD,2025-02-26,374,100,invalid_quantity
S000315189,2023-02-07,C026722,Mina,Rostami,mina.rostami26722@example.com,9880525821.0,TEHRAN,2022-11-25,P00380,Pro Notebook 380,Furniture,132.42,-291.35,B029,North Branch 29,TEHRAN,mobile,5,0,wallet,2025-10-20,110,100,invalid_unit_price
S000315347,2024-10-01,C014533,Arman,Salehi,arman.salehi14533@example.com,9945820169.0,tehran,2022-10-05,P00049,Max Notebook 49,Grocery,105.19,,B029,North Branch 29,TEHRAN,mobile,3,15,online,2025-04-03,198,30,missing_unit_price
S000315435,2024-02-02,C012502,Reza,Rostami,reza.rostami12502@example.com,9793903485.0,Tabriz,2020-07-16,P00046,Nova Notebook 46,Toys,350.7,730.29,B037,Bazaar Branch 37,Tehran,online,0,15,CARD,2025-05-03,81,100,invalid_quantity
S000316513,2025-12-09,C025106,Maryam,Moradi,maryam.moradi25106@example.com,9419101882.0,tehran,2024-06-19,P00223,Eco Puzzle 223,Books,,632.39,B016,North Branch 16,Rasht,online,1,0,card,2024-04-24,58,40,missing_unit_cost
S000316672,2023-10-15,C049873,Mina,Akbari,mina.akbari49873@example.com,9338525398.0,isfahan,2021-04-11,P00050,Smart Notebook 50,Office,230.15,636.37,B017,Express Branch 17,tehran,online,0,0,CARD,2023-04-29,152,40,invalid_quantity
S000317097,2023-08-31,C044707,Sara,Ahmadi,sara.ahmadi44707@example.com,9993320730.0,Tabriz,2020-05-23,P00290,Nova Mixer 290,Office,160.58,216.38,B001,Central Branch 1,Rasht,online,-4,5,card,2024-02-12,426,30,invalid_quantity
S000317909,2024-10-01,C009647,Leila,Salehi,leila.salehi9647@example.com,9768352481.0,Qom,2020-08-20,P00490,Classic Sneakers 490,Office,201.05,322.63,B005,South Branch 5,TEHRAN,online,0,20,wallet,2024-05-12,14,30,invalid_quantity
S000318290,2024-10-12,C033894,Hana,Hosseini,hana.hosseini33894@example.com,9415503417.0,Tabriz,2024-10-20,P00251,Eco Shirt 251,Garden,-386.68,910.55,B010,Central Branch 10,Rasht,mobile,6,0,wallet,2023-10-22,46,75,invalid_unit_cost
S000318371,2023-06-06,C009915,Amir,Karimi,amir.karimi9915@example.com,9836242284.0,Shiraz,2022-05-25,P00047,Eco Desk 47,Clothing,96.95,241.24,B005,South Branch 5,TEHRAN,online,3,120,CARD,2025-01-26,198,10,invalid_discount_percent
S000318598,2024-09-10,C046954,Yasin,Karimi,yasin.karimi46954@example.com,9902257779.0,Tehran,2022-03-10,P00237,Classic Puzzle 237,Baby,143.02,,B029,North Branch 29,TEHRAN,mobile,2,25,CARD,2024-06-19,327,75,missing_unit_price
S000318856,2023-03-30,C021925,Arman,Karimi,arman.karimi21925@example.com,9597790155.0,isfahan,2023-04-14,P00043,Prime Mixer 43,Books,59.66,72.72,B023,Bazaar Branch 23,Rasht,mobile,3,0,CARD,2025-08-02,165,75,duplicate_sale_id
S000319146,2025-08-11,C039797,Mina,Mohammadi,mina.mohammadi39797@example.com,9839168742.0,Mashhad,2023-05-14,P00492,Eco Sneakers 492,Automotive,247.47,496.34,B033,South Branch 33,isfahan,online,0,0,online,2023-02-24,411,20,invalid_quantity
S000319314,2023-09-14,C026299,Maryam,Ahmadi,maryam.ahmadi26299@example.com,9611168886.0,Rasht,2020-05-12,P00300,Max Cream 300,Furniture,,670.68,B026,Central Branch 26,Mashhad,partner,1,5,online,2025-05-16,52,40,missing_unit_cost
S000320192,2024-07-09,C042962,Hana,Mohammadi,hana.mohammadi42962@example.com,9579956284.0,TEHRAN,2024-06-02,P00021,Classic Notebook 21,Electronics,378.84,-644.97,B040,Outlet Branch 40,tehran,online,1,0,Online,2024-01-07,209,75,invalid_unit_price
S000320300,2024-07-27,C044589,Hana,Ahmadi,hana.ahmadi44589@example.com,9741660463.0,Mashhad,2021-08-16,P00254,Max Desk 254,Jewelry,239.84,534.85,B001,Central Branch 1,Rasht,online,-1,5,CARD,2024-06-02,230,50,invalid_quantity
S000320383,2023-10-31,C015671,Arman,Hosseini,arman.hosseini15671@example.com,9107758300.0,Mashhad,2023-07-09,P00258,Basic Headphones 258,Travel,339.57,654.66,B040,Outlet Branch 40,tehran,online,0,20,wallet,2024-02-29,48,75,invalid_quantity
S000321620,2023-05-27,C043494,Maryam,Jafari,maryam.jafari43494@example.com,9337539179.0,Karaj,2020-12-19,P00120,Pro Cream 120,Furniture,105.07,128.77,B040,Outlet Branch 40,tehran,online,0,15,wallet,2024-09-26,439,50,invalid_quantity
S000321849,2025-11-02,C033883,Leila,Rahimi,leila.rahimi33883@example.com,9944162915.0,isfahan,2024-10-30,P00285,Nova Ball 285,Sports,11.64,,B006,North Branch 6,tehran,online,3,20,online,2023-03-31,478,50,missing_unit_price
S000322115,2025-05-06,C026185,Omid,Moradi,omid.moradi26185@example.com,9362032025.0,isfahan,2024-04-19,P00431,Smart Coffee 431,Garden,,444.28,B010,Central Branch 10,Rasht,mobile,2,0,card,2024-03-14,36,50,missing_unit_cost
S000322837,2024-09-24,C013139,Omid,Ahmadi,omid.ahmadi13139@example.com,9366669337.0,Shiraz,2022-05-18,P00353,Max Headphones 353,Health,-273.14,584.02,B010,Central Branch 10,Rasht,mobile,2,25,wallet,2023-09-09,454,100,invalid_unit_cost
S000322857,2024-05-22,C019056,Leila,Salehi,leila.salehi19056@example.com,9655319078.0,tehran,2021-07-25,P00380,Pro Notebook 380,Furniture,132.42,291.35,B004,Bazaar Branch 4,Rasht,partner,0,15,online,2025-12-13,387,40,invalid_quantity
S000323503,2023-12-16,C041615,Leila,Karimi,leila.karimi41615@example.com,9412801898.0,TEHRAN,2021-08-01,P00192,Max Shirt 192,Automotive,226.79,307.74,B001,Central Branch 1,Rasht,online,-4,10,card,2024-12-19,279,40,invalid_quantity
S000324094,2025-12-14,C007672,Neda,Ahmadi,neda.ahmadi7672@example.com,9167400710.0,Isfahan,2021-04-02,P00465,Prime Desk 465,Sports,17.93,41.34,B039,Mall Branch 39,Shiraz,online,0,15,card,2025-11-22,275,30,invalid_quantity
S000324378,2023-08-29,C047348,Ali,Rahimi,ali.rahimi47348@example.com,9741028662.0,Shiraz,2024-10-24,P00022,Eco Coffee 22,Home Appliances,177.76,303.68,B018,North Branch 18,Tabriz,partner,3,120,CARD,2024-05-24,55,50,invalid_discount_percent
S000324916,2024-11-02,C007933,Maryam,Salehi,maryam.salehi7933@example.com,9858634790.0,Mashhad,2023-03-05,P00486,Classic Notebook 486,Toys,,132.29,B034,Express Branch 34,isfahan,partner,4,20,wallet,2023-01-14,111,50,missing_unit_cost
S000325100,2024-08-09,C047584,Yasin,Ahmadi,yasin.ahmadi47584@example.com,9265018406.0,Isfahan,2023-12-14,P00248,Mini Ball 248,Shoes,239.95,,B003,Bazaar Branch 3,Karaj,online,2,10,Online,2025-06-19,100,30,missing_unit_price
S000325195,2024-03-31,C029561,Hana,Ahmadi,hana.ahmadi29561@example.com,9643882995.0,isfahan,2023-01-25,P00205,Max Ball 205,Sports,276.44,-597.66,B013,Outlet Branch 13,Mashhad,mobile,10,20,card,2025-08-09,433,50,invalid_unit_price
S000325331,2023-10-20,C032258,Reza,Rahimi,reza.rahimi32258@example.com,9635567449.0,shiraz,2024-11-04,P00118,Classic Notebook 118,Travel,123.09,220.66,B006,North Branch 6,tehran,online,0,25,Online,2024-04-26,274,20,invalid_quantity
S000326568,2024-02-11,C005949,Arman,Jafari,arman.jafari5949@example.com,9688070959.0,TEHRAN,2020-08-14,P00140,Prime Sneakers 140,Furniture,245.7,525.65,B005,South Branch 5,TEHRAN,online,0,10,cash,2023-07-13,454,75,invalid_quantity
S000326633,2024-07-29,C045385,Leila,Akbari,leila.akbari45385@example.com,9402908270.0,Tehran,2021-04-08,P00124,Plus Coffee 124,Beauty,200.91,367.89,B010,Central Branch 10,Rasht,mobile,1,10,CARD,2023-03-11,137,100,duplicate_sale_id
S000326706,2025-06-17,C038662,Maryam,Jafari,maryam.jafari38662@example.com,9239969595.0,Tabriz,2024-08-07,P00217,Max Sneakers 217,Baby,105.85,160.48,B030,Airport Branch 30,Mashhad,mobile,-4,0,Online,2025-02-04,286,50,invalid_quantity
S000327384,2025-10-24,C042574,Yasin,Jafari,yasin.jafari42574@example.com,9175472800.0,Tehran,2021-07-06,P00031,Mini Coffee 31,Garden,-22.73,26.89,B037,Bazaar Branch 37,Tehran,online,1,15,wallet,2024-11-30,52,30,invalid_unit_cost
S000327717,2023-06-24,C025614,Yasin,Jafari,yasin.jafari25614@example.com,9278070055.0,tehran,2023-05-30,P00042,Max Mixer 42,Home Appliances,,609.82,B033,South Branch 33,isfahan,online,1,20,cash,2023-09-18,100,20,missing_unit_cost
S000327805,2023-07-01,C018833,Leila,Moradi,leila.moradi18833@example.com,9837932054.0,Qom,2020-09-14,P00390,Eco Cream 390,Office,145.86,323.51,B040,Outlet Branch 40,tehran,online,0,10,cash,2024-09-09,255,100,invalid_quantity
S000328351,2023-06-19,C007708,Reza,Rahimi,reza.rahimi7708@example.com,9113737153.0,isfahan,2024-05-22,P00219,Plus Desk 219,Gaming,200.27,,B027,Express Branch 27,shiraz,store,3,10,online,2024-03-04,39,20,missing_unit_price
S000329042,2025-09-27,C031666,Leila,Karimi,leila.karimi31666@example.com,9836397848.0,isfahan,2023-08-08,P00296,Smart Sneakers 296,Pets,276.49,703.33,B003,Bazaar Branch 3,Karaj,online,0,0,cash,2023-11-27,104,50,invalid_quantity
S000329909,2024-08-18,C044449,Sara,Rostami,sara.rostami44449@example.com,9805462357.0,Isfahan,2021-08-23,P00264,Pro Desk 264,Beauty,281.41,612.86,B014,Bazaar Branch 14,shiraz,mobile,-5,0,card,2023-08-18,132,100,invalid_quantity
S000330198,2023-08-21,C011693,Omid,Rostami,omid.rostami11693@example.com,9159490793.0,TEHRAN,2022-01-17,P00365,Basic Shirt 365,Sports,259.92,-432.66,B033,South Branch 33,isfahan,online,2,0,online,2023-03-29,215,50,invalid_unit_price
S000330279,2024-02-25,C033258,Reza,Hosseini,reza.hosseini33258@example.com,9835861357.0,Qom,2022-05-18,P00484,Classic Mixer 484,Beauty,335.8,844.89,B002,Mall Branch 2,Karaj,partner,0,20,CARD,2023-09-08,209,30,invalid_quantity
S000330385,2023-09-03,C012845,Sara,Salehi,sara.salehi12845@example.com,9574941724.0,Rasht,2021-05-31,P00039,Mini Shirt 39,Gaming,160.85,364.32,B025,Bazaar Branch 25,Tehran,mobile,1,120,online,2025-05-26,349,100,invalid_discount_percent
S000330518,2025-10-09,C028559,Arman,Jafari,arman.jafari28559@example.com,9311505881.0,Karaj,2023-03-07,P00216,Eco Shirt 216,Pets,,440.09,B020,North Branch 20,Shiraz,online,1,15,wallet,2025-07-19,339,75,missing_unit_cost
S000331516,2024-02-19,C046369,Reza,Rahimi,reza.rahimi46369@example.com,9960894842.0,Tabriz,2022-07-15,P00114,Prime Shirt 114,Jewelry,308.99,847.84,B009,South Branch 9,isfahan,store,0,0,CARD,2024-06-07,343,20,invalid_quantity
S000331602,2023-09-15,C041624,Sara,Akbari,sara.akbari41624@example.com,9332128888.0,Mashhad,2020-04-28,P00298,Classic Sneakers 298,Travel,336.48,,B027,Express Branch 27,shiraz,store,6,20,cash,2025-01-05,269,10,missing_unit_price
S000331931,2025-01-28,C042267,Omid,Karimi,omid.karimi42267@example.com,9138955726.0,tehran,2020-08-21,P00363,Plus Ball 363,Books,-113.88,239.16,B033,South Branch 33,isfahan,online,1,0,Online,2025-02-15,473,50,invalid_unit_cost
S000332753,2023-08-18,C013050,Leila,Salehi,leila.salehi13050@example.com,9701881842.0,Tehran,2020-03-30,P00019,Pro Coffee 19,Gaming,77.76,112.44,B034,Express Branch 34,isfahan,partner,0,25,wallet,2025-02-06,389,50,invalid_quantity
S000333112,2025-11-23,C023236,Yasin,Mohammadi,yasin.mohammadi23236@example.com,9495279056.0,Shiraz,2022-02-20,P00179,Pro Puzzle 179,Gaming,78.04,192.56,B022,Outlet Branch 22,Rasht,mobile,-2,25,cash,2023-07-16,82,30,invalid_quantity
S000333319,2025-02-26,C047331,Mina,Rostami,mina.rostami47331@example.com,9302883853.0,Mashhad,2021-09-18,P00375,Basic Cream 375,Music,,358.53,B029,North Branch 29,TEHRAN,mobile,3,15,online,2025-10-23,500,100,missing_unit_cost
S000333990,2025-05-27,C049039,Amir,Salehi,amir.salehi49039@example.com,9193577390.0,Tehran,2022-01-04,P00290,Nova Mixer 290,Office,160.58,216.38,B005,South Branch 5,TEHRAN,online,0,0,Online,2023-10-14,358,10,invalid_quantity
S000334410,2024-10-13,C003707,Reza,Jafari,reza.jafari3707@example.com,9331073681.0,Qom,2022-07-14,P00002,Classic Ball 2,Home Appliances,205.44,250.43,B028,Express Branch 28,isfahan,partner,1,15,cash,2023-05-23,320,100,duplicate_sale_id
S000334853,2024-11-17,C012787,Ali,Akbari,ali.akbari12787@example.com,9842357881.0,Tabriz,2024-01-01,P00012,Classic Headphones 12,Automotive,167.7,,B040,Outlet Branch 40,tehran,online,2,10,cash,2024-12-15,210,100,missing_unit_price
S000335201,2024-05-22,C009749,Ali,Mohammadi,ali.mohammadi9749@example.com,9757488292.0,tehran,2021-12-19,P00310,Smart Coffee 310,Office,201.78,-331.87,B039,Mall Branch 39,Shiraz,online,3,0,wallet,2024-05-07,434,50,invalid_unit_price
S000335227,2024-10-29,C038609,Hana,Hosseini,hana.hosseini38609@example.com,9177743020.0,Mashhad,2022-11-07,P00031,Mini Coffee 31,Garden,22.73,26.89,B024,Outlet Branch 24,TEHRAN,store,0,10,online,2024-06-30,284,20,invalid_quantity
S000336120,2024-02-29,C031907,Leila,Akbari,leila.akbari31907@example.com,9990122725.0,Tabriz,2022-01-17,P00353,Max Headphones 353,Health,,584.02,B040,Outlet Branch 40,tehran,online,1,5,online,2023-06-02,212,75,missing_unit_cost
S000336315,2023-05-17,C032741,Leila,Jafari,leila.jafari32741@example.com,9987449041.0,Shiraz,2021-05-21,P00072,Max Desk 72,Automotive,260.74,662.34,B021,Airport Branch 21,tehran,online,-5,20,cash,2025-08-11,117,40,invalid_quantity
S000336392,2024-07-20,C007238,Ali,Mohammadi,ali.mohammadi7238@example.com,9131488819.0,tehran,2023-12-26,P00491,Classic Desk 491,Garden,287.98,508.98,B011,Central Branch 11,TEHRAN,partner,8,120,cash,2025-02-04,473,40,invalid_discount_percent
S000336464,2023-04-29,C040112,Sara,Jafari,sara.jafari40112@example.com,9319391511.0,Karaj,2021-05-29,P00375,Basic Cream 375,Music,228.29,358.53,B023,Bazaar Branch 23,Rasht,mobile,0,25,cash,2025-04-03,125,30,invalid_quantity
S000336478,2025-08-07,C044558,Sara,Akbari,sara.akbari44558@example.com,9959061490.0,shiraz,2022-08-04,P00443,Smart Puzzle 443,Books,-337.64,456.41,B031,North Branch 31,Tehran,store,5,15,wallet,2025-06-09,440,100,invalid_unit_cost
S000337701,2025-07-03,C024898,Amir,Jafari,amir.jafari24898@example.com,9135737261.0,isfahan,2024-01-06,P00421,Classic Sneakers 421,Electronics,195.9,330.92,B022,Outlet Branch 22,Rasht,mobile,0,0,card,2025-01-31,419,30,invalid_quantity
S000338104,2024-10-19,C042787,Hana,Ahmadi,hana.ahmadi42787@example.com,9310567413.0,Rasht,2021-10-06,P00057,Classic Ball 57,Baby,229.73,,B014,Bazaar Branch 14,shiraz,mobile,3,0,cash,2025-12-11,396,40,missing_unit_price
S000338921,2025-04-11,C015721,Sara,Mohammadi,sara.mohammadi15721@example.com,9533370697.0,shiraz,2023-11-28,P00159,Max Notebook 159,Gaming,,468.39,B029,North Branch 29,TEHRAN,mobile,1,0,Online,2024-02-04,50,100,missing_unit_cost
S000338938,2024-07-26,C015595,Ali,Akbari,ali.akbari15595@example.com,9104767902.0,Qom,2022-08-16,P00473,Prime Cream 473,Health,292.84,379.75,B011,Central Branch 11,TEHRAN,partner,0,25,wallet,2025-09-10,212,20,invalid_quantity
S000339518,2023-09-30,C008235,Mina,Ahmadi,mina.ahmadi8235@example.com,9966157627.0,isfahan,2022-07-17,P00380,Pro Notebook 380,Furniture,132.42,291.35,B020,North Branch 20,Shiraz,online,-5,0,cash,2024-07-12,92,40,invalid_quantity
S000340175,2023-09-14,C027825,Neda,Moradi,neda.moradi27825@example.com,9531803223.0,Tehran,2022-04-04,P00410,Classic Mixer 410,Office,327.16,425.14,B001,Central Branch 1,Rasht,online,0,25,Online,2025-03-20,66,100,invalid_quantity
S000340204,2024-04-11,C018276,Mina,Ahmadi,mina.ahmadi18276@example.com,9281743640.0,shiraz,2024-04-12,P00098,Plus Shirt 98,Travel,18.48,-50.59,B034,Express Branch 34,isfahan,partner,3,20,card,2023-06-13,34,30,invalid_unit_price
S000341025,2023-06-23,C006966,Mina,Mohammadi,mina.mohammadi6966@example.com,9576797391.0,Tehran,2020-06-18,P00111,Basic Cream 111,Garden,-155.52,295.18,B028,Express Branch 28,isfahan,partner,2,25,online,2024-06-08,18,40,invalid_unit_cost
S000341355,2023-12-26,C038985,Yasin,Salehi,yasin.salehi38985@example.com,9704510364.0,shiraz,2021-11-15,P00430,Nova Puzzle 430,Office,49.37,,B003,Bazaar Branch 3,Karaj,online,3,15,Online,2025-07-02,449,10,missing_unit_price
S000341412,2025-04-24,C040738,Mina,Ahmadi,mina.ahmadi40738@example.com,9955706622.0,Mashhad,2021-07-19,P00158,Prime Coffee 158,Travel,21.38,31.49,B016,North Branch 16,Rasht,online,0,15,cash,2025-06-09,435,100,invalid_quantity
S000341722,2023-10-16,C009098,Hana,Hosseini,hana.hosseini9098@example.com,9534809829.0,shiraz,2024-05-08,P00360,Max Ball 360,Furniture,,149.71,B020,North Branch 20,Shiraz,online,1,0,card,2025-09-16,328,75,missing_unit_cost
S000342187,2024-08-18,C037352,Ali,Jafari,ali.jafari37352@example.com,9486122380.0,Rasht,2022-09-10,P00018,Eco Headphones 18,Travel,87.72,230.0,B024,Outlet Branch 24,TEHRAN,store,3,10,Online,2024-07-10,62,20,duplicate_sale_id
S000342399,2024-11-18,C038704,Hana,Hosseini,hana.hosseini38704@example.com,9486912472.0,Rasht,2024-08-25,P00156,Nova Shirt 156,Pets,184.17,381.04,B009,South Branch 9,isfahan,store,1,120,online,2025-05-15,158,30,invalid_discount_percent
S000342649,2025-07-23,C005794,Omid,Rostami,omid.rostami5794@example.com,9114951382.0,shiraz,2020-07-12,P00369,Pro Desk 369,Grocery,82.64,102.81,B033,South Branch 33,isfahan,online,0,20,cash,2024-12-24,388,20,invalid_quantity
S000342721,2024-06-18,C040874,Reza,Ahmadi,reza.ahmadi40874@example.com,9629563471.0,Mashhad,2023-07-16,P00366,Classic Notebook 366,Toys,320.6,753.55,B002,Mall Branch 2,Karaj,partner,-5,0,CARD,2023-10-09,421,30,invalid_quantity
S000343886,2025-02-16,C048305,Omid,Rahimi,omid.rahimi48305@example.com,9463673522.0,shiraz,2021-10-01,P00214,Nova Cream 214,Jewelry,95.86,187.81,B012,South Branch 12,Mashhad,online,0,20,wallet,2024-07-16,388,50,invalid_quantity
S000344523,2023-06-21,C015752,Yasin,Rostami,yasin.rostami15752@example.com,9773109412.0,Rasht,2020-11-23,P00168,Nova Shirt 168,Shoes,,243.7,B027,Express Branch 27,shiraz,store,4,0,cash,2023-02-06,168,30,missing_unit_cost
S000344606,2025-04-13,C001491,Leila,Rahimi,leila.rahimi1491@example.com,9930729364.0,shiraz,2022-08-02,P00319,Basic Sneakers 319,Gaming,110.8,,B017,Express Branch 17,tehran,online,1,0,Online,2023-03-20,375,40,missing_unit_price
S000345123,2025-08-08,C003933,Mina,Rostami,mina.rostami3933@example.com,9396298467.0,Shiraz,2023-12-17,P00148,Max Coffee 148,Shoes,122.39,210.51,B019,Bazaar Branch 19,Shiraz,mobile,0,0,wallet,2023-02-20,35,10,invalid_quantity
S000345207,2024-01-07,C017275,Arman,Rahimi,arman.rahimi17275@example.com,9204926531.0,shiraz,2022-03-02,P00221,Eco Ball 221,Electronics,159.84,-202.3,B021,Airport Branch 21,tehran,online,2,5,cash,2024-12-05,225,40,invalid_unit_price
S000345572,2023-11-04,C025037,Mina,Karimi,mina.karimi25037@example.com,9486737477.0,Qom,2021-01-13,P00065,Basic Mixer 65,Sports,-381.26,805.32,B027,Express Branch 27,shiraz,store,4,20,cash,2023-07-16,58,40,invalid_unit_cost
S000345924,2024-08-31,C048846,Mina,Akbari,mina.akbari48846@example.com,9226297325.0,Tehran,2024-10-26,P00481,Pro Desk 481,Electronics,333.13,838.02,B002,Mall Branch 2,Karaj,partner,-4,20,CARD,2024-10-29,186,20,invalid_quantity
S000346360,2024-02-05,C007419,Leila,Moradi,leila.moradi7419@example.com,9546309587.0,shiraz,2022-09-08,P00474,Max Mixer 474,Jewelry,62.67,140.44,B028,Express Branch 28,isfahan,partner,0,10,online,2024-09-19,385,75,invalid_quantity
S000347324,2024-02-24,C026888,Maryam,Jafari,maryam.jafari26888@example.com,9736495785.0,shiraz,2024-08-29,P00263,Prime Sneakers 263,Books,,152.9,B034,Express Branch 34,isfahan,partner,8,15,wallet,2024-11-22,213,40,missing_unit_cost
S000347597,2025-11-20,C013827,Hana,Moradi,hana.moradi13827@example.com,9983661160.0,shiraz,2021-02-19,P00185,Classic Mixer 185,Sports,266.46,434.87,B017,Express Branch 17,tehran,online,0,5,card,2025-01-22,426,20,invalid_quantity
S000347857,2023-08-19,C024245,Leila,Rostami,leila.rostami24245@example.com,9991157166.0,isfahan,2022-02-16,P00066,Plus Puzzle 66,Toys,349.69,,B038,East Branch 38,Tehran,mobile,8,20,card,2025-10-18,281,30,missing_unit_price
S000348406,2023-06-04,C017208,Ali,Akbari,ali.akbari17208@example.com,9614640224.0,Isfahan,2021-01-29,P00338,Pro Puzzle 338,Travel,237.05,369.95,B038,East Branch 38,Tehran,mobile,3,120,card,2025-10-10,224,100,invalid_discount_percent
S000348834,2023-03-19,C004454,Hana,Jafari,hana.jafari4454@example.com,9601773279.0,Tehran,2020-03-31,P00340,Mini Mixer 340,Furniture,53.3,69.47,B008,West Branch 8,Isfahan,store,0,0,CARD,2023-10-09,190,30,invalid_quantity
S000349127,2023-11-17,C017848,Reza,Moradi,reza.moradi17848@example.com,9690383396.0,Tehran,2022-01-08,P00433,Prime Notebook 433,Health,187.76,358.31,B019,Bazaar Branch 19,Shiraz,mobile,-2,15,card,2025-12-06,94,100,invalid_quantity
S000349964,2023-07-31,C003342,Mina,Hosseini,mina.hosseini3342@example.com,9298205935.0,Shiraz,2024-10-22,P00206,Basic Shirt 206,Toys,241.09,589.63,B039,Mall Branch 39,Shiraz,online,3,5,card,2025-06-06,207,50,duplicate_sale_id
S000350071,2025-04-27,C018531,Sara,Mohammadi,sara.mohammadi18531@example.com,9891925595.0,shiraz,2021-10-22,P00085,Prime Puzzle 85,Sports,139.2,362.67,B011,Central Branch 11,TEHRAN,partner,0,20,Online,2023-09-03,326,100,invalid_quantity
S000350119,2024-02-06,C040830,Leila,Ahmadi,leila.ahmadi40830@example.com,9108778325.0,Qom,2022-09-13,P00493,Smart Ball 493,Health,-196.16,387.38,B035,Mall Branch 35,isfahan,mobile,8,0,Online,2024-11-18,59,30,invalid_unit_cost
S000350125,2025-09-29,C017623,Hana,Hosseini,hana.hosseini17623@example.com,9167858885.0,tehran,2024-11-05,P00248,Mini Ball 248,Shoes,,284.96,B002,Mall Branch 2,Karaj,partner,4,10,online,2023-09-21,130,30,missing_unit_cost
S000350210,2023-12-29,C003920,Mina,Karimi,mina.karimi3920@example.com,9490608439.0,Tehran,2022-08-28,P00328,Classic Sneakers 328,Shoes,211.53,-335.25,B001,Central Branch 1,Rasht,online,4,0,online,2023-02-19,326,20,invalid_unit_price
S000351108,2024-12-11,C034179,Maryam,Hosseini,maryam.hosseini34179@example.com,9534460558.0,Isfahan,2022-10-29,P00261,Smart Desk 261,Electronics,216.51,,B002,Mall Branch 2,Karaj,partner,4,5,online,2024-09-07,8,75,missing_unit_price
S000351308,2023-07-11,C046576,Leila,Rahimi,leila.rahimi46576@example.com,9122382227.0,shiraz,2022-03-10,P00090,Basic Shirt 90,Office,18.52,40.15,B035,Mall Branch 35,isfahan,mobile,0,10,card,2025-03-03,306,100,invalid_quantity
S000352330,2023-06-07,C012408,Amir,Ahmadi,amir.ahmadi12408@example.com,9899592861.0,Qom,2020-06-08,P00175,Smart Sneakers 175,Music,258.3,449.81,B021,Airport Branch 21,tehran,online,-3,5,card,2025-07-07,85,50,invalid_quantity
S000352545,2023-12-31,C024513,Amir,Hosseini,amir.hosseini24513@example.com,9586400248.0,isfahan,2021-08-31,P00048,Eco Mixer 48,Shoes,350.81,713.98,B013,Outlet Branch 13,Mashhad,mobile,0,20,cash,2024-07-27,130,50,invalid_quantity
S000352926,2025-06-03,C044274,Neda,Ahmadi,neda.ahmadi44274@example.com,9145529542.0,Karaj,2023-09-07,P00090,Basic Shirt 90,Office,,40.15,B018,North Branch 18,Tabriz,partner,1,15,Online,2024-12-09,59,20,missing_unit_cost
S000353782,2025-12-16,C038622,Neda,Mohammadi,neda.mohammadi38622@example.com,9496768943.0,Isfahan,2022-01-26,P00086,Plus Cream 86,Toys,326.49,808.57,B024,Outlet Branch 24,TEHRAN,store,0,15,wallet,2024-12-30,51,100,invalid_quantity
S000354359,2023-01-05,C025596,Leila,Karimi,leila.karimi25596@example.com,9422314068.0,Karaj,2020-12-29,P00387,Pro Ball 387,Clothing,95.04,,B033,South Branch 33,isfahan,online,5,0,online,2024-11-15,292,75,missing_unit_price
S000354413,2025-01-08,C017903,Mina,Jafari,mina.jafari17903@example.com,9505831404.0,tehran,2020-02-26,P00469,Prime Desk 469,Grocery,73.29,87.48,B014,Bazaar Branch 14,shiraz,mobile,1,120,CARD,2025-02-03,56,50,invalid_discount_percent
S000354666,2025-10-20,C004516,Yasin,Hosseini,yasin.hosseini4516@example.com,9968134885.0,tehran,2024-11-18,P00321,Classic Desk 321,Electronics,-261.02,359.94,B007,Central Branch 7,Qom,partner,1,15,cash,2025-09-06,311,100,invalid_unit_cost
S000355019,2025-04-08,C038378,Hana,Jafari,hana.jafari38378@example.com,9959414705.0,tehran,2024-05-26,P00121,Classic Puzzle 121,Electronics,268.82,442.77,B034,Express Branch 34,isfahan,partner,0,25,Online,2023-04-08,200,50,invalid_quantity
S000355213,2025-09-18,C030326,Mina,Ahmadi,mina.ahmadi30326@example.com,9701362026.0,Shiraz,2021-12-01,P00431,Smart Coffee 431,Garden,220.23,-444.28,B017,Express Branch 17,tehran,online,8,20,Online,2023-10-28,264,30,invalid_unit_price
S000355533,2024-04-22,C020505,Hana,Moradi,hana.moradi20505@example.com,9960382797.0,Karaj,2024-03-06,P00394,Pro Puzzle 394,Jewelry,301.92,551.85,B022,Outlet Branch 22,Rasht,mobile,-3,0,cash,2024-07-31,166,75,invalid_quantity
S000355727,2024-03-29,C024239,Maryam,Moradi,maryam.moradi24239@example.com,9916838060.0,Tehran,2023-04-23,P00408,Prime Sneakers 408,Shoes,,51.51,B039,Mall Branch 39,Shiraz,online,8,10,Online,2024-11-15,249,50,missing_unit_cost
S000356256,2023-08-28,C048600,Maryam,Ahmadi,maryam.ahmadi48600@example.com,9502677907.0,isfahan,2020-03-23,P00099,Plus Puzzle 99,Gaming,26.79,45.95,B016,North Branch 16,Rasht,online,0,10,online,2024-06-26,48,10,invalid_quantity
S000357493,2023-03-17,C025483,Reza,Mohammadi,reza.mohammadi25483@example.com,9729828679.0,isfahan,2024-05-22,P00370,Max Puzzle 370,Office,394.39,608.3,B008,West Branch 8,Isfahan,store,0,5,wallet,2025-04-20,158,20,invalid_quantity
S000357610,2023-08-20,C036757,Ali,Rahimi,ali.rahimi36757@example.com,9332706625.0,Tehran,2022-10-29,P00191,Classic Notebook 191,Garden,121.31,,B012,South Branch 12,Mashhad,online,1,0,Online,2023-09-02,171,100,missing_unit_price
S000357741,2025-09-01,C016191,Yasin,Rostami,yasin.rostami16191@example.com,9524269994.0,Rasht,2022-03-18,P00048,Eco Mixer 48,Shoes,350.81,713.98,B008,West Branch 8,Isfahan,store,2,5,card,2025-02-20,6,100,duplicate_sale_id
S000358528,2024-01-28,C000059,Omid,Karimi,omid.karimi59@example.com,9552991960.0,TEHRAN,2021-07-24,P00227,Eco Shirt 227,Clothing,,115.25,B010,Central Branch 10,Rasht,mobile,3,0,wallet,2025-07-09,414,10,missing_unit_cost
S000358730,2025-04-20,C032013,Sara,Salehi,sara.salehi32013@example.com,9433722356.0,Rasht,2020-01-01,P00223,Eco Puzzle 223,Books,330.33,632.39,B036,Express Branch 36,TEHRAN,store,0,25,Online,2025-01-23,422,40,invalid_quantity
S000358736,2024-07-09,C020111,Sara,Jafari,sara.jafari20111@example.com,9763588047.0,tehran,2022-08-17,P00459,Classic Sneakers 459,Gaming,36.87,67.96,B014,Bazaar Branch 14,shiraz,mobile,-1,0,online,2023-12-07,197,75,invalid_quantity
S000359213,2025-05-11,C015761,Mina,Jafari,mina.jafari15761@example.com,9138512326.0,Tehran,2024-08-07,P00065,Basic Mixer 65,Sports,-381.26,805.32,B009,South Branch 9,isfahan,store,5,0,wallet,2024-01-24,67,10,invalid_unit_cost
S000359967,2024-01-19,C041647,Amir,Rostami,amir.rostami41647@example.com,9750853244.0,isfahan,2024-08-25,P00092,Eco Notebook 92,Automotive,132.73,337.15,B019,Bazaar Branch 19,Shiraz,mobile,0,10,cash,2024-09-15,142,50,invalid_quantity
S000360216,2023-11-14,C042264,Leila,Salehi,leila.salehi42264@example.com,9893420968.0,TEHRAN,2023-11-21,P00476,Plus Puzzle 476,Pets,358.21,-718.34,B009,South Branch 9,isfahan,store,1,0,online,2023-07-25,405,30,invalid_unit_price
S000360420,2024-05-08,C022639,Hana,Ahmadi,hana.ahmadi22639@example.com,9492235838.0,Tabriz,2021-02-08,P00185,Classic Mixer 185,Sports,266.46,434.87,B022,Outlet Branch 22,Rasht,mobile,1,120,Online,2025-09-28,443,30,invalid_discount_percent
S000360861,2025-07-01,C002268,Ali,Moradi,ali.moradi2268@example.com,9312412969.0,shiraz,2020-12-22,P00231,Mini Coffee 231,Garden,38.07,,B027,Express Branch 27,shiraz,store,3,5,cash,2024-06-06,155,75,missing_unit_price
S000361204,2024-09-08,C023077,Reza,Jafari,reza.jafari23077@example.com,9842022269.0,TEHRAN,2022-11-06,P00409,Plus Ball 409,Grocery,244.96,443.97,B011,Central Branch 11,TEHRAN,partner,0,20,Online,2024-05-06,216,20,invalid_quantity
S000361329,2025-04-22,C047792,Ali,Moradi,ali.moradi47792@example.com,9604701623.0,TEHRAN,2021-03-05,P00339,Max Sneakers 339,Gaming,,586.63,B019,Bazaar Branch 19,Shiraz,mobile,1,0,online,2023-04-25,12,10,missing_unit_cost
S000361939,2025-04-25,C044297,Maryam,Jafari,maryam.jafari44297@example.com,9984628371.0,Tehran,2020-08-23,P00307,Nova Notebook 307,Clothing,103.14,175.72,B018,North Branch 18,Tabriz,partner,-4,0,online,2024-06-12,342,100,invalid_quantity
S000362441,2025-07-13,C015863,Neda,Jafari,neda.jafari15863@example.com,9210829909.0,shiraz,2024-11-12,P00218,Plus Sneakers 218,Travel,224.03,624.54,B023,Bazaar Branch 23,Rasht,mobile,0,15,card,2024-06-14,112,75,invalid_quantity
S000363678,2025-06-28,C028268,Hana,Moradi,hana.moradi28268@example.com,9852645278.0,Tabriz,2021-07-30,P00003,Smart Desk 3,Books,148.82,415.03,B005,South Branch 5,TEHRAN,online,0,0,card,2024-08-04,438,75,invalid_quantity
S000363760,2024-07-08,C031575,Neda,Rostami,neda.rostami31575@example.com,9390836673.0,Tehran,2021-05-30,P00500,Nova Headphones 500,Furniture,-126.81,193.21,B011,Central Branch 11,TEHRAN,partner,3,20,wallet,2023-01-24,323,10,invalid_unit_cost
S000364112,2023-04-03,C039236,Reza,Rostami,reza.rostami39236@example.com,9945967730.0,Isfahan,2024-07-28,P00267,Eco Notebook 267,Clothing,260.43,,B025,Bazaar Branch 25,Tehran,mobile,2,15,card,2024-03-08,402,75,missing_unit_price
S000364130,2024-08-17,C018571,Amir,Karimi,amir.karimi18571@example.com,9150576502.0,Rasht,2021-12-13,P00461,Basic Puzzle 461,Electronics,,576.15,B033,South Branch 33,isfahan,online,1,20,online,2024-08-09,258,50,missing_unit_cost
S000364915,2024-06-15,C009523,Arman,Jafari,arman.jafari9523@example.com,9690406752.0,Mashhad,2020-03-26,P00019,Pro Coffee 19,Gaming,77.76,112.44,B021,Airport Branch 21,tehran,online,0,0,wallet,2024-04-19,159,10,invalid_quantity
S000365142,2025-04-04,C008004,Reza,Akbari,reza.akbari8004@example.com,9970922713.0,Mashhad,2023-03-04,P00414,Max Mixer 414,Jewelry,179.29,279.68,B022,Outlet Branch 22,Rasht,mobile,-5,10,card,2025-02-04,236,75,invalid_quantity
S000365219,2025-07-31,C048342,Ali,Rahimi,ali.rahimi48342@example.com,9771563825.0,Mashhad,2023-11-21,P00277,Nova Shirt 277,Baby,22.67,-27.89,B018,North Branch 18,Tabriz,partner,1,10,wallet,2023-02-17,153,40,invalid_unit_price
S000365518,2024-03-08,C011934,Reza,Jafari,reza.jafari11934@example.com,9145982327.0,Rasht,2020-11-24,P00306,Nova Headphones 306,Toys,78.17,180.82,B014,Bazaar Branch 14,shiraz,mobile,4,10,cash,2023-06-19,304,30,duplicate_sale_id
S000366152,2025-09-12,C036423,Hana,Rostami,hana.rostami36423@example.com,9957657240.0,tehran,2024-06-21,P00016,Plus Shirt 16,Pets,201.17,553.22,B032,Central Branch 32,shiraz,partner,0,20,card,2023-02-11,0,100,invalid_quantity
S000366427,2023-06-23,C018669,Sara,Hosseini,sara.hosseini18669@example.com,9108577542.0,Qom,2023-02-16,P00317,Classic Ball 317,Baby,187.67,340.34,B026,Central Branch 26,Mashhad,partner,1,120,cash,2025-02-18,130,100,invalid_discount_percent
S000366931,2025-11-15,C027119,Arman,Akbari,arman.akbari27119@example.com,9329293292.0,tehran,2021-01-16,P00058,Classic Headphones 58,Travel,,162.67,B032,Central Branch 32,shiraz,partner,3,15,CARD,2024-03-29,134,75,missing_unit_cost
S000367363,2024-11-13,C009114,Neda,Akbari,neda.akbari9114@example.com,9408866953.0,Mashhad,2022-04-11,P00261,Smart Desk 261,Electronics,216.51,,B027,Express Branch 27,shiraz,store,5,25,wallet,2025-02-17,353,10,missing_unit_price
S000367389,2023-04-13,C031459,Maryam,Akbari,maryam.akbari31459@example.com,9888251504.0,isfahan,2024-11-16,P00151,Prime Coffee 151,Garden,396.9,465.8,B016,North Branch 16,Rasht,online,0,25,wallet,2023-05-08,312,50,invalid_quantity
S000368307,2025-08-27,C022389,Ali,Mohammadi,ali.mohammadi22389@example.com,9125257406.0,Rasht,2022-05-03,P00394,Pro Puzzle 394,Jewelry,-301.92,551.85,B008,West Branch 8,Isfahan,store,5,0,CARD,2025-03-06,245,20,invalid_unit_cost
S000368345,2025-11-10,C026018,Yasin,Mohammadi,yasin.mohammadi26018@example.com,9961238413.0,Shiraz,2024-04-26,P00203,Smart Desk 203,Books,140.57,251.88,B004,Bazaar Branch 4,Rasht,partner,-4,25,wallet,2024-01-01,230,30,invalid_quantity
S000368626,2024-11-04,C014392,Leila,Moradi,leila.moradi14392@example.com,9142689710.0,Isfahan,2022-07-24,P00052,Smart Coffee 52,Automotive,204.8,285.16,B020,North Branch 20,Shiraz,online,0,15,wallet,2025-02-19,189,50,invalid_quantity
S000369732,2023-08-08,C046125,Hana,Karimi,hana.karimi46125@example.com,9159421377.0,tehran,2022-09-27,P00044,Eco Mixer 44,Beauty,,834.85,B028,Express Branch 28,isfahan,partner,1,10,online,2024-05-27,128,50,missing_unit_cost
S000369863,2023-11-19,C046686,Arman,Jafari,arman.jafari46686@example.com,9572516486.0,shiraz,2022-07-26,P00259,Classic Shirt 259,Gaming,149.43,334.22,B019,Bazaar Branch 19,Shiraz,mobile,0,5,card,2024-03-02,273,40,invalid_quantity
S000370222,2024-10-03,C008259,Yasin,Akbari,yasin.akbari8259@example.com,9734519160.0,shiraz,2022-11-07,P00169,Plus Cream 169,Grocery,233.72,-392.58,B034,Express Branch 34,isfahan,partner,3,20,cash,2023-01-18,146,50,invalid_unit_price
S000370614,2024-11-09,C025763,Mina,Salehi,mina.salehi25763@example.com,9163641327.0,Mashhad,2023-06-21,P00131,Pro Shirt 131,Garden,34.95,,B028,Express Branch 28,isfahan,partner,2,15,cash,2024-10-14,500,40,missing_unit_price
S000371100,2023-08-17,C034359,Ali,Ahmadi,ali.ahmadi34359@example.com,9622794514.0,Qom,2023-03-09,P00406,Nova Headphones 406,Toys,307.89,791.41,B028,Express Branch 28,isfahan,partner,0,5,cash,2023-02-23,402,20,invalid_quantity
S000371548,2023-02-28,C014725,Amir,Hosseini,amir.hosseini14725@example.com,9776401766.0,Shiraz,2020-06-07,P00182,Eco Cream 182,Home Appliances,349.26,822.32,B038,East Branch 38,Tehran,mobile,-4,0,cash,2023-08-09,43,40,invalid_quantity
S000372337,2024-05-05,C012612,Yasin,Ahmadi,yasin.ahmadi12612@example.com,9900888252.0,Rasht,2023-06-30,P00474,Max Mixer 474,Jewelry,62.67,140.44,B021,Airport Branch 21,tehran,online,0,10,online,2024-04-06,349,75,invalid_quantity
S000372434,2023-10-15,C007313,Amir,Mohammadi,amir.mohammadi7313@example.com,9435720941.0,Qom,2021-03-26,P00060,Basic Puzzle 60,Furniture,59.7,144.88,B023,Bazaar Branch 23,Rasht,mobile,1,120,cash,2024-10-22,446,100,invalid_discount_percent
S000372533,2023-08-21,C032716,Yasin,Jafari,yasin.jafari32716@example.com,9311658136.0,shiraz,2020-08-20,P00328,Classic Sneakers 328,Shoes,,335.25,B010,Central Branch 10,Rasht,mobile,5,0,CARD,2024-09-29,257,75,missing_unit_cost
S000372854,2024-10-09,C024528,Amir,Akbari,amir.akbari24528@example.com,9108632212.0,shiraz,2021-05-15,P00463,Plus Puzzle 463,Books,-68.42,131.58,B012,South Branch 12,Mashhad,online,4,25,CARD,2025-07-24,158,75,invalid_unit_cost
S000373295,2024-06-12,C018308,Maryam,Ahmadi,maryam.ahmadi18308@example.com,9605105602.0,isfahan,2023-08-02,P00226,Mini Cream 226,Toys,358.48,818.98,B028,Express Branch 28,isfahan,partner,3,10,card,2024-05-26,306,75,duplicate_sale_id
S000373574,2024-11-08,C041214,Yasin,Ahmadi,yasin.ahmadi41214@example.com,9304534036.0,Tehran,2021-05-31,P00129,Max Sneakers 129,Grocery,52.81,102.47,B011,Central Branch 11,TEHRAN,partner,0,0,online,2024-10-28,319,100,invalid_quantity
S000373865,2025-10-10,C045302,Amir,Ahmadi,amir.ahmadi45302@example.com,9585673820.0,Mashhad,2024-10-29,P00325,Pro Sneakers 325,Sports,168.9,,B030,Airport Branch 30,Mashhad,mobile,5,0,online,2024-10-21,197,50,missing_unit_price
S000374751,2024-01-11,C013057,Amir,Jafari,amir.jafari13057@example.com,9829508443.0,isfahan,2021-12-11,P00028,Prime Puzzle 28,Shoes,181.09,267.99,B033,South Branch 33,isfahan,online,-3,25,cash,2023-07-04,210,20,invalid_quantity
S000374811,2025-10-27,C038804,Omid,Karimi,omid.karimi38804@example.com,9939347979.0,tehran,2024-05-11,P00053,Max Ball 53,Health,288.74,434.09,B019,Bazaar Branch 19,Shiraz,mobile,0,10,online,2024-03-03,237,50,invalid_quantity
S000375225,2023-12-21,C006395,Omid,Ahmadi,omid.ahmadi6395@example.com,9838800041.0,Tabriz,2024-10-13,P00498,Prime Coffee 498,Travel,36.32,-65.61,B034,Express Branch 34,isfahan,partner,3,0,card,2024-03-04,388,100,invalid_unit_price
S000375334,2024-10-02,C042063,Ali,Ahmadi,ali.ahmadi42063@example.com,9894542357.0,Mashhad,2020-04-07,P00405,Prime Coffee 405,Sports,,772.23,B016,North Branch 16,Rasht,online,2,25,Online,2023-11-02,403,100,missing_unit_cost
S000376048,2024-08-18,C023153,Maryam,Ahmadi,maryam.ahmadi23153@example.com,9194262285.0,Rasht,2023-07-06,P00255,Classic Sneakers 255,Music,107.06,262.05,B033,South Branch 33,isfahan,online,0,20,card,2024-02-17,128,50,invalid_quantity
S000377116,2025-08-08,C034752,Yasin,Ahmadi,yasin.ahmadi34752@example.com,9703314656.0,shiraz,2022-05-25,P00293,Plus Sneakers 293,Health,336.86,,B028,Express Branch 28,isfahan,partner,1,5,online,2025-12-24,56,40,missing_unit_price
S000377285,2025-09-14,C008624,Yasin,Rostami,yasin.rostami8624@example.com,9811566329.0,TEHRAN,2020-01-18,P00108,Smart Shirt 108,Shoes,359.95,495.27,B028,Express Branch 28,isfahan,partner,0,15,wallet,2023-01-11,330,10,invalid_quantity
S000377401,2024-09-27,C044776,Hana,Akbari,hana.akbari44776@example.com,9599677509.0,Isfahan,2023-06-13,P00182,Eco Cream 182,Home Appliances,-349.26,822.32,B012,South Branch 12,Mashhad,online,4,25,CARD,2025-02-22,244,20,invalid_unit_cost
S000377954,2025-09-15,C006071,Reza,Ahmadi,reza.ahmadi6071@example.com,9858240572.0,TEHRAN,2020-12-25,P00010,Max Sneakers 10,Office,158.66,261.05,B016,North Branch 16,Rasht,online,-1,0,wallet,2025-06-26,99,20,invalid_quantity
S000378135,2025-08-21,C045725,Mina,Salehi,mina.salehi45725@example.com,9103676793.0,Tehran,2024-10-20,P00277,Nova Shirt 277,Baby,,27.89,B024,Outlet Branch 24,TEHRAN,store,2,20,wallet,2023-05-15,361,30,missing_unit_cost
S000378441,2025-11-02,C045517,Amir,Ahmadi,amir.ahmadi45517@example.com,9120673384.0,Tabriz,2023-01-16,P00025,Basic Mixer 25,Sports,298.56,749.92,B033,South Branch 33,isfahan,online,4,120,online,2023-02-19,156,30,invalid_discount_percent
S000378522,2025-09-06,C027148,Ali,Salehi,ali.salehi27148@example.com,9889984526.0,Tabriz,2022-03-10,P00205,Max Ball 205,Sports,276.44,597.66,B005,South Branch 5,TEHRAN,online,0,0,wallet,2024-01-19,171,40,invalid_quantity
S000379759,2025-07-30,C030891,Maryam,Ahmadi,maryam.ahmadi30891@example.com,9288110864.0,Tehran,2022-12-24,P00406,Nova Headphones 406,Toys,307.89,791.41,B004,Bazaar Branch 4,Rasht,partner,0,0,Online,2024-02-16,59,20,invalid_quantity
S000380228,2024-10-30,C008431,Amir,Mohammadi,amir.mohammadi8431@example.com,9705086674.0,isfahan,2022-06-26,P00472,Pro Desk 472,Automotive,74.87,-99.86,B028,Express Branch 28,isfahan,partner,1,0,online,2023-01-02,312,30,invalid_unit_price
S000380367,2024-01-25,C040772,Neda,Salehi,neda.salehi40772@example.com,9742255136.0,shiraz,2020-05-06,P00363,Plus Ball 363,Books,113.88,,B026,Central Branch 26,Mashhad,partner,3,0,Online,2023-11-05,42,100,missing_unit_price
S000380936,2023-10-06,C040565,Neda,Mohammadi,neda.mohammadi40565@example.com,9265864642.0,isfahan,2022-04-22,P00269,Smart Desk 269,Grocery,,721.28,B029,North Branch 29,TEHRAN,mobile,2,15,cash,2023-10-19,276,10,missing_unit_cost
S000380996,2025-10-22,C046462,Yasin,Moradi,yasin.moradi46462@example.com,9705414566.0,Qom,2020-02-18,P00303,Max Ball 303,Books,21.36,45.56,B032,Central Branch 32,shiraz,partner,0,0,online,2023-05-19,65,20,invalid_quantity
S000381072,2023-10-30,C026673,Leila,Ahmadi,leila.ahmadi26673@example.com,9972081213.0,Karaj,2022-09-28,P00090,Basic Shirt 90,Office,18.52,40.15,B003,Bazaar Branch 3,Karaj,online,2,0,CARD,2023-08-12,102,30,duplicate_sale_id
S000381157,2024-01-31,C032255,Ali,Akbari,ali.akbari32255@example.com,9990070511.0,Shiraz,2022-08-14,P00124,Plus Coffee 124,Beauty,200.91,367.89,B022,Outlet Branch 22,Rasht,mobile,-3,10,card,2025-03-20,272,50,invalid_quantity
S000381948,2023-07-15,C043367,Yasin,Rahimi,yasin.rahimi43367@example.com,9829470151.0,TEHRAN,2022-07-07,P00280,Classic Cream 280,Furniture,-161.54,357.81,B032,Central Branch 32,shiraz,partner,2,20,CARD,2025-05-22,311,50,invalid_unit_cost
S000382233,2023-05-03,C028482,Mina,Rostami,mina.rostami28482@example.com,9539823981.0,Karaj,2022-10-17,P00106,Eco Headphones 106,Toys,321.72,376.97,B006,North Branch 6,tehran,online,0,0,Online,2024-07-13,309,100,invalid_quantity
S000383470,2023-01-25,C043993,Amir,Salehi,amir.salehi43993@example.com,9916909645.0,TEHRAN,2021-10-14,P00265,Eco Mixer 265,Sports,398.58,866.09,B025,Bazaar Branch 25,Tehran,mobile,0,20,wallet,2024-01-28,52,30,invalid_quantity
S000383618,2023-12-30,C015196,Reza,Salehi,reza.salehi15196@example.com,9817719045.0,Tabriz,2022-01-13,P00227,Eco Shirt 227,Clothing,58.89,,B018,North Branch 18,Tabriz,partner,2,0,Online,2025-07-15,301,10,missing_unit_price
S000383737,2024-07-29,C005439,Arman,Salehi,arman.salehi5439@example.com,9520484091.0,Shiraz,2021-11-08,P00139,Prime Mixer 139,Gaming,,256.99,B039,Mall Branch 39,Shiraz,online,1,0,cash,2023-04-24,485,30,missing_unit_cost
S000384360,2024-04-18,C018870,Omid,Hosseini,omid.hosseini18870@example.com,9377608404.0,Mashhad,2024-05-07,P00069,Eco Ball 69,Grocery,41.97,62.04,B012,South Branch 12,Mashhad,online,-2,5,cash,2025-09-03,128,50,invalid_quantity
S000384448,2024-11-04,C002545,Maryam,Moradi,maryam.moradi2545@example.com,9867129446.0,Isfahan,2023-02-28,P00195,Prime Sneakers 195,Music,201.28,495.46,B032,Central Branch 32,shiraz,partner,4,120,CARD,2023-02-04,320,50,invalid_discount_percent
S000384707,2023-06-01,C040046,Mina,Akbari,mina.akbari40046@example.com,9153343910.0,shiraz,2022-01-25,P00327,Mini Shirt 327,Clothing,294.84,800.35,B017,Express Branch 17,tehran,online,0,0,online,2024-09-30,403,100,invalid_quantity
S000385231,2023-04-21,C042881,Hana,Hosseini,hana.hosseini42881@example.com,9535938006.0,tehran,2020-04-29,P00040,Plus Cream 40,Furniture,273.99,-678.66,B034,Express Branch 34,isfahan,partner,4,0,card,2023-10-25,74,75,invalid_unit_price
S000385944,2023-09-11,C009968,Leila,Ahmadi,leila.ahmadi9968@example.com,9749623171.0,shiraz,2020-05-17,P00135,Plus Mixer 135,Music,318.36,542.98,B029,North Branch 29,TEHRAN,mobile,0,15,CARD,2025-01-01,329,75,invalid_quantity
S000386495,2024-09-21,C006253,Leila,Rostami,leila.rostami6253@example.com,9717010780.0,Qom,2021-07-29,P00454,Max Mixer 454,Jewelry,-135.82,163.81,B030,Airport Branch 30,Mashhad,mobile,4,25,card,2025-07-05,292,40,invalid_unit_cost
S000386538,2025-12-02,C006291,Maryam,Akbari,maryam.akbari6291@example.com,9722661122.0,Tehran,2020-07-29,P00412,Nova Ball 412,Automotive,,291.96,B018,North Branch 18,Tabriz,partner,4,20,CARD,2025-02-05,415,30,missing_unit_cost
S000386869,2023-10-23,C012892,Ali,Ahmadi,ali.ahmadi12892@example.com,9850549432.0,Shiraz,2020-01-01,P00018,Eco Headphones 18,Travel,87.72,,B034,Express Branch 34,isfahan,partner,5,15,card,2025-11-16,499,40,missing_unit_price
S000387181,2025-12-19,C033309,Neda,Moradi,neda.moradi33309@example.com,9568226051.0,Isfahan,2024-02-08,P00301,Plus Coffee 301,Electronics,243.45,527.52,B033,South Branch 33,isfahan,online,0,10,wallet,2023-11-09,385,100,invalid_quantity
S000387563,2023-03-29,C011585,Hana,Akbari,hana.akbari11585@example.com,9239767518.0,Shiraz,2021-06-24,P00324,Pro Ball 324,Beauty,265.69,392.33,B001,Central Branch 1,Rasht,online,-3,20,CARD,2024-04-25,63,10,invalid_quantity
S000388418,2025-10-09,C049359,Sara,Karimi,sara.karimi49359@example.com,9924695195.0,Qom,2024-06-30,P00334,Plus Desk 334,Jewelry,341.94,421.76,B029,North Branch 29,TEHRAN,mobile,0,25,online,2023-07-10,198,20,invalid_quantity
S000388849,2024-09-21,C012357,Maryam,Rahimi,maryam.rahimi12357@example.com,9517159541.0,Rasht,2021-08-11,P00418,Smart Headphones 418,Travel,77.77,216.1,B040,Outlet Branch 40,tehran,online,5,0,wallet,2023-08-03,495,40,duplicate_sale_id
S000389339,2023-11-04,C023612,Amir,Mohammadi,amir.mohammadi23612@example.com,9257957290.0,shiraz,2022-11-23,P00373,Pro Puzzle 373,Health,,520.69,B035,Mall Branch 35,isfahan,mobile,4,0,Online,2023-08-05,427,50,missing_unit_cost
S000389655,2023-05-12,C001796,Omid,Karimi,omid.karimi1796@example.com,9591817492.0,Isfahan,2020-11-15,P00033,Smart Coffee 33,Health,338.72,496.36,B028,Express Branch 28,isfahan,partner,0,25,Online,2025-06-18,254,10,invalid_quantity
S000390120,2024-06-26,C014526,Leila,Karimi,leila.karimi14526@example.com,9616924489.0,tehran,2021-07-19,P00361,Classic Sneakers 361,Electronics,273.95,,B017,Express Branch 17,tehran,online,6,5,wallet,2025-11-27,188,20,missing_unit_price
S000390234,2023-02-03,C019859,Leila,Rostami,leila.rostami19859@example.com,9604212767.0,Karaj,2021-03-24,P00036,Eco Desk 36,Pets,374.23,-991.73,B021,Airport Branch 21,tehran,online,3,5,card,2024-04-25,232,20,invalid_unit_price
S000390455,2023-07-29,C030049,Neda,Rahimi,neda.rahimi30049@example.com,9546075480.0,TEHRAN,2023-03-21,P00439,Classic Puzzle 439,Gaming,297.94,763.39,B005,South Branch 5,TEHRAN,online,2,120,online,2024-02-12,499,75,invalid_discount_percent
S000390766,2024-11-16,C005781,Yasin,Karimi,yasin.karimi5781@example.com,9285900374.0,Tabriz,2023-01-03,P00207,Basic Headphones 207,Clothing,326.51,909.62,B010,Central Branch 10,Rasht,mobile,-3,10,CARD,2025-09-27,375,75,invalid_quantity
S000390892,2024-08-13,C032813,Amir,Karimi,amir.karimi32813@example.com,9927100454.0,Tabriz,2024-03-04,P00287,Nova Shirt 287,Clothing,104.62,257.48,B008,West Branch 8,Isfahan,store,0,25,online,2024-10-26,407,20,invalid_quantity
S000391042,2023-03-24,C001493,Arman,Akbari,arman.akbari1493@example.com,9252728624.0,Mashhad,2024-08-26,P00369,Pro Desk 369,Grocery,-82.64,102.81,B032,Central Branch 32,shiraz,partner,3,25,card,2024-09-24,372,40,invalid_unit_cost
S000392129,2023-03-25,C041544,Maryam,Salehi,maryam.salehi41544@example.com,9766397324.0,Rasht,2020-08-31,P00475,Pro Puzzle 475,Music,76.34,120.89,B030,Airport Branch 30,Mashhad,mobile,0,0,cash,2025-08-06,308,30,invalid_quantity
S000392140,2024-04-15,C028472,Mina,Moradi,mina.moradi28472@example.com,9201130877.0,TEHRAN,2020-08-27,P00140,Prime Sneakers 140,Furniture,,525.65,B030,Airport Branch 30,Mashhad,mobile,3,25,CARD,2024-09-01,20,75,missing_unit_cost
S000393366,2024-05-01,C003380,Neda,Karimi,neda.karimi3380@example.com,9190244626.0,Tabriz,2020-07-12,P00329,Eco Desk 329,Grocery,217.65,542.59,B028,Express Branch 28,isfahan,partner,0,20,card,2023-04-15,347,75,invalid_quantity
S000393371,2024-09-22,C040652,Amir,Rostami,amir.rostami40652@example.com,9191508803.0,isfahan,2020-03-04,P00238,Smart Cream 238,Travel,250.3,,B029,North Branch 29,TEHRAN,mobile,6,0,CARD,2024-09-01,460,30,missing_unit_price
S000393969,2023-10-19,C040425,Arman,Moradi,arman.moradi40425@example.com,9179027916.0,Shiraz,2020-12-31,P00348,Basic Mixer 348,Shoes,134.84,361.1,B020,North Branch 20,Shiraz,online,-4,20,Online,2024-02-06,438,75,invalid_quantity
S000394603,2024-04-09,C033621,Ali,Salehi,ali.salehi33621@example.com,9178684709.0,shiraz,2024-01-29,P00057,Classic Ball 57,Baby,229.73,409.52,B037,Bazaar Branch 37,Tehran,online,0,0,card,2024-06-09,230,10,invalid_quantity
S000394941,2025-05-20,C035374,Omid,Rostami,omid.rostami35374@example.com,9709021452.0,Isfahan,2022-02-27,P00389,Smart Desk 389,Grocery,,754.12,B009,South Branch 9,isfahan,store,4,20,online,2025-10-26,399,10,missing_unit_cost
S000395237,2025-10-23,C014057,Leila,Rostami,leila.rostami14057@example.com,9109332496.0,Qom,2020-04-19,P00052,Smart Coffee 52,Automotive,204.8,-285.16,B016,North Branch 16,Rasht,online,4,0,online,2025-02-07,6,10,invalid_unit_price
S000395589,2024-07-06,C043836,Amir,Akbari,amir.akbari43836@example.com,9919754749.0,isfahan,2024-09-24,P00185,Classic Mixer 185,Sports,-266.46,434.87,B013,Outlet Branch 13,Mashhad,mobile,2,10,online,2025-03-12,488,30,invalid_unit_cost
S000395840,2024-09-15,C046125,Hana,Karimi,hana.karimi46125@example.com,9159421377.0,tehran,2022-09-27,P00449,Mini Cream 449,Grocery,80.17,173.91,B006,North Branch 6,tehran,online,0,0,wallet,2023-11-03,206,50,invalid_quantity
S000396462,2024-02-28,C032551,Neda,Rostami,neda.rostami32551@example.com,9493980179.0,Qom,2020-12-16,P00060,Basic Puzzle 60,Furniture,59.7,144.88,B005,South Branch 5,TEHRAN,online,8,120,Online,2024-09-18,195,50,invalid_discount_percent
S000396622,2024-03-09,C016070,Leila,Hosseini,leila.hosseini16070@example.com,9982820643.0,Tabriz,2020-09-25,P00478,Plus Coffee 478,Travel,277.37,,B036,Express Branch 36,TEHRAN,store,6,25,card,2024-08-09,394,30,missing_unit_price
S000396626,2025-06-17,C028977,Amir,Moradi,amir.moradi28977@example.com,9827427720.0,Tabriz,2024-05-15,P00323,Smart Puzzle 323,Books,60.71,132.55,B032,Central Branch 32,shiraz,partner,1,0,online,2024-02-05,417,40,duplicate_sale_id
S000397077,2023-03-27,C034870,Maryam,Rahimi,maryam.rahimi34870@example.com,9785475705.0,Shiraz,2021-07-25,P00198,Smart Puzzle 198,Travel,345.04,899.9,B004,Bazaar Branch 4,Rasht,partner,0,10,wallet,2024-09-07,250,75,invalid_quantity
S000397172,2025-02-02,C001253,Yasin,Moradi,yasin.moradi1253@example.com,9655921993.0,Tehran,2024-02-18,P00433,Prime Notebook 433,Health,187.76,358.31,B036,Express Branch 36,TEHRAN,store,-5,5,card,2025-10-26,369,100,invalid_quantity
S000397742,2025-10-21,C031001,Hana,Rahimi,hana.rahimi31001@example.com,9789923855.0,Karaj,2024-06-29,P00161,Nova Puzzle 161,Electronics,,748.18,B015,Outlet Branch 15,Isfahan,partner,6,10,cash,2023-10-01,30,10,missing_unit_cost
S000398314,2024-06-20,C045183,Maryam,Ahmadi,maryam.ahmadi45183@example.com,9374077441.0,tehran,2024-03-09,P00057,Classic Ball 57,Baby,229.73,409.52,B012,South Branch 12,Mashhad,online,0,25,CARD,2024-07-26,459,30,invalid_quantity
S000399551,2023-11-24,C019830,Amir,Rahimi,amir.rahimi19830@example.com,9462160179.0,Qom,2024-11-08,P00327,Mini Shirt 327,Clothing,294.84,800.35,B034,Express Branch 34,isfahan,partner,0,0,Online,2024-02-22,467,40,invalid_quantity
S000399873,2023-05-17,C015010,Ali,Ahmadi,ali.ahmadi15010@example.com,9655897361.0,shiraz,2021-05-01,P00480,Plus Desk 480,Furniture,166.69,,B028,Express Branch 28,isfahan,partner,3,20,CARD,2025-09-11,387,100,missing_unit_price
S000400136,2024-06-23,C003259,Leila,Salehi,leila.salehi3259@example.com,9883104733.0,shiraz,2022-01-22,P00302,Nova Shirt 302,Home Appliances,-179.53,245.27,B026,Central Branch 26,Mashhad,partner,3,0,wallet,2023-08-21,288,30,invalid_unit_cost
S000400240,2024-05-10,C014023,Mina,Salehi,mina.salehi14023@example.com,9843791166.0,tehran,2021-05-12,P00391,Nova Notebook 391,Garden,18.27,-30.83,B025,Bazaar Branch 25,Tehran,mobile,2,25,cash,2023-08-21,209,40,invalid_unit_price
S000400375,2023-12-07,C028166,Reza,Rahimi,reza.rahimi28166@example.com,9483072236.0,Tehran,2020-01-09,P00187,Basic Shirt 187,Clothing,144.89,318.21,B001,Central Branch 1,Rasht,online,-4,5,wallet,2024-10-26,221,20,invalid_quantity
S000400543,2024-06-12,C045729,Ali,Salehi,ali.salehi45729@example.com,9807888008.0,Rasht,2020-07-29,P00470,Nova Notebook 470,Office,,262.45,B020,North Branch 20,Shiraz,online,2,5,online,2023-01-30,241,40,missing_unit_cost
S000400788,2024-01-16,C034341,Leila,Moradi,leila.moradi34341@example.com,9528564168.0,Isfahan,2021-11-20,P00106,Eco Headphones 106,Toys,321.72,376.97,B007,Central Branch 7,Qom,partner,0,15,card,2024-06-19,35,75,invalid_quantity
S000402025,2024-12-07,C035546,Hana,Karimi,hana.karimi35546@example.com,9389460317.0,Shiraz,2022-03-29,P00356,Basic Desk 356,Pets,157.9,309.83,B009,South Branch 9,isfahan,store,0,0,card,2024-01-25,115,50,invalid_quantity
S000402469,2023-06-03,C036581,Sara,Jafari,sara.jafari36581@example.com,9235316284.0,Qom,2024-03-19,P00149,Basic Puzzle 149,Grocery,279.64,403.61,B016,North Branch 16,Rasht,online,5,120,cash,2024-04-30,45,100,invalid_discount_percent
S000403124,2025-02-21,C014253,Maryam,Mohammadi,maryam.mohammadi14253@example.com,9408682121.0,Tabriz,2022-06-25,P00221,Eco Ball 221,Electronics,159.84,,B023,Bazaar Branch 23,Rasht,mobile,2,0,CARD,2024-02-06,91,20,missing_unit_price
S000403262,2025-11-08,C010138,Hana,Karimi,hana.karimi10138@example.com,9409260718.0,Mashhad,2022-08-27,P00302,Nova Shirt 302,Home Appliances,179.53,245.27,B029,North Branch 29,TEHRAN,mobile,0,10,CARD,2024-09-22,346,75,invalid_quantity
S000403344,2025-11-10,C048453,Sara,Karimi,sara.karimi48453@example.com,9669386232.0,TEHRAN,2021-12-31,P00156,Nova Shirt 156,Pets,,381.04,B040,Outlet Branch 40,tehran,online,3,10,online,2023-02-06,230,50,missing_unit_cost
S000403578,2024-08-23,C031279,Reza,Mohammadi,reza.mohammadi31279@example.com,9394449003.0,Isfahan,2021-04-09,P00368,Basic Sneakers 368,Shoes,190.32,413.01,B026,Central Branch 26,Mashhad,partner,-5,0,online,2025-11-16,469,50,invalid_quantity
S000404403,2025-03-24,C047125,Yasin,Mohammadi,yasin.mohammadi47125@example.com,9735255436.0,Mashhad,2022-11-06,P00426,Basic Mixer 426,Toys,288.91,561.11,B004,Bazaar Branch 4,Rasht,partner,3,15,online,2023-11-17,379,75,duplicate_sale_id
S000404499,2024-10-05,C005925,Arman,Mohammadi,arman.mohammadi5925@example.com,9112378468.0,Mashhad,2024-02-15,P00002,Classic Ball 2,Home Appliances,205.44,250.43,B022,Outlet Branch 22,Rasht,mobile,0,10,cash,2024-01-29,320,10,invalid_quantity
S000404683,2023-09-18,C005181,Reza,Mohammadi,reza.mohammadi5181@example.com,9452285821.0,Tehran,2021-03-22,P00237,Classic Puzzle 237,Baby,-143.02,216.44,B039,Mall Branch 39,Shiraz,online,4,25,online,2023-05-09,234,30,invalid_unit_cost
S000405243,2025-02-11,C032800,Yasin,Jafari,yasin.jafari32800@example.com,9918063712.0,Qom,2023-04-22,P00355,Nova Headphones 355,Music,231.45,-288.14,B023,Bazaar Branch 23,Rasht,mobile,1,0,Online,2023-08-17,84,100,invalid_unit_price
S000405736,2024-05-22,C047488,Amir,Ahmadi,amir.ahmadi47488@example.com,9240977627.0,Karaj,2020-11-08,P00350,Plus Notebook 350,Office,165.98,197.33,B024,Outlet Branch 24,TEHRAN,store,0,25,wallet,2025-08-23,432,30,invalid_quantity
S000406145,2023-12-26,C034796,Yasin,Salehi,yasin.salehi34796@example.com,9891233245.0,Mashhad,2023-11-08,P00449,Mini Cream 449,Grocery,,173.91,B028,Express Branch 28,isfahan,partner,2,25,online,2025-06-03,232,10,missing_unit_cost
S000406375,2024-09-23,C037240,Reza,Rahimi,reza.rahimi37240@example.com,9199316624.0,Qom,2023-06-03,P00425,Pro Mixer 425,Sports,136.16,,B036,Express Branch 36,TEHRAN,store,4,0,wallet,2025-05-09,360,50,missing_unit_price
S000406781,2024-02-15,C035752,Amir,Rostami,amir.rostami35752@example.com,9316916426.0,Tabriz,2022-07-05,P00068,Pro Mixer 68,Shoes,150.72,307.95,B008,West Branch 8,Isfahan,store,-1,5,Online,2023-09-10,55,50,invalid_quantity
S000406973,2024-07-02,C013248,Reza,Hosseini,reza.hosseini13248@example.com,9583096502.0,Mashhad,2021-07-25,P00428,Smart Headphones 428,Shoes,32.67,71.02,B037,Bazaar Branch 37,Tehran,online,0,0,CARD,2023-11-30,403,30,invalid_quantity
S000408210,2023-04-11,C040491,Hana,Karimi,hana.karimi40491@example.com,9528964040.0,Shiraz,2024-10-27,P00237,Classic Puzzle 237,Baby,143.02,216.44,B006,North Branch 6,tehran,online,0,0,CARD,2024-03-14,387,20,invalid_quantity
S000408476,2023-02-06,C028668,Sara,Hosseini,sara.hosseini28668@example.com,9390323018.0,tehran,2020-01-08,P00381,Nova Puzzle 381,Electronics,163.77,238.64,B010,Central Branch 10,Rasht,mobile,2,120,cash,2023-01-28,50,50,invalid_discount_percent
S000408946,2023-05-09,C015565,Arman,Mohammadi,arman.mohammadi15565@example.com,9227454660.0,Karaj,2023-04-17,P00383,Basic Ball 383,Books,,639.81,B004,Bazaar Branch 4,Rasht,partner,1,10,card,2023-10-05,212,75,missing_unit_cost
S000409230,2024-10-31,C029804,Mina,Moradi,mina.moradi29804@example.com,9678857246.0,Mashhad,2024-11-05,P00070,Classic Sneakers 70,Office,-333.81,640.16,B022,Outlet Branch 22,Rasht,mobile,1,0,CARD,2024-05-24,267,20,invalid_unit_cost
S000409447,2025-07-04,C009051,Amir,Akbari,amir.akbari9051@example.com,9746583522.0,Shiraz,2021-03-16,P00072,Max Desk 72,Automotive,260.74,662.34,B033,South Branch 33,isfahan,online,0,0,card,2024-03-05,496,50,invalid_quantity
S000409626,2025-08-03,C020548,Neda,Rostami,neda.rostami20548@example.com,9440177002.0,Isfahan,2023-10-22,P00258,Basic Headphones 258,Travel,339.57,,B005,South Branch 5,TEHRAN,online,1,0,card,2024-07-05,464,30,missing_unit_price
S000409984,2023-03-03,C024710,Maryam,Akbari,maryam.akbari24710@example.com,9265208224.0,tehran,2021-12-16,P00061,Mini Sneakers 61,Electronics,249.12,360.36,B001,Central Branch 1,Rasht,online,-5,0,wallet,2025-03-14,324,50,invalid_quantity
S000410246,2024-03-03,C011806,Mina,Akbari,mina.akbari11806@example.com,9545636283.0,tehran,2024-05-17,P00275,Mini Mixer 275,Music,9.96,-27.06,B030,Airport Branch 30,Mashhad,mobile,3,0,Online,2025-06-30,354,75,invalid_unit_price
S000410684,2025-10-20,C046831,Ali,Rostami,ali.rostami46831@example.com,9315106069.0,Mashhad,2024-07-28,P00257,Nova Headphones 257,Baby,285.53,336.65,B015,Outlet Branch 15,Isfahan,partner,0,0,wallet,2025-11-14,301,100,invalid_quantity
S000411747,2023-10-26,C047267,Maryam,Rostami,maryam.rostami47267@example.com,9373747751.0,tehran,2022-06-03,P00404,Mini Notebook 404,Beauty,,526.46,B033,South Branch 33,isfahan,online,5,10,CARD,2023-12-31,349,40,missing_unit_cost
S000411921,2023-06-05,C019395,Yasin,Moradi,yasin.moradi19395@example.com,9427083374.0,Mashhad,2022-05-19,P00129,Max Sneakers 129,Grocery,52.81,102.47,B011,Central Branch 11,TEHRAN,partner,0,0,Online,2024-04-10,342,50,invalid_quantity
S000412180,2023-09-13,C020661,Mina,Salehi,mina.salehi20661@example.com,9609930854.0,Tabriz,2021-10-23,P00456,Pro Desk 456,Pets,341.2,753.86,B034,Express Branch 34,isfahan,partner,2,15,CARD,2024-09-30,344,40,duplicate_sale_id
S000412877,2024-12-27,C012934,Ali,Mohammadi,ali.mohammadi12934@example.com,9590518793.0,Tehran,2020-06-13,P00001,Mini Desk 1,Electronics,75.63,,B007,Central Branch 7,Qom,partner,3,25,Online,2024-08-10,342,75,missing_unit_price
S000413158,2023-09-06,C034372,Neda,Jafari,neda.jafari34372@example.com,9703511042.0,Rasht,2021-02-03,P00394,Pro Puzzle 394,Jewelry,301.92,551.85,B005,South Branch 5,TEHRAN,online,0,0,Online,2023-08-15,445,20,invalid_quantity
S000413187,2023-06-17,C047750,Mina,Hosseini,mina.hosseini47750@example.com,9102683358.0,Isfahan,2021-10-06,P00082,Mini Coffee 82,Home Appliances,222.78,501.6,B005,South Branch 5,TEHRAN,online,-4,20,wallet,2023-02-19,215,50,invalid_quantity
S000413777,2023-05-18,C043917,Sara,Karimi,sara.karimi43917@example.com,9578393795.0,Mashhad,2022-01-06,P00057,Classic Ball 57,Baby,-229.73,409.52,B003,Bazaar Branch 3,Karaj,online,5,10,wallet,2025-06-05,271,10,invalid_unit_cost
S000414395,2025-03-13,C031201,Sara,Salehi,sara.salehi31201@example.com,9305807707.0,shiraz,2022-11-11,P00243,Smart Desk 243,Books,137.29,377.72,B018,North Branch 18,Tabriz,partner,0,0,card,2025-02-09,484,20,invalid_quantity
S000414483,2024-11-04,C032551,Neda,Rostami,neda.rostami32551@example.com,9493980179.0,Qom,2020-12-16,P00176,Nova Coffee 176,Pets,271.52,372.77,B032,Central Branch 32,shiraz,partner,2,120,cash,2025-10-22,303,100,invalid_discount_percent
S000414548,2024-05-15,C007132,Sara,Mohammadi,sara.mohammadi7132@example.com,9679204098.0,shiraz,2022-05-21,P00329,Eco Desk 329,Grocery,,542.59,B034,Express Branch 34,isfahan,partner,4,5,CARD,2024-03-06,294,75,missing_unit_cost
S000415249,2024-09-27,C024859,Amir,Karimi,amir.karimi24859@example.com,9502579394.0,Tabriz,2023-02-27,P00395,Plus Desk 395,Music,293.0,-541.44,B039,Mall Branch 39,Shiraz,online,5,0,wallet,2025-12-04,264,10,invalid_unit_price
S000415632,2023-02-11,C046105,Maryam,Karimi,maryam.karimi46105@example.com,9547552256.0,Karaj,2021-04-19,P00124,Plus Coffee 124,Beauty,200.91,367.89,B006,North Branch 6,tehran,online,0,5,online,2023-04-08,367,75,invalid_quantity
S000416128,2025-11-10,C008029,Leila,Akbari,leila.akbari8029@example.com,9859369331.0,Qom,2020-01-22,P00212,Smart Puzzle 212,Automotive,203.94,,B006,North Branch 6,tehran,online,4,0,cash,2023-09-26,274,20,missing_unit_price
S000416390,2024-09-21,C017891,Arman,Rostami,arman.rostami17891@example.com,9250665028.0,Tehran,2020-05-18,P00010,Max Sneakers 10,Office,158.66,261.05,B031,North Branch 31,Tehran,store,-1,0,cash,2023-01-21,24,75,invalid_quantity
S000416869,2023-04-18,C034642,Reza,Mohammadi,reza.mohammadi34642@example.com,9996434544.0,tehran,2021-10-13,P00012,Classic Headphones 12,Automotive,167.7,202.09,B012,South Branch 12,Mashhad,online,0,15,card,2025-10-17,425,75,invalid_quantity
S000417349,2025-10-30,C005713,Hana,Rahimi,hana.rahimi5713@example.com,9764918032.0,Qom,2023-06-13,P00382,Prime Shirt 382,Home Appliances,,315.09,B023,Bazaar Branch 23,Rasht,mobile,4,0,wallet,2024-03-15,64,30,missing_unit_cost
S000418106,2023-01-15,C022878,Leila,Mohammadi,leila.mohammadi22878@example.com,9401692270.0,isfahan,2021-07-30,P00279,Mini Shirt 279,Gaming,295.19,674.12,B035,Mall Branch 35,isfahan,mobile,0,5,online,2025-10-15,467,75,invalid_quantity
S000418324,2023-07-17,C047761,Arman,Salehi,arman.salehi47761@example.com,9927650933.0,shiraz,2024-09-02,P00013,Plus Notebook 13,Health,-217.38,305.51,B028,Express Branch 28,isfahan,partner,8,20,card,2025-04-25,52,30,invalid_unit_cost
S000419343,2025-12-13,C005831,Ali,Akbari,ali.akbari5831@example.com,9607465413.0,tehran,2023-09-03,P00259,Classic Shirt 259,Gaming,149.43,334.22,B018,North Branch 18,Tabriz,partner,0,25,CARD,2023-10-01,234,100,invalid_quantity
S000419379,2024-12-15,C039109,Yasin,Rostami,yasin.rostami39109@example.com,9511282770.0,shiraz,2023-05-31,P00117,Mini Sneakers 117,Baby,76.17,,B006,North Branch 6,tehran,online,1,0,card,2023-07-31,151,40,missing_unit_price
S000419593,2023-07-19,C035738,Neda,Rahimi,neda.rahimi35738@example.com,9209678163.0,Qom,2023-02-15,P00177,Eco Shirt 177,Baby,121.13,229.27,B018,North Branch 18,Tabriz,partner,-5,5,CARD,2023-10-06,120,20,invalid_quantity
S000419957,2025-01-26,C012281,Yasin,Karimi,yasin.karimi12281@example.com,9175809633.0,isfahan,2020-10-25,P00002,Classic Ball 2,Home Appliances,205.44,250.43,B037,Bazaar Branch 37,Tehran,online,3,0,wallet,2024-03-23,196,50,duplicate_sale_id
S000420150,2024-03-22,C017757,Arman,Rostami,arman.rostami17757@example.com,9808679585.0,tehran,2023-08-03,P00476,Plus Puzzle 476,Pets,,718.34,B039,Mall Branch 39,Shiraz,online,3,15,wallet,2023-10-14,219,40,missing_unit_cost
S000420252,2023-01-28,C045192,Neda,Rahimi,neda.rahimi45192@example.com,9588400945.0,Rasht,2023-10-12,P00429,Eco Cream 429,Grocery,109.15,-222.46,B008,West Branch 8,Isfahan,store,2,20,cash,2023-02-09,172,100,invalid_unit_price
S000420490,2023-12-09,C000082,Hana,Rahimi,hana.rahimi82@example.com,9756783995.0,Qom,2022-12-19,P00465,Prime Desk 465,Sports,17.93,41.34,B016,North Branch 16,Rasht,online,2,120,card,2024-09-25,349,40,invalid_discount_percent
S000420580,2025-04-03,C033728,Yasin,Moradi,yasin.moradi33728@example.com,9325970753.0,Tabriz,2021-02-18,P00311,Pro Sneakers 311,Garden,87.8,245.35,B038,East Branch 38,Tehran,mobile,0,25,Online,2023-06-28,104,40,invalid_quantity
S000421817,2024-11-25,C002368,Neda,Hosseini,neda.hosseini2368@example.com,9117221150.0,isfahan,2020-02-27,P00058,Classic Headphones 58,Travel,73.06,162.67,B001,Central Branch 1,Rasht,online,0,0,Online,2024-01-15,233,40,invalid_quantity
S000422630,2023-12-11,C032552,Omid,Rostami,omid.rostami32552@example.com,9759232367.0,Mashhad,2024-04-04,P00320,Pro Puzzle 320,Furniture,224.03,,B022,Outlet Branch 22,Rasht,mobile,1,0,card,2025-04-03,396,75,missing_unit_price
S000422796,2024-04-11,C029054,Neda,Mohammadi,neda.mohammadi29054@example.com,9913980327.0,Mashhad,2023-04-02,P00173,Max Sneakers 173,Health,70.99,167.61,B023,Bazaar Branch 23,Rasht,mobile,-4,25,wallet,2023-08-21,461,100,invalid_quantity
S000422871,2025-01-19,C040146,Yasin,Ahmadi,yasin.ahmadi40146@example.com,9827252652.0,Tehran,2022-12-26,P00120,Pro Cream 120,Furniture,-105.07,128.77,B003,Bazaar Branch 3,Karaj,online,3,10,Online,2024-12-17,358,20,invalid_unit_cost
S000422951,2025-05-27,C017067,Amir,Moradi,amir.moradi17067@example.com,9153770645.0,Tehran,2021-06-17,P00075,Mini Shirt 75,Music,,639.04,B029,North Branch 29,TEHRAN,mobile,5,0,online,2023-10-24,336,20,missing_unit_cost
S000423054,2024-06-06,C002765,Omid,Hosseini,omid.hosseini2765@example.com,9474669284.0,Mashhad,2022-08-17,P00080,Nova Puzzle 80,Furniture,298.24,674.76,B025,Bazaar Branch 25,Tehran,mobile,0,25,Online,2024-10-24,113,40,invalid_quantity
S000424291,2025-05-19,C041118,Yasin,Akbari,yasin.akbari41118@example.com,9369558600.0,isfahan,2023-09-01,P00366,Classic Notebook 366,Toys,320.6,753.55,B028,Express Branch 28,isfahan,partner,0,0,card,2024-02-06,17,75,invalid_quantity
S000425255,2025-01-26,C010891,Arman,Karimi,arman.karimi10891@example.com,9480755542.0,Qom,2024-01-02,P00189,Basic Notebook 189,Grocery,261.49,-410.24,B021,Airport Branch 21,tehran,online,10,15,Online,2025-04-15,335,10,invalid_unit_price
S000425528,2023-04-14,C037567,Leila,Mohammadi,leila.mohammadi37567@example.com,9659148120.0,Tabriz,2024-01-25,P00009,Smart Sneakers 9,Grocery,111.74,136.39,B015,Outlet Branch 15,Isfahan,partner,0,0,card,2024-11-05,476,30,invalid_quantity
S000425752,2025-12-28,C043848,Hana,Jafari,hana.jafari43848@example.com,9826219057.0,tehran,2022-05-23,P00255,Classic Sneakers 255,Music,,262.05,B014,Bazaar Branch 14,shiraz,mobile,4,25,CARD,2023-04-25,395,40,missing_unit_cost
S000425881,2023-01-10,C008194,Arman,Moradi,arman.moradi8194@example.com,9485716301.0,tehran,2022-12-04,P00169,Plus Cream 169,Grocery,233.72,,B040,Outlet Branch 40,tehran,online,4,25,cash,2025-07-09,422,30,missing_unit_price
S000425999,2023-02-11,C004675,Yasin,Rahimi,yasin.rahimi4675@example.com,9947756854.0,isfahan,2024-08-27,P00387,Pro Ball 387,Clothing,95.04,250.48,B011,Central Branch 11,TEHRAN,partner,-2,0,CARD,2025-04-04,407,20,invalid_quantity
S000426497,2025-07-27,C000771,Arman,Hosseini,arman.hosseini771@example.com,9884832186.0,Mashhad,2023-07-24,P00455,Nova Ball 455,Music,28.86,60.04,B011,Central Branch 11,TEHRAN,partner,2,120,cash,2025-06-05,34,20,invalid_discount_percent
S000426765,2024-07-22,C027316,Amir,Rostami,amir.rostami27316@example.com,9960940377.0,Karaj,2022-07-30,P00138,Classic Ball 138,Travel,388.44,982.53,B012,South Branch 12,Mashhad,online,0,15,wallet,2023-11-28,126,50,invalid_quantity
S000427418,2025-06-18,C023279,Sara,Rahimi,sara.rahimi23279@example.com,9257825098.0,Karaj,2021-03-17,P00347,Classic Cream 347,Clothing,-60.65,93.42,B034,Express Branch 34,isfahan,partner,2,5,cash,2024-10-05,479,10,invalid_unit_cost
S000427734,2024-07-06,C033642,Ali,Mohammadi,ali.mohammadi33642@example.com,9462570270.0,Karaj,2023-06-13,P00031,Mini Coffee 31,Garden,22.73,26.89,B031,North Branch 31,Tehran,store,1,0,CARD,2024-08-31,386,50,duplicate_sale_id
S000428002,2024-07-21,C021645,Yasin,Akbari,yasin.akbari21645@example.com,9179390976.0,tehran,2024-08-08,P00299,Basic Desk 299,Gaming,20.33,50.31,B034,Express Branch 34,isfahan,partner,0,0,online,2024-01-20,236,50,invalid_quantity
S000428553,2025-08-16,C030586,Hana,Hosseini,hana.hosseini30586@example.com,9714250905.0,Rasht,2024-06-09,P00490,Classic Sneakers 490,Office,,322.63,B020,North Branch 20,Shiraz,online,2,0,card,2024-01-04,98,75,missing_unit_cost
S000429132,2024-12-16,C033580,Yasin,Rahimi,yasin.rahimi33580@example.com,9425161207.0,Karaj,2020-03-05,P00407,Classic Cream 407,Clothing,191.59,,B006,North Branch 6,tehran,online,1,20,Online,2025-02-25,447,75,missing_unit_price
S000429202,2025-07-02,C021801,Amir,Karimi,amir.karimi21801@example.com,9699358927.0,Karaj,2024-09-16,P00498,Prime Coffee 498,Travel,36.32,65.61,B025,Bazaar Branch 25,Tehran,mobile,-3,0,online,2024-01-01,425,100,invalid_quantity
S000429239,2024-01-14,C000048,Ali,Salehi,ali.salehi48@example.com,9694768704.0,Shiraz,2023-04-20,P00437,Mini Notebook 437,Baby,218.25,430.16,B020,North Branch 20,Shiraz,online,0,20,Online,2024-08-07,22,30,invalid_quantity
S000430258,2023-09-17,C046052,Omid,Salehi,omid.salehi46052@example.com,9255074907.0,Isfahan,2021-03-26,P00026,Pro Ball 26,Toys,354.05,-925.27,B031,North Branch 31,Tehran,store,4,20,online,2024-07-17,500,10,invalid_unit_price
S000430476,2023-03-28,C001375,Amir,Rostami,amir.rostami1375@example.com,9100772905.0,Qom,2022-11-02,P00437,Mini Notebook 437,Baby,218.25,430.16,B020,North Branch 20,Shiraz,online,0,10,CARD,2025-05-06,494,10,invalid_quantity
S000431354,2025-01-30,C039659,Amir,Hosseini,amir.hosseini39659@example.com,9770079152.0,Qom,2022-10-16,P00392,Prime Cream 392,Automotive,,209.49,B026,Central Branch 26,Mashhad,partner,2,5,CARD,2024-09-26,360,30,missing_unit_cost
S000431713,2024-06-09,C031928,Hana,Akbari,hana.akbari31928@example.com,9399434558.0,Mashhad,2021-12-10,P00409,Plus Ball 409,Grocery,244.96,443.97,B029,North Branch 29,TEHRAN,mobile,0,15,CARD,2025-12-19,44,50,invalid_quantity
S000431965,2024-05-04,C034955,Hana,Rahimi,hana.rahimi34955@example.com,9497362844.0,Mashhad,2020-11-08,P00306,Nova Headphones 306,Toys,-78.17,180.82,B003,Bazaar Branch 3,Karaj,online,10,0,cash,2025-01-31,328,100,invalid_unit_cost
S000432383,2024-06-21,C016794,Mina,Salehi,mina.salehi16794@example.com,9447438999.0,Tehran,2024-08-23,P00251,Eco Shirt 251,Garden,386.68,,B011,Central Branch 11,TEHRAN,partner,8,10,cash,2024-11-20,71,50,missing_unit_price
S000432405,2024-07-10,C006258,Leila,Moradi,leila.moradi6258@example.com,9427147583.0,Qom,2024-07-23,P00078,Smart Cream 78,Travel,7.24,19.81,B036,Express Branch 36,TEHRAN,store,-2,15,Online,2024-08-07,35,40,invalid_quantity
S000432504,2025-12-24,C032197,Maryam,Jafari,maryam.jafari32197@example.com,9884327644.0,isfahan,2022-09-23,P00174,Plus Puzzle 174,Jewelry,56.19,69.75,B016,North Branch 16,Rasht,online,1,120,card,2024-03-13,427,75,invalid_discount_percent
S000432950,2024-07-31,C027469,Ali,Akbari,ali.akbari27469@example.com,9842283003.0,Karaj,2021-08-25,P00095,Max Puzzle 95,Music,207.16,565.41,B040,Outlet Branch 40,tehran,online,0,15,wallet,2023-11-29,220,10,invalid_quantity
S000434155,2025-09-13,C013565,Yasin,Karimi,yasin.karimi13565@example.com,9893479374.0,TEHRAN,2022-09-06,P00328,Classic Sneakers 328,Shoes,,335.25,B030,Airport Branch 30,Mashhad,mobile,4,20,wallet,2023-05-14,361,20,missing_unit_cost
S000434187,2025-09-09,C019327,Hana,Mohammadi,hana.mohammadi19327@example.com,9477184005.0,tehran,2021-11-29,P00453,Basic Sneakers 453,Health,151.96,405.64,B022,Outlet Branch 22,Rasht,mobile,0,20,CARD,2023-07-27,342,10,invalid_quantity
S000435261,2025-11-21,C049320,Hana,Hosseini,hana.hosseini49320@example.com,9154060272.0,TEHRAN,2023-04-11,P00410,Classic Mixer 410,Office,327.16,-425.14,B021,Airport Branch 21,tehran,online,5,10,cash,2024-06-12,420,40,invalid_unit_price
S000435424,2023-05-27,C010714,Omid,Akbari,omid.akbari10714@example.com,9913278279.0,Mashhad,2024-03-20,P00387,Pro Ball 387,Clothing,95.04,250.48,B027,Express Branch 27,shiraz,store,0,10,Online,2023-07-10,352,10,invalid_quantity
S000435511,2023-01-01,C022814,Reza,Rahimi,reza.rahimi22814@example.com,9924679853.0,shiraz,2020-01-17,P00085,Prime Puzzle 85,Sports,139.2,362.67,B026,Central Branch 26,Mashhad,partner,2,5,Online,2025-09-16,223,30,duplicate_sale_id
S000435608,2025-01-28,C036114,Reza,Mohammadi,reza.mohammadi36114@example.com,9135859892.0,shiraz,2023-10-10,P00101,Smart Coffee 101,Electronics,256.43,356.86,B015,Outlet Branch 15,Isfahan,partner,-5,0,Online,2024-10-06,227,75,invalid_quantity
S000435634,2023-10-24,C049078,Sara,Akbari,sara.akbari49078@example.com,9761616900.0,TEHRAN,2021-03-28,P00069,Eco Ball 69,Grocery,41.97,,B008,West Branch 8,Isfahan,store,2,15,cash,2024-09-25,423,40,missing_unit_price
S000436512,2025-03-30,C008567,Sara,Jafari,sara.jafari8567@example.com,9950192278.0,Tehran,2020-06-22,P00102,Basic Puzzle 102,Home Appliances,-58.09,68.84,B032,Central Branch 32,shiraz,partner,2,20,Online,2023-06-09,118,30,invalid_unit_cost
S000436661,2023-09-10,C002199,Arman,Karimi,arman.karimi2199@example.com,9794113197.0,Tehran,2023-05-31,P00015,Pro Shirt 15,Music,56.2,147.54,B011,Central Branch 11,TEHRAN,partner,0,25,wallet,2024-12-23,197,50,invalid_quantity
S000436956,2025-11-13,C018033,Neda,Mohammadi,neda.mohammadi18033@example.com,9400733358.0,Mashhad,2021-04-17,P00427,Smart Notebook 427,Clothing,,377.32,B014,Bazaar Branch 14,shiraz,mobile,2,0,online,2024-04-16,114,20,missing_unit_cost
S000437898,2025-11-12,C040620,Ali,Rostami,ali.rostami40620@example.com,9957432183.0,Mashhad,2020-09-18,P00349,Nova Sneakers 349,Grocery,323.12,774.01,B002,Mall Branch 2,Karaj,partner,0,10,Online,2025-02-11,450,75,invalid_quantity
S000438511,2023-04-21,C003707,Reza,Jafari,reza.jafari3707@example.com,9331073681.0,Qom,2022-07-14,P00353,Max Headphones 353,Health,273.14,584.02,B016,North Branch 16,Rasht,online,3,120,wallet,2025-08-08,384,40,invalid_discount_percent
S000438811,2024-03-31,C012355,Ali,Ahmadi,ali.ahmadi12355@example.com,9341751856.0,Karaj,2021-06-07,P00254,Max Desk 254,Jewelry,239.84,534.85,B021,Airport Branch 21,tehran,online,-3,10,wallet,2023-03-28,332,50,invalid_quantity
S000438885,2023-10-20,C016719,Ali,Rahimi,ali.rahimi16719@example.com,9466824043.0,Shiraz,2021-04-03,P00090,Basic Shirt 90,Office,18.52,,B019,Bazaar Branch 19,Shiraz,mobile,2,25,wallet,2025-10-03,80,50,missing_unit_price
S000439135,2025-11-30,C015491,Sara,Rostami,sara.rostami15491@example.com,9858856055.0,shiraz,2020-06-29,P00369,Pro Desk 369,Grocery,82.64,102.81,B023,Bazaar Branch 23,Rasht,mobile,0,25,card,2023-12-07,376,100,invalid_quantity
S000439757,2024-05-25,C034929,Arman,Hosseini,arman.hosseini34929@example.com,9717135835.0,Tehran,2021-08-06,P00375,Basic Cream 375,Music,,358.53,B034,Express Branch 34,isfahan,partner,4,25,Online,2025-10-17,39,30,missing_unit_cost
S000440264,2024-10-16,C021739,Leila,Ahmadi,leila.ahmadi21739@example.com,9144044788.0,tehran,2024-03-25,P00358,Prime Puzzle 358,Travel,75.76,-172.32,B007,Central Branch 7,Qom,partner,5,10,wallet,2023-03-10,137,40,invalid_unit_price
S000440372,2024-01-18,C042987,Omid,Moradi,omid.moradi42987@example.com,9526359239.0,tehran,2022-02-22,P00204,Prime Sneakers 204,Beauty,184.44,355.83,B003,Bazaar Branch 3,Karaj,online,0,0,Online,2024-10-14,106,100,invalid_quantity
S000441059,2024-08-04,C022808,Sara,Mohammadi,sara.mohammadi22808@example.com,9935902267.0,Mashhad,2020-04-26,P00230,Eco Puzzle 230,Office,-255.77,608.45,B034,Express Branch 34,isfahan,partner,3,0,card,2024-07-28,354,30,invalid_unit_cost
S000441609,2023-12-06,C033130,Omid,Salehi,omid.salehi33130@example.com,9248943959.0,Karaj,2023-06-03,P00241,Prime Sneakers 241,Electronics,207.74,325.11,B025,Bazaar Branch 25,Tehran,mobile,0,5,wallet,2024-06-07,90,75,invalid_quantity
S000442014,2023-06-08,C001128,Leila,Akbari,leila.akbari1128@example.com,9676637967.0,isfahan,2020-07-07,P00192,Max Shirt 192,Automotive,226.79,307.74,B035,Mall Branch 35,isfahan,mobile,-3,5,wallet,2025-06-27,207,40,invalid_quantity
S000442136,2025-08-26,C014896,Sara,Moradi,sara.moradi14896@example.com,9824239309.0,shiraz,2022-09-08,P00274,Nova Coffee 274,Jewelry,171.31,,B010,Central Branch 10,Rasht,mobile,3,10,card,2024-11-29,350,50,missing_unit_price
S000442558,2025-09-02,C034402,Amir,Salehi,amir.salehi34402@example.com,9656095425.0,isfahan,2021-01-21,P00353,Max Headphones 353,Health,,584.02,B008,West Branch 8,Isfahan,store,1,15,CARD,2024-12-31,103,100,missing_unit_cost
S000442846,2023-12-20,C035531,Mina,Jafari,mina.jafari35531@example.com,9616784361.0,Rasht,2023-09-21,P00120,Pro Cream 120,Furniture,105.07,128.77,B008,West Branch 8,Isfahan,store,0,10,wallet,2025-12-21,76,30,invalid_quantity
S000443288,2024-09-08,C033366,Ali,Ahmadi,ali.ahmadi33366@example.com,9541506540.0,Isfahan,2021-03-27,P00280,Classic Cream 280,Furniture,161.54,357.81,B040,Outlet Branch 40,tehran,online,3,0,CARD,2025-06-18,212,20,duplicate_sale_id
S000444083,2023-11-07,C013876,Leila,Mohammadi,leila.mohammadi13876@example.com,9171092447.0,Karaj,2020-03-27,P00419,Prime Cream 419,Gaming,154.82,206.51,B038,East Branch 38,Tehran,mobile,0,5,cash,2023-12-01,28,30,invalid_quantity
S000444518,2025-07-20,C028101,Maryam,Hosseini,maryam.hosseini28101@example.com,9528712023.0,Tehran,2024-10-23,P00264,Pro Desk 264,Beauty,281.41,612.86,B036,Express Branch 36,TEHRAN,store,1,120,CARD,2023-05-28,341,75,invalid_discount_percent
S000445217,2024-07-03,C033657,Maryam,Hosseini,maryam.hosseini33657@example.com,9650206666.0,Shiraz,2024-06-11,P00276,Mini Headphones 276,Pets,20.34,24.03,B040,Outlet Branch 40,tehran,online,-2,10,cash,2025-12-11,6,10,invalid_quantity
S000445267,2024-08-13,C047441,Arman,Hosseini,arman.hosseini47441@example.com,9134392341.0,shiraz,2021-04-09,P00093,Basic Cream 93,Health,116.63,-178.97,B031,North Branch 31,Tehran,store,1,25,CARD,2024-12-16,201,20,invalid_unit_price
S000445320,2023-07-10,C041973,Leila,Karimi,leila.karimi41973@example.com,9776694252.0,tehran,2023-06-19,P00030,Basic Puzzle 30,Office,146.01,240.91,B003,Bazaar Branch 3,Karaj,online,0,20,cash,2023-02-19,302,100,invalid_quantity
S000445359,2024-01-27,C016479,Leila,Mohammadi,leila.mohammadi16479@example.com,9677837508.0,Tabriz,2020-02-13,P00445,Nova Desk 445,Sports,,389.09,B027,Express Branch 27,shiraz,store,8,15,Online,2024-05-04,62,10,missing_unit_cost
S000445387,2023-05-22,C015909,Mina,Karimi,mina.karimi15909@example.com,9302742642.0,Tabriz,2020-04-25,P00404,Mini Notebook 404,Beauty,396.01,,B003,Bazaar Branch 3,Karaj,online,6,0,cash,2025-07-16,115,30,missing_unit_price
S000445606,2023-03-26,C012403,Maryam,Mohammadi,maryam.mohammadi12403@example.com,9566075865.0,tehran,2020-10-06,P00227,Eco Shirt 227,Clothing,-58.89,115.25,B015,Outlet Branch 15,Isfahan,partner,2,15,online,2023-10-01,309,50,invalid_unit_cost
S000446557,2024-09-03,C008864,Mina,Karimi,mina.karimi8864@example.com,9737714362.0,Isfahan,2021-06-06,P00125,Classic Cream 125,Sports,248.17,471.89,B013,Outlet Branch 13,Mashhad,mobile,0,20,wallet,2024-09-03,294,30,invalid_quantity
S000447794,2023-09-08,C026923,Ali,Mohammadi,ali.mohammadi26923@example.com,9902397051.0,Isfahan,2021-08-24,P00268,Basic Headphones 268,Shoes,248.33,507.33,B022,Outlet Branch 22,Rasht,mobile,0,0,card,2024-02-05,359,75,invalid_quantity
S000448160,2023-08-08,C016202,Leila,Karimi,leila.karimi16202@example.com,9210655842.0,Mashhad,2021-08-10,P00454,Max Mixer 454,Jewelry,,163.81,B020,North Branch 20,Shiraz,online,3,0,card,2023-06-06,219,30,missing_unit_cost
S000448420,2024-05-17,C032983,Yasin,Salehi,yasin.salehi32983@example.com,9718061963.0,Shiraz,2024-06-11,P00420,Smart Puzzle 420,Furniture,101.83,151.61,B024,Outlet Branch 24,TEHRAN,store,-2,20,CARD,2025-02-04,412,20,invalid_quantity
S000448638,2024-04-02,C045597,Arman,Moradi,arman.moradi45597@example.com,9279368402.0,shiraz,2022-05-14,P00005,Pro Notebook 5,Sports,293.1,,B019,Bazaar Branch 19,Shiraz,mobile,10,20,online,2023-04-29,124,10,missing_unit_price
S000449031,2025-04-06,C021179,Mina,Moradi,mina.moradi21179@example.com,9771793191.0,Tabriz,2022-01-30,P00056,Classic Puzzle 56,Pets,174.98,448.88,B036,Express Branch 36,TEHRAN,store,0,0,cash,2025-05-20,212,30,invalid_quantity
S000450153,2025-05-08,C047881,Omid,Hosseini,omid.hosseini47881@example.com,9718960111.0,Isfahan,2020-10-28,P00055,Prime Headphones 55,Music,-197.73,375.36,B012,South Branch 12,Mashhad,online,4,0,Online,2023-02-02,58,100,invalid_unit_cost
S000450268,2023-03-09,C043564,Ali,Rahimi,ali.rahimi43564@example.com,9614410485.0,Mashhad,2024-01-01,P00442,Pro Mixer 442,Home Appliances,59.04,114.59,B026,Central Branch 26,Mashhad,partner,0,20,cash,2024-05-21,430,100,invalid_quantity
S000450270,2024-12-21,C012469,Mina,Hosseini,mina.hosseini12469@example.com,9645735095.0,Qom,2023-06-25,P00381,Nova Puzzle 381,Electronics,163.77,-238.64,B028,Express Branch 28,isfahan,partner,1,10,online,2024-03-22,405,40,invalid_unit_price
S000450525,2023-07-29,C046277,Ali,Mohammadi,ali.mohammadi46277@example.com,9224008148.0,Mashhad,2023-11-17,P00280,Classic Cream 280,Furniture,161.54,357.81,B033,South Branch 33,isfahan,online,4,120,online,2024-12-14,440,30,invalid_discount_percent
S000450961,2023-03-18,C024098,Ali,Salehi,ali.salehi24098@example.com,9184383306.0,TEHRAN,2022-01-16,P00351,Max Notebook 351,Garden,,271.92,B025,Bazaar Branch 25,Tehran,mobile,4,10,card,2024-03-13,5,40,missing_unit_cost
S000451065,2025-11-20,C044672,Omid,Rostami,omid.rostami44672@example.com,9505887252.0,Mashhad,2022-05-06,P00480,Plus Desk 480,Furniture,166.69,265.11,B018,North Branch 18,Tabriz,partner,3,0,online,2025-09-13,283,100,duplicate_sale_id
S000451505,2024-11-10,C023662,Amir,Karimi,amir.karimi23662@example.com,9606807580.0,Tabriz,2022-06-06,P00091,Prime Notebook 91,Garden,67.36,169.69,B013,Outlet Branch 13,Mashhad,mobile,0,0,CARD,2024-07-20,203,100,invalid_quantity
S000451623,2024-12-10,C020255,Neda,Salehi,neda.salehi20255@example.com,9575043004.0,Qom,2021-10-15,P00461,Basic Puzzle 461,Electronics,340.36,576.15,B020,North Branch 20,Shiraz,online,-3,25,online,2024-08-06,350,50,invalid_quantity
S000451889,2023-09-10,C045496,Sara,Karimi,sara.karimi45496@example.com,9194248437.0,Karaj,2023-10-17,P00382,Prime Shirt 382,Home Appliances,269.62,,B023,Bazaar Branch 23,Rasht,mobile,4,25,Online,2025-03-02,219,40,missing_unit_price
S000452742,2025-09-04,C015659,Ali,Jafari,ali.jafari15659@example.com,9398595952.0,Tehran,2022-11-22,P00150,Smart Ball 150,Office,326.14,480.8,B009,South Branch 9,isfahan,store,0,10,card,2023-08-04,354,40,invalid_quantity
S000453762,2024-07-15,C001598,Omid,Ahmadi,omid.ahmadi1598@example.com,9197209076.0,Shiraz,2024-07-31,P00233,Classic Sneakers 233,Health,,681.33,B037,Bazaar Branch 37,Tehran,online,8,0,CARD,2024-08-20,469,20,missing_unit_cost
S000453979,2025-12-30,C017030,Maryam,Jafari,maryam.jafari17030@example.com,9661042992.0,shiraz,2020-08-05,P00034,Basic Coffee 34,Jewelry,219.46,377.08,B011,Central Branch 11,TEHRAN,partner,0,0,card,2023-01-19,3,50,invalid_quantity
S000454700,2024-12-25,C015820,Mina,Rahimi,mina.rahimi15820@example.com,9513312450.0,Rasht,2021-03-11,P00123,Pro Mixer 123,Books,-125.88,338.14,B002,Mall Branch 2,Karaj,partner,4,5,online,2023-08-04,206,30,invalid_unit_cost
S000454826,2024-09-30,C047543,Yasin,Mohammadi,yasin.mohammadi47543@example.com,9745797972.0,Rasht,2024-03-15,P00473,Prime Cream 473,Health,292.84,379.75,B020,North Branch 20,Shiraz,online,-2,0,online,2025-01-09,181,40,invalid_quantity
S000455140,2025-11-11,C026402,Sara,Mohammadi,sara.mohammadi26402@example.com,9790791517.0,Tehran,2021-07-18,P00014,Max Sneakers 14,Jewelry,272.13,,B015,Outlet Branch 15,Isfahan,partner,2,0,card,2025-10-10,474,30,missing_unit_price
S000455216,2025-08-23,C000445,Mina,Moradi,mina.moradi445@example.com,9147036629.0,Shiraz,2020-03-26,P00491,Classic Desk 491,Garden,287.98,508.98,B036,Express Branch 36,TEHRAN,store,0,25,cash,2025-04-23,243,10,invalid_quantity
S000455273,2023-08-15,C035686,Leila,Hosseini,leila.hosseini35686@example.com,9424424640.0,Shiraz,2024-09-15,P00287,Nova Shirt 287,Clothing,104.62,-257.48,B040,Outlet Branch 40,tehran,online,3,10,cash,2023-09-28,46,10,invalid_unit_price
S000456453,2023-02-24,C024999,Amir,Salehi,amir.salehi24999@example.com,9716024326.0,Karaj,2023-02-01,P00478,Plus Coffee 478,Travel,277.37,601.41,B018,North Branch 18,Tabriz,partner,0,15,CARD,2023-04-16,371,75,invalid_quantity
S000456532,2024-07-29,C001658,Neda,Akbari,neda.akbari1658@example.com,9462287576.0,Qom,2023-11-14,P00415,Plus Mixer 415,Music,179.33,403.07,B035,Mall Branch 35,isfahan,mobile,5,120,card,2025-07-30,267,20,invalid_discount_percent
S000456563,2023-09-19,C007740,Arman,Akbari,arman.akbari7740@example.com,9101729162.0,tehran,2022-12-15,P00301,Plus Coffee 301,Electronics,,527.52,B013,Outlet Branch 13,Mashhad,mobile,1,10,card,2023-01-08,493,20,missing_unit_cost
S000457690,2023-09-24,C046734,Mina,Ahmadi,mina.ahmadi46734@example.com,9561261689.0,Qom,2021-01-15,P00267,Eco Notebook 267,Clothing,260.43,311.3,B019,Bazaar Branch 19,Shiraz,mobile,0,15,cash,2025-03-15,444,30,invalid_quantity
S000458029,2025-05-25,C035394,Leila,Rostami,leila.rostami35394@example.com,9994534203.0,Shiraz,2023-09-13,P00411,Max Desk 411,Garden,25.89,56.32,B020,North Branch 20,Shiraz,online,-4,10,online,2023-08-27,169,40,invalid_quantity
S000458391,2023-07-06,C033692,Sara,Mohammadi,sara.mohammadi33692@example.com,9767237709.0,Rasht,2022-11-12,P00052,Smart Coffee 52,Automotive,204.8,,B003,Bazaar Branch 3,Karaj,online,1,15,Online,2023-08-09,251,50,missing_unit_price
S000458842,2023-03-04,C020093,Yasin,Akbari,yasin.akbari20093@example.com,9928388366.0,Mashhad,2021-10-02,P00106,Eco Headphones 106,Toys,321.72,376.97,B014,Bazaar Branch 14,shiraz,mobile,3,5,wallet,2025-06-10,27,30,duplicate_sale_id
S000458927,2024-09-03,C039761,Leila,Mohammadi,leila.mohammadi39761@example.com,9609282439.0,TEHRAN,2024-08-31,P00015,Pro Shirt 15,Music,56.2,147.54,B012,South Branch 12,Mashhad,online,0,25,wallet,2023-08-14,12,30,invalid_quantity
S000459247,2023-09-29,C024267,Reza,Ahmadi,reza.ahmadi24267@example.com,9702822647.0,Karaj,2022-03-18,P00214,Nova Cream 214,Jewelry,-95.86,187.81,B033,South Branch 33,isfahan,online,1,25,card,2024-04-10,296,10,invalid_unit_cost
S000459364,2025-10-20,C042781,Neda,Akbari,neda.akbari42781@example.com,9418666118.0,Mashhad,2021-11-10,P00202,Eco Ball 202,Home Appliances,,431.24,B018,North Branch 18,Tabriz,partner,4,15,Online,2024-01-17,221,100,missing_unit_cost
S000460164,2025-06-25,C006967,Leila,Mohammadi,leila.mohammadi6967@example.com,9254513193.0,Mashhad,2022-04-28,P00393,Mini Shirt 393,Health,58.28,125.04,B021,Airport Branch 21,tehran,online,0,25,CARD,2023-12-23,373,50,invalid_quantity
S000460276,2023-04-16,C029414,Ali,Mohammadi,ali.mohammadi29414@example.com,9805887930.0,Qom,2022-10-21,P00299,Basic Desk 299,Gaming,20.33,-50.31,B021,Airport Branch 21,tehran,online,1,0,Online,2023-04-27,263,40,invalid_unit_price
S000461232,2023-03-29,C049527,Leila,Mohammadi,leila.mohammadi49527@example.com,9941269179.0,Qom,2023-11-24,P00471,Max Puzzle 471,Garden,150.94,415.48,B040,Outlet Branch 40,tehran,online,-5,25,wallet,2024-08-12,377,50,invalid_quantity
S000461401,2024-09-27,C006461,Reza,Jafari,reza.jafari6461@example.com,9144732112.0,Tehran,2023-06-30,P00107,Smart Coffee 107,Clothing,286.7,387.25,B001,Central Branch 1,Rasht,online,0,15,wallet,2023-06-12,195,50,invalid_quantity
S000461642,2025-12-08,C012651,Maryam,Mohammadi,maryam.mohammadi12651@example.com,9528838358.0,Tabriz,2022-05-23,P00023,Eco Ball 23,Books,204.05,,B005,South Branch 5,TEHRAN,online,4,0,card,2023-09-27,101,10,missing_unit_price
S000462165,2023-07-08,C032620,Omid,Rostami,omid.rostami32620@example.com,9237260109.0,shiraz,2023-01-23,P00331,Classic Coffee 331,Garden,,35.69,B019,Bazaar Branch 19,Shiraz,mobile,1,10,online,2023-07-09,335,50,missing_unit_cost
S000462539,2025-07-20,C011656,Omid,Ahmadi,omid.ahmadi11656@example.com,9274119457.0,Isfahan,2021-09-21,P00439,Classic Puzzle 439,Gaming,297.94,763.39,B037,Bazaar Branch 37,Tehran,online,6,120,online,2025-08-21,107,40,invalid_discount_percent
S000462638,2023-04-15,C030498,Omid,Akbari,omid.akbari30498@example.com,9607708046.0,Mashhad,2020-05-26,P00319,Basic Sneakers 319,Gaming,110.8,226.34,B016,North Branch 16,Rasht,online,0,0,Online,2023-06-27,222,30,invalid_quantity
S000463794,2023-03-02,C007613,Ali,Ahmadi,ali.ahmadi7613@example.com,9379418113.0,Mashhad,2020-02-29,P00150,Smart Ball 150,Office,-326.14,480.8,B038,East Branch 38,Tehran,mobile,1,15,Online,2025-12-05,458,50,invalid_unit_cost
S000463875,2023-01-27,C039262,Amir,Rostami,amir.rostami39262@example.com,9696168120.0,tehran,2020-01-08,P00043,Prime Mixer 43,Books,59.66,72.72,B015,Outlet Branch 15,Isfahan,partner,0,5,card,2023-04-03,485,40,invalid_quantity
S000464435,2023-11-30,C014603,Yasin,Rahimi,yasin.rahimi14603@example.com,9123019201.0,isfahan,2021-05-02,P00197,Nova Puzzle 197,Baby,174.84,249.41,B030,Airport Branch 30,Mashhad,mobile,-5,0,Online,2023-05-23,342,40,invalid_quantity
S000464893,2025-06-02,C000603,Hana,Jafari,hana.jafari603@example.com,9671159367.0,isfahan,2024-08-13,P00065,Basic Mixer 65,Sports,381.26,,B006,North Branch 6,tehran,online,1,25,cash,2025-05-03,50,10,missing_unit_price
S000464966,2025-07-18,C035841,Mina,Karimi,mina.karimi35841@example.com,9737640634.0,Tehran,2020-04-30,P00480,Plus Desk 480,Furniture,,265.11,B010,Central Branch 10,Rasht,mobile,2,25,cash,2023-10-01,300,30,missing_unit_cost
S000465112,2025-07-29,C033426,Ali,Karimi,ali.karimi33426@example.com,9991760103.0,Rasht,2022-11-10,P00102,Basic Puzzle 102,Home Appliances,58.09,68.84,B011,Central Branch 11,TEHRAN,partner,0,15,online,2024-09-17,145,75,invalid_quantity
S000465279,2023-10-25,C047505,Reza,Mohammadi,reza.mohammadi47505@example.com,9174896308.0,TEHRAN,2020-09-18,P00315,Basic Puzzle 315,Music,242.26,-512.27,B022,Outlet Branch 22,Rasht,mobile,8,0,wallet,2025-03-28,54,50,invalid_unit_price
S000466349,2024-10-27,C048880,Maryam,Rostami,maryam.rostami48880@example.com,9525686947.0,Karaj,2021-06-15,P00001,Mini Desk 1,Electronics,75.63,160.11,B015,Outlet Branch 15,Isfahan,partner,0,25,Online,2024-03-08,204,75,invalid_quantity
S000466619,2024-10-20,C017654,Reza,Salehi,reza.salehi17654@example.com,9368571378.0,Qom,2023-10-09,P00265,Eco Mixer 265,Sports,398.58,866.09,B024,Outlet Branch 24,TEHRAN,store,10,0,wallet,2023-11-29,401,20,duplicate_sale_id
S000467586,2025-11-20,C015869,Yasin,Salehi,yasin.salehi15869@example.com,9343516690.0,Karaj,2022-06-25,P00292,Eco Notebook 292,Automotive,98.79,275.22,B014,Bazaar Branch 14,shiraz,mobile,0,0,CARD,2023-04-11,473,30,invalid_quantity
S000467638,2023-03-28,C049431,Omid,Moradi,omid.moradi49431@example.com,9538780003.0,Shiraz,2024-06-28,P00303,Max Ball 303,Books,21.36,45.56,B024,Outlet Branch 24,TEHRAN,store,-5,0,cash,2025-03-25,499,100,invalid_quantity
S000467767,2023-04-28,C023532,Arman,Jafari,arman.jafari23532@example.com,9631079354.0,tehran,2023-08-18,P00292,Eco Notebook 292,Automotive,,275.22,B036,Express Branch 36,TEHRAN,store,4,0,Online,2023-11-08,91,40,missing_unit_cost
S000468144,2024-02-12,C031287,Amir,Karimi,amir.karimi31287@example.com,9832474067.0,Tehran,2021-01-12,P00421,Classic Sneakers 421,Electronics,195.9,,B013,Outlet Branch 13,Mashhad,mobile,5,5,card,2023-10-28,311,75,missing_unit_price
S000468341,2024-01-16,C043715,Ali,Rostami,ali.rostami43715@example.com,9368662521.0,Isfahan,2023-05-10,P00419,Prime Cream 419,Gaming,-154.82,206.51,B039,Mall Branch 39,Shiraz,online,3,15,wallet,2025-09-01,333,100,invalid_unit_cost
S000468546,2023-01-02,C016706,Arman,Jafari,arman.jafari16706@example.com,9400250520.0,Mashhad,2024-07-06,P00052,Smart Coffee 52,Automotive,204.8,285.16,B012,South Branch 12,Mashhad,online,1,120,wallet,2024-05-09,116,40,invalid_discount_percent
S000468823,2025-06-08,C018021,Leila,Moradi,leila.moradi18021@example.com,9897904721.0,shiraz,2020-04-04,P00399,Smart Ball 399,Gaming,139.74,282.62,B028,Express Branch 28,isfahan,partner,0,0,wallet,2023-05-06,92,50,invalid_quantity
S000470060,2023-12-07,C024337,Leila,Rostami,leila.rostami24337@example.com,9772758582.0,Tehran,2021-01-28,P00197,Nova Puzzle 197,Baby,174.84,249.41,B020,North Branch 20,Shiraz,online,0,25,wallet,2025-04-16,400,50,invalid_quantity
S000470282,2025-10-13,C032207,Mina,Rahimi,mina.rahimi32207@example.com,9200201706.0,isfahan,2024-09-15,P00222,Pro Coffee 222,Home Appliances,222.49,-604.28,B013,Outlet Branch 13,Mashhad,mobile,2,20,CARD,2024-04-12,63,50,invalid_unit_price
S000470568,2025-06-10,C045113,Amir,Salehi,amir.salehi45113@example.com,9823315739.0,Tabriz,2022-11-27,P00183,Smart Coffee 183,Books,,782.56,B016,North Branch 16,Rasht,online,2,20,wallet,2025-06-11,186,50,missing_unit_cost
S000470841,2024-02-19,C020422,Mina,Ahmadi,mina.ahmadi20422@example.com,9753586980.0,Rasht,2020-05-09,P00091,Prime Notebook 91,Garden,67.36,169.69,B028,Express Branch 28,isfahan,partner,-3,15,card,2023-12-14,492,75,invalid_quantity
S000471297,2024-10-12,C014034,Hana,Rostami,hana.rostami14034@example.com,9915466764.0,Karaj,2023-08-15,P00117,Mini Sneakers 117,Baby,76.17,211.2,B011,Central Branch 11,TEHRAN,partner,0,10,card,2023-09-16,273,100,invalid_quantity
S000471395,2023-07-12,C019819,Yasin,Moradi,yasin.moradi19819@example.com,9231176531.0,Tabriz,2024-01-08,P00465,Prime Desk 465,Sports,17.93,,B001,Central Branch 1,Rasht,online,4,10,online,2023-03-17,378,40,missing_unit_price
S000472534,2023-08-18,C038309,Reza,Jafari,reza.jafari38309@example.com,9164030365.0,TEHRAN,2021-02-01,P00290,Nova Mixer 290,Office,160.58,216.38,B016,North Branch 16,Rasht,online,0,0,card,2023-12-13,334,100,invalid_quantity
S000472888,2023-06-26,C040740,Omid,Salehi,omid.salehi40740@example.com,9477260955.0,TEHRAN,2021-11-30,P00490,Classic Sneakers 490,Office,-201.05,322.63,B009,South Branch 9,isfahan,store,2,25,cash,2023-08-23,407,50,invalid_unit_cost
S000473369,2024-06-21,C002157,Yasin,Salehi,yasin.salehi2157@example.com,9539835071.0,isfahan,2021-04-21,P00052,Smart Coffee 52,Automotive,,285.16,B010,Central Branch 10,Rasht,mobile,1,20,wallet,2023-12-13,269,10,missing_unit_cost
S000473771,2024-11-09,C018254,Amir,Rostami,amir.rostami18254@example.com,9650648240.0,tehran,2023-02-24,P00376,Nova Notebook 376,Pets,58.43,99.95,B028,Express Branch 28,isfahan,partner,0,25,Online,2023-11-09,486,10,invalid_quantity
S000474044,2023-08-29,C017445,Mina,Karimi,mina.karimi17445@example.com,9182184471.0,Shiraz,2022-06-08,P00468,Basic Headphones 468,Shoes,365.42,841.75,B021,Airport Branch 21,tehran,online,-3,20,wallet,2025-12-16,303,10,invalid_quantity
S000474396,2025-05-17,C001017,Neda,Mohammadi,neda.mohammadi1017@example.com,9435106513.0,TEHRAN,2020-07-29,P00482,Classic Coffee 482,Home Appliances,63.22,175.51,B005,South Branch 5,TEHRAN,online,2,5,wallet,2025-02-12,81,30,duplicate_sale_id
S000474553,2024-09-21,C029663,Sara,Rostami,sara.rostami29663@example.com,9885599584.0,Mashhad,2024-06-20,P00182,Eco Cream 182,Home Appliances,349.26,822.32,B018,North Branch 18,Tabriz,partner,1,120,cash,2025-06-09,464,10,invalid_discount_percent
S000474646,2025-07-15,C042892,Mina,Akbari,mina.akbari42892@example.com,9425307431.0,Qom,2024-10-25,P00422,Prime Desk 422,Home Appliances,179.61,,B034,Express Branch 34,isfahan,partner,5,20,Online,2024-06-29,415,40,missing_unit_price
S000475008,2023-03-06,C010768,Mina,Karimi,mina.karimi10768@example.com,9327052751.0,Tabriz,2023-03-17,P00475,Pro Puzzle 475,Music,76.34,120.89,B010,Central Branch 10,Rasht,mobile,0,15,cash,2024-11-29,321,75,invalid_quantity
S000475285,2023-02-06,C010038,Yasin,Akbari,yasin.akbari10038@example.com,9637482820.0,Mashhad,2020-12-20,P00264,Pro Desk 264,Beauty,281.41,-612.86,B035,Mall Branch 35,isfahan,mobile,3,0,wallet,2023-12-24,415,100,invalid_unit_price
S000476170,2025-01-21,C043220,Arman,Rostami,arman.rostami43220@example.com,9808176192.0,Isfahan,2020-02-07,P00164,Max Puzzle 164,Beauty,,701.39,B013,Outlet Branch 13,Mashhad,mobile,1,5,wallet,2025-10-14,345,50,missing_unit_cost
S000476245,2023-07-26,C021399,Neda,Salehi,neda.salehi21399@example.com,9316756826.0,shiraz,2023-02-19,P00410,Classic Mixer 410,Office,327.16,425.14,B007,Central Branch 7,Qom,partner,0,20,cash,2024-04-17,281,100,invalid_quantity
S000477247,2024-11-13,C045141,Reza,Ahmadi,reza.ahmadi45141@example.com,9658156009.0,Shiraz,2024-09-01,P00367,Smart Headphones 367,Clothing,172.59,425.74,B039,Mall Branch 39,Shiraz,online,-2,0,online,2023-08-08,203,20,invalid_quantity
S000477435,2025-07-12,C029721,Yasin,Mohammadi,yasin.mohammadi29721@example.com,9267683277.0,Qom,2022-01-10,P00149,Basic Puzzle 149,Grocery,-279.64,403.61,B035,Mall Branch 35,isfahan,mobile,2,0,CARD,2024-12-20,187,10,invalid_unit_cost
S000477482,2024-10-16,C011102,Arman,Jafari,arman.jafari11102@example.com,9625725735.0,Shiraz,2021-10-17,P00413,Plus Shirt 413,Health,344.24,526.41,B035,Mall Branch 35,isfahan,mobile,0,10,cash,2023-05-24,110,20,invalid_quantity
S000477897,2024-06-25,C047318,Neda,Moradi,neda.moradi47318@example.com,9536183355.0,isfahan,2020-07-20,P00030,Basic Puzzle 30,Office,146.01,,B027,Express Branch 27,shiraz,store,3,0,cash,2024-08-12,363,100,missing_unit_price
S000478719,2023-11-01,C034954,Amir,Mohammadi,amir.mohammadi34954@example.com,9819892597.0,Shiraz,2020-11-06,P00176,Nova Coffee 176,Pets,271.52,372.77,B004,Bazaar Branch 4,Rasht,partner,0,0,wallet,2024-07-22,343,30,invalid_quantity
S000478971,2025-10-26,C024488,Sara,Ahmadi,sara.ahmadi24488@example.com,9792736611.0,shiraz,2024-10-16,P00295,Plus Notebook 295,Music,,436.2,B024,Outlet Branch 24,TEHRAN,store,1,20,card,2023-01-09,320,20,missing_unit_cost
S000479956,2023-12-03,C036317,Ali,Moradi,ali.moradi36317@example.com,9828282625.0,Tabriz,2021-11-27,P00110,Prime Sneakers 110,Office,158.2,278.01,B030,Airport Branch 30,Mashhad,mobile,0,20,Online,2024-10-10,419,20,invalid_quantity
S000480288,2024-09-27,C010300,Omid,Rahimi,omid.rahimi10300@example.com,9609617905.0,tehran,2024-01-12,P00213,Basic Sneakers 213,Health,312.76,-515.89,B029,North Branch 29,TEHRAN,mobile,1,0,Online,2025-01-18,374,20,invalid_unit_price
S000480450,2024-08-10,C017362,Mina,Ahmadi,mina.ahmadi17362@example.com,9486476328.0,shiraz,2021-02-12,P00420,Smart Puzzle 420,Furniture,101.83,151.61,B012,South Branch 12,Mashhad,online,-5,0,online,2023-08-06,414,50,invalid_quantity
S000480560,2023-08-24,C010379,Sara,Mohammadi,sara.mohammadi10379@example.com,9724175051.0,Tehran,2020-07-28,P00406,Nova Headphones 406,Toys,307.89,791.41,B001,Central Branch 1,Rasht,online,1,120,CARD,2023-03-01,56,50,invalid_discount_percent
S000481148,2024-11-10,C024266,Ali,Salehi,ali.salehi24266@example.com,9747606193.0,TEHRAN,2023-09-17,P00424,Eco Coffee 424,Beauty,295.17,,B017,Express Branch 17,tehran,online,4,10,Online,2023-07-30,285,50,missing_unit_price
S000481193,2023-09-04,C043369,Leila,Salehi,leila.salehi43369@example.com,9691920752.0,Rasht,2024-01-06,P00229,Nova Coffee 229,Grocery,310.04,785.58,B023,Bazaar Branch 23,Rasht,mobile,0,5,online,2025-09-10,182,75,invalid_quantity
S000481772,2023-10-15,C013147,Leila,Akbari,leila.akbari13147@example.com,9365706435.0,Qom,2020-03-02,P00221,Eco Ball 221,Electronics,,202.3,B018,North Branch 18,Tabriz,partner,4,0,wallet,2025-02-21,380,100,missing_unit_cost
S000481982,2023-12-23,C023217,Omid,Ahmadi,omid.ahmadi23217@example.com,9484046985.0,Isfahan,2021-06-06,P00187,Basic Shirt 187,Clothing,-144.89,318.21,B021,Airport Branch 21,tehran,online,2,15,CARD,2023-04-29,129,10,invalid_unit_cost
S000482173,2025-08-21,C036158,Reza,Ahmadi,reza.ahmadi36158@example.com,9219334671.0,TEHRAN,2024-05-22,P00034,Basic Coffee 34,Jewelry,219.46,377.08,B019,Bazaar Branch 19,Shiraz,mobile,2,25,Online,2024-11-02,463,40,duplicate_sale_id
S000482430,2025-06-30,C031645,Neda,Ahmadi,neda.ahmadi31645@example.com,9474256409.0,shiraz,2021-05-29,P00045,Smart Shirt 45,Sports,146.42,217.91,B005,South Branch 5,TEHRAN,online,0,0,Online,2024-07-01,433,10,invalid_quantity
S000483653,2023-07-25,C007785,Hana,Mohammadi,hana.mohammadi7785@example.com,9538911327.0,Mashhad,2024-02-22,P00275,Mini Mixer 275,Music,9.96,27.06,B011,Central Branch 11,TEHRAN,partner,-2,20,CARD,2025-04-05,168,30,invalid_quantity
S000483667,2023-01-27,C000566,Sara,Mohammadi,sara.mohammadi566@example.com,9274476883.0,Rasht,2022-07-28,P00206,Basic Shirt 206,Toys,241.09,589.63,B030,Airport Branch 30,Mashhad,mobile,0,5,online,2024-08-18,169,100,invalid_quantity
S000484399,2023-06-03,C029062,Leila,Karimi,leila.karimi29062@example.com,9333485120.0,isfahan,2021-09-18,P00439,Classic Puzzle 439,Gaming,297.94,,B024,Outlet Branch 24,TEHRAN,store,3,0,CARD,2023-05-01,108,50,missing_unit_price
S000484573,2024-01-22,C038832,Reza,Jafari,reza.jafari38832@example.com,9986206849.0,Mashhad,2024-05-03,P00404,Mini Notebook 404,Beauty,,526.46,B019,Bazaar Branch 19,Shiraz,mobile,1,0,wallet,2025-07-12,252,30,missing_unit_cost
S000484904,2024-10-01,C018928,Ali,Ahmadi,ali.ahmadi18928@example.com,9783696058.0,tehran,2020-09-23,P00149,Basic Puzzle 149,Grocery,279.64,403.61,B005,South Branch 5,TEHRAN,online,0,15,card,2023-07-07,84,40,invalid_quantity
S000485291,2023-11-20,C035652,Maryam,Karimi,maryam.karimi35652@example.com,9580185825.0,isfahan,2020-10-16,P00410,Classic Mixer 410,Office,327.16,-425.14,B023,Bazaar Branch 23,Rasht,mobile,2,25,cash,2024-05-11,179,20,invalid_unit_price
S000486141,2025-09-02,C031327,Amir,Akbari,amir.akbari31327@example.com,9817437914.0,Tabriz,2022-05-03,P00488,Basic Shirt 488,Shoes,28.99,52.72,B011,Central Branch 11,TEHRAN,partner,0,10,cash,2025-08-13,383,30,invalid_quantity
S000486529,2025-02-04,C015486,Yasin,Akbari,yasin.akbari15486@example.com,9817615789.0,Tehran,2020-11-02,P00277,Nova Shirt 277,Baby,-22.67,27.89,B037,Bazaar Branch 37,Tehran,online,10,0,cash,2024-08-10,288,30,invalid_unit_cost
S000486567,2025-01-30,C030138,Neda,Mohammadi,neda.mohammadi30138@example.com,9719847012.0,isfahan,2022-09-09,P00308,Plus Mixer 308,Shoes,387.27,448.11,B029,North Branch 29,TEHRAN,mobile,2,120,online,2025-01-28,356,40,invalid_discount_percent
S000486856,2025-03-09,C029173,Omid,Rostami,omid.rostami29173@example.com,9791923411.0,Tehran,2023-08-06,P00121,Classic Puzzle 121,Electronics,268.82,442.77,B018,North Branch 18,Tabriz,partner,-2,15,CARD,2025-02-18,207,10,invalid_quantity
S000487374,2024-03-24,C043086,Reza,Jafari,reza.jafari43086@example.com,9187712375.0,Tabriz,2024-01-20,P00004,Mini Desk 4,Beauty,,535.86,B023,Bazaar Branch 23,Rasht,mobile,2,15,online,2023-06-01,452,75,missing_unit_cost
S000487378,2025-11-11,C033699,Omid,Akbari,omid.akbari33699@example.com,9597887233.0,tehran,2021-03-10,P00198,Smart Puzzle 198,Travel,345.04,899.9,B022,Outlet Branch 22,Rasht,mobile,0,5,Online,2024-04-10,121,30,invalid_quantity
S000487650,2024-01-22,C020052,Sara,Rostami,sara.rostami20052@example.com,9937285618.0,Tehran,2021-08-26,P00474,Max Mixer 474,Jewelry,62.67,,B001,Central Branch 1,Rasht,online,3,20,Online,2024-07-18,469,50,missing_unit_price
S000488615,2024-10-01,C009536,Amir,Mohammadi,amir.mohammadi9536@example.com,9893726677.0,tehran,2023-03-20,P00247,Plus Desk 247,Clothing,153.59,302.38,B001,Central Branch 1,Rasht,online,0,25,card,2024-05-05,442,30,invalid_quantity
S000489852,2025-07-04,C003016,Leila,Jafari,leila.jafari3016@example.com,9169116659.0,Tehran,2023-06-07,P00367,Smart Headphones 367,Clothing,172.59,425.74,B024,Outlet Branch 24,TEHRAN,store,0,0,online,2023-09-29,42,10,invalid_quantity
S000489950,2023-02-09,C011056,Yasin,Karimi,yasin.karimi11056@example.com,9856196774.0,tehran,2020-08-23,P00338,Pro Puzzle 338,Travel,237.05,369.95,B033,South Branch 33,isfahan,online,6,0,online,2024-10-23,433,10,duplicate_sale_id
S000490059,2025-02-26,C011668,Ali,Ahmadi,ali.ahmadi11668@example.com,9716792196.0,Qom,2021-09-25,P00084,Smart Desk 84,Beauty,17.93,30.03,B029,North Branch 29,TEHRAN,mobile,-2,15,CARD,2023-06-09,80,20,invalid_quantity
S000490175,2024-08-02,C000243,Hana,Rahimi,hana.rahimi243@example.com,9981058292.0,Tehran,2021-08-02,P00138,Classic Ball 138,Travel,,982.53,B003,Bazaar Branch 3,Karaj,online,5,10,card,2024-10-31,395,30,missing_unit_cost
S000490294,2023-07-11,C009988,Hana,Akbari,hana.akbari9988@example.com,9821571325.0,Rasht,2022-05-09,P00127,Max Coffee 127,Clothing,116.97,-270.98,B032,Central Branch 32,shiraz,partner,10,10,wallet,2023-03-19,48,40,invalid_unit_price
S000490901,2025-05-01,C013653,Arman,Rostami,arman.rostami13653@example.com,9438277438.0,tehran,2023-05-18,P00378,Max Ball 378,Travel,84.0,,B019,Bazaar Branch 19,Shiraz,mobile,4,10,CARD,2025-06-29,41,75,missing_unit_price
S000491076,2024-02-05,C001266,Amir,Akbari,amir.akbari1266@example.com,9675151857.0,Tehran,2023-12-06,P00116,Prime Desk 116,Pets,-182.76,477.18,B032,Central Branch 32,shiraz,partner,1,0,card,2024-09-26,149,10,invalid_unit_cost
S000491089,2025-01-28,C012125,Sara,Rahimi,sara.rahimi12125@example.com,9799013552.0,shiraz,2021-05-29,P00375,Basic Cream 375,Music,228.29,358.53,B023,Bazaar Branch 23,Rasht,mobile,0,10,Online,2024-03-06,346,40,invalid_quantity
S000492326,2024-03-29,C004449,Reza,Hosseini,reza.hosseini4449@example.com,9686021691.0,TEHRAN,2023-05-14,P00423,Basic Coffee 423,Books,277.51,435.42,B005,South Branch 5,TEHRAN,online,0,10,wallet,2025-01-05,128,40,invalid_quantity
S000492574,2023-02-05,C039839,Reza,Moradi,reza.moradi39839@example.com,9563180424.0,Tehran,2022-10-06,P00141,Pro Desk 141,Electronics,166.04,422.45,B023,Bazaar Branch 23,Rasht,mobile,4,120,CARD,2023-06-12,105,50,invalid_discount_percent
S000492976,2023-08-15,C033770,Neda,Salehi,neda.salehi33770@example.com,9394656328.0,Shiraz,2021-08-16,P00485,Classic Desk 485,Sports,,130.26,B022,Outlet Branch 22,Rasht,mobile,1,0,CARD,2023-06-23,387,20,missing_unit_cost
S000493262,2023-08-30,C041740,Reza,Salehi,reza.salehi41740@example.com,9587033698.0,shiraz,2020-02-28,P00284,Prime Coffee 284,Beauty,21.3,39.57,B035,Mall Branch 35,isfahan,mobile,-3,0,wallet,2024-10-07,152,100,invalid_quantity
S000493563,2023-05-19,C039226,Yasin,Moradi,yasin.moradi39226@example.com,9275316953.0,Tabriz,2023-10-30,P00485,Classic Desk 485,Sports,77.9,130.26,B038,East Branch 38,Tehran,mobile,0,15,online,2024-07-11,95,50,invalid_quantity
S000494152,2024-08-28,C004371,Mina,Rostami,mina.rostami4371@example.com,9519398085.0,shiraz,2020-11-24,P00383,Basic Ball 383,Books,246.85,,B006,North Branch 6,tehran,online,1,25,card,2024-09-04,66,100,missing_unit_price
S000494800,2024-05-17,C038417,Omid,Rahimi,omid.rahimi38417@example.com,9585549817.0,shiraz,2022-06-10,P00235,Max Coffee 235,Music,226.41,613.19,B026,Central Branch 26,Mashhad,partner,0,5,online,2025-12-19,114,20,invalid_quantity
S000495297,2024-02-19,C018268,Mina,Hosseini,mina.hosseini18268@example.com,9517341464.0,tehran,2022-03-22,P00426,Basic Mixer 426,Toys,288.91,-561.11,B005,South Branch 5,TEHRAN,online,1,0,CARD,2024-11-15,292,40,invalid_unit_price
S000495623,2024-03-11,C046478,Leila,Rahimi,leila.rahimi46478@example.com,9114050619.0,isfahan,2023-07-14,P00324,Pro Ball 324,Beauty,-265.69,392.33,B026,Central Branch 26,Mashhad,partner,2,0,card,2025-11-28,396,10,invalid_unit_cost
S000495777,2025-12-20,C049228,Maryam,Akbari,maryam.akbari49228@example.com,9528558309.0,isfahan,2021-06-29,P00327,Mini Shirt 327,Clothing,,800.35,B015,Outlet Branch 15,Isfahan,partner,3,20,Online,2024-12-12,284,10,missing_unit_cost
S000496037,2025-07-19,C000256,Yasin,Jafari,yasin.jafari256@example.com,9797756796.0,tehran,2024-10-10,P00455,Nova Ball 455,Music,28.86,60.04,B037,Bazaar Branch 37,Tehran,online,0,0,wallet,2025-05-14,353,100,invalid_quantity
S000496465,2025-10-15,C005673,Amir,Hosseini,amir.hosseini5673@example.com,9536025317.0,tehran,2022-10-25,P00063,Classic Headphones 63,Books,360.04,496.7,B020,North Branch 20,Shiraz,online,-2,0,cash,2023-02-16,436,10,invalid_quantity
S000497274,2024-04-12,C013093,Sara,Rostami,sara.rostami13093@example.com,9900889888.0,Shiraz,2022-05-29,P00002,Classic Ball 2,Home Appliances,205.44,250.43,B004,Bazaar Branch 4,Rasht,partner,0,25,wallet,2024-08-05,409,100,invalid_quantity
S000497403,2023-02-22,C011583,Ali,Rostami,ali.rostami11583@example.com,9624284150.0,Tehran,2020-02-01,P00195,Prime Sneakers 195,Music,201.28,,B016,North Branch 16,Rasht,online,6,25,CARD,2024-07-22,398,50,missing_unit_price
S000497727,2023-12-01,C006487,Neda,Moradi,neda.moradi6487@example.com,9734292168.0,Isfahan,2021-09-21,P00180,Plus Coffee 180,Furniture,366.97,527.06,B036,Express Branch 36,TEHRAN,store,1,5,wallet,2024-04-06,202,75,duplicate_sale_id
S000498511,2024-09-02,C039479,Ali,Salehi,ali.salehi39479@example.com,9779472614.0,TEHRAN,2022-04-06,P00158,Prime Coffee 158,Travel,21.38,31.49,B023,Bazaar Branch 23,Rasht,mobile,0,15,CARD,2024-02-07,241,100,invalid_quantity
S000498578,2024-07-14,C004114,Leila,Jafari,leila.jafari4114@example.com,9436233641.0,tehran,2020-10-13,P00308,Plus Mixer 308,Shoes,,448.11,B040,Outlet Branch 40,tehran,online,2,5,card,2023-09-11,457,50,missing_unit_cost
S000498581,2024-01-12,C041164,Omid,Karimi,omid.karimi41164@example.com,9239476781.0,Qom,2024-04-19,P00485,Classic Desk 485,Sports,77.9,130.26,B007,Central Branch 7,Qom,partner,5,120,cash,2024-11-02,205,20,invalid_discount_percent
S000499668,2023-09-08,C005927,Arman,Rahimi,arman.rahimi5927@example.com,9435068180.0,isfahan,2024-01-25,P00271,Prime Ball 271,Garden,136.82,320.74,B034,Express Branch 34,isfahan,partner,-1,25,card,2023-08-29,16,20,invalid_quantity
S000499748,2023-01-30,C004636,Amir,Karimi,amir.karimi4636@example.com,9192544868.0,isfahan,2023-10-22,P00213,Basic Sneakers 213,Health,312.76,515.89,B037,Bazaar Branch 37,Tehran,online,0,10,online,2024-11-17,192,20,invalid_quantity
S000500170,2024-12-23,C025688,Hana,Hosseini,hana.hosseini25688@example.com,9702689122.0,Karaj,2024-01-21,P00038,Eco Desk 38,Travel,-388.86,600.62,B019,Bazaar Branch 19,Shiraz,mobile,1,5,online,2024-08-29,143,20,invalid_unit_cost
S000500300,2023-05-11,C029355,Ali,Hosseini,ali.hosseini29355@example.com,9417311530.0,Karaj,2023-01-18,P00327,Mini Shirt 327,Clothing,294.84,-800.35,B038,East Branch 38,Tehran,mobile,2,0,cash,2024-12-05,105,30,invalid_unit_price
S000500654,2024-02-09,C039471,Maryam,Moradi,maryam.moradi39471@example.com,9935020176.0,Shiraz,2023-08-19,P00148,Max Coffee 148,Shoes,122.39,,B026,Central Branch 26,Mashhad,partner,5,0,cash,2023-12-08,162,30,missing_unit_price
S000500985,2023-10-26,C001044,Mina,Rahimi,mina.rahimi1044@example.com,9598514021.0,Tehran,2020-07-23,P00134,Classic Puzzle 134,Jewelry,77.68,135.96,B031,North Branch 31,Tehran,store,0,15,cash,2023-07-28,31,100,invalid_quantity
S000501379,2024-09-20,C041394,Yasin,Ahmadi,yasin.ahmadi41394@example.com,9717009913.0,Mashhad,2024-12-02,P00005,Pro Notebook 5,Sports,,596.01,B017,Express Branch 17,tehran,online,6,20,cash,2023-08-28,115,40,missing_unit_cost
S000502222,2023-01-19,C037649,Mina,Rahimi,mina.rahimi37649@example.com,9306346150.0,tehran,2022-04-13,P00125,Classic Cream 125,Sports,248.17,471.89,B017,Express Branch 17,tehran,online,0,0,CARD,2025-10-19,67,10,invalid_quantity
S000502871,2025-04-16,C031845,Reza,Akbari,reza.akbari31845@example.com,9707850540.0,Qom,2020-09-25,P00200,Plus Headphones 200,Furniture,258.18,676.84,B026,Central Branch 26,Mashhad,partner,-2,15,Online,2024-08-24,139,50,invalid_quantity
S000503459,2025-06-01,C039104,Hana,Mohammadi,hana.mohammadi39104@example.com,9982638906.0,shiraz,2023-12-21,P00357,Classic Shirt 357,Baby,323.67,832.68,B002,Mall Branch 2,Karaj,partner,0,0,Online,2025-06-18,465,40,invalid_quantity
S000503905,2023-12-03,C024677,Ali,Akbari,ali.akbari24677@example.com,9427033577.0,Rasht,2023-08-15,P00189,Basic Notebook 189,Grocery,261.49,,B025,Bazaar Branch 25,Tehran,mobile,2,5,card,2025-08-06,117,75,missing_unit_price
S000504180,2023-05-22,C045194,Mina,Salehi,mina.salehi45194@example.com,9594286410.0,Rasht,2021-08-22,P00131,Pro Shirt 131,Garden,,77.2,B015,Outlet Branch 15,Isfahan,partner,5,5,card,2025-03-05,228,100,missing_unit_cost
S000504588,2023-11-29,C016930,Maryam,Rahimi,maryam.rahimi16930@example.com,9871613868.0,Qom,2022-07-06,P00276,Mini Headphones 276,Pets,20.34,24.03,B038,East Branch 38,Tehran,mobile,1,120,wallet,2024-07-17,253,10,invalid_discount_percent
S000504696,2024-12-13,C001506,Arman,Rostami,arman.rostami1506@example.com,9410075739.0,Qom,2021-01-05,P00100,Prime Headphones 100,Furniture,18.93,39.17,B010,Central Branch 10,Rasht,mobile,0,15,CARD,2024-11-16,194,40,invalid_quantity
S000504717,2025-09-20,C023085,Maryam,Mohammadi,maryam.mohammadi23085@example.com,9601910443.0,Tehran,2022-09-17,P00014,Max Sneakers 14,Jewelry,-272.13,661.16,B010,Central Branch 10,Rasht,mobile,2,0,wallet,2024-09-16,134,75,invalid_unit_cost
S000505303,2023-09-17,C042050,Arman,Rostami,arman.rostami42050@example.com,9929665909.0,Karaj,2022-04-07,P00430,Nova Puzzle 430,Office,49.37,-56.85,B022,Outlet Branch 22,Rasht,mobile,6,0,wallet,2023-01-04,281,100,invalid_unit_price
S000505504,2023-12-03,C004220,Sara,Akbari,sara.akbari4220@example.com,9643145488.0,Isfahan,2022-04-25,P00461,Basic Puzzle 461,Electronics,340.36,576.15,B018,North Branch 18,Tabriz,partner,3,5,online,2025-10-01,370,20,duplicate_sale_id
S000505933,2023-09-14,C013644,Ali,Jafari,ali.jafari13644@example.com,9710236006.0,isfahan,2023-07-10,P00134,Classic Puzzle 134,Jewelry,77.68,135.96,B035,Mall Branch 35,isfahan,mobile,0,15,cash,2024-11-08,326,30,invalid_quantity
S000506074,2023-12-19,C044862,Sara,Mohammadi,sara.mohammadi44862@example.com,9841579958.0,Qom,2022-08-24,P00299,Basic Desk 299,Gaming,20.33,50.31,B007,Central Branch 7,Qom,partner,-2,0,wallet,2024-11-23,313,100,invalid_quantity
S000506981,2023-06-06,C048855,Yasin,Akbari,yasin.akbari48855@example.com,9195887374.0,Karaj,2022-11-03,P00169,Plus Cream 169,Grocery,,392.58,B003,Bazaar Branch 3,Karaj,online,6,25,online,2025-07-23,173,20,missing_unit_cost
S000507156,2024-07-17,C028554,Reza,Hosseini,reza.hosseini28554@example.com,9242625885.0,tehran,2022-11-27,P00283,Classic Headphones 283,Books,187.97,,B016,North Branch 16,Rasht,online,2,25,online,2025-05-04,250,50,missing_unit_price
S000507170,2024-02-01,C014038,Mina,Akbari,mina.akbari14038@example.com,9415401216.0,Qom,2024-07-25,P00004,Mini Desk 4,Beauty,211.74,535.86,B002,Mall Branch 2,Karaj,partner,0,20,card,2025-03-16,379,100,invalid_quantity
S000508407,2023-11-07,C042213,Reza,Hosseini,reza.hosseini42213@example.com,9293818808.0,Tehran,2022-01-18,P00400,Prime Puzzle 400,Furniture,151.71,240.77,B023,Bazaar Branch 23,Rasht,mobile,0,0,wallet,2023-01-10,372,30,invalid_quantity
S000509264,2024-09-17,C009720,Yasin,Rostami,yasin.rostami9720@example.com,9255306960.0,shiraz,2024-06-22,P00264,Pro Desk 264,Beauty,-281.41,612.86,B040,Outlet Branch 40,tehran,online,2,0,cash,2025-03-21,25,100,invalid_unit_cost
S000509277,2023-03-04,C038477,Arman,Mohammadi,arman.mohammadi38477@example.com,9603501947.0,Qom,2020-12-05,P00167,Prime Cream 167,Clothing,239.27,457.81,B020,North Branch 20,Shiraz,online,-2,0,online,2023-07-13,178,100,invalid_quantity
S000509644,2023-07-10,C005184,Reza,Jafari,reza.jafari5184@example.com,9297187203.0,shiraz,2020-08-04,P00034,Basic Coffee 34,Jewelry,219.46,377.08,B030,Airport Branch 30,Mashhad,mobile,0,10,wallet,2025-05-25,14,100,invalid_quantity
S000509782,2025-05-03,C030359,Arman,Ahmadi,arman.ahmadi30359@example.com,9772790764.0,isfahan,2022-07-09,P00498,Prime Coffee 498,Travel,,65.61,B033,South Branch 33,isfahan,online,8,15,card,2025-05-25,223,50,missing_unit_cost
S000510306,2024-08-06,C026887,Sara,Hosseini,sara.hosseini26887@example.com,9777095256.0,Shiraz,2021-10-28,P00478,Plus Coffee 478,Travel,277.37,-601.41,B006,North Branch 6,tehran,online,2,25,cash,2023-11-18,107,40,invalid_unit_price
S000510407,2023-06-06,C017658,Reza,Akbari,reza.akbari17658@example.com,9525767276.0,Shiraz,2021-02-22,P00476,Plus Puzzle 476,Pets,358.21,,B002,Mall Branch 2,Karaj,partner,10,10,wallet,2024-06-02,300,10,missing_unit_price
S000510595,2025-10-25,C028043,Omid,Rostami,omid.rostami28043@example.com,9260598988.0,Tehran,2020-01-08,P00088,Pro Mixer 88,Shoes,298.11,741.36,B019,Bazaar Branch 19,Shiraz,mobile,1,120,card,2024-08-16,324,40,invalid_discount_percent
S000510881,2023-01-01,C005592,Amir,Salehi,amir.salehi5592@example.com,9279366591.0,Tehran,2023-07-24,P00131,Pro Shirt 131,Garden,34.95,77.2,B036,Express Branch 36,TEHRAN,store,0,20,CARD,2023-03-19,45,30,invalid_quantity
S000512118,2023-12-09,C006998,Ali,Jafari,ali.jafari6998@example.com,9337609168.0,TEHRAN,2024-08-05,P00306,Nova Headphones 306,Toys,78.17,180.82,B035,Mall Branch 35,isfahan,mobile,0,25,CARD,2025-07-16,63,50,invalid_quantity
S000512480,2023-08-16,C031428,Ali,Salehi,ali.salehi31428@example.com,9719823885.0,Shiraz,2021-11-29,P00245,Pro Shirt 245,Sports,346.68,922.26,B033,South Branch 33,isfahan,online,-1,20,Online,2025-11-21,101,50,invalid_quantity
S000512583,2024-08-24,C003587,Omid,Jafari,omid.jafari3587@example.com,9676306442.0,Mashhad,2020-10-02,P00126,Plus Puzzle 126,Toys,,527.92,B014,Bazaar Branch 14,shiraz,mobile,3,20,wallet,2025-07-15,93,10,missing_unit_cost
S000513281,2023-08-23,C046794,Amir,Rostami,amir.rostami46794@example.com,9132199629.0,Tehran,2022-03-27,P00250,Basic Coffee 250,Office,221.81,509.51,B028,Express Branch 28,isfahan,partner,6,0,wallet,2025-04-15,25,50,duplicate_sale_id
S000513355,2025-09-09,C030370,Arman,Salehi,arman.salehi30370@example.com,9210045251.0,Shiraz,2021-06-19,P00126,Plus Puzzle 126,Toys,213.24,527.92,B016,North Branch 16,Rasht,online,0,20,online,2023-02-21,52,10,invalid_quantity
S000513658,2024-08-26,C047084,Ali,Karimi,ali.karimi47084@example.com,9539621022.0,Shiraz,2023-07-27,P00004,Mini Desk 4,Beauty,211.74,,B016,North Branch 16,Rasht,online,1,0,CARD,2024-10-04,169,10,missing_unit_price
S000513811,2025-09-27,C002341,Amir,Rahimi,amir.rahimi2341@example.com,9519930083.0,Karaj,2024-08-13,P00178,Max Puzzle 178,Travel,-87.79,103.15,B028,Express Branch 28,isfahan,partner,2,0,Online,2024-08-19,82,40,invalid_unit_cost
S000514592,2023-11-29,C021802,Reza,Mohammadi,reza.mohammadi21802@example.com,9630389431.0,Tehran,2024-08-18,P00434,Mini Shirt 434,Jewelry,294.45,422.67,B014,Bazaar Branch 14,shiraz,mobile,0,15,online,2023-04-13,216,50,invalid_quantity
S000515309,2025-12-04,C047894,Sara,Rostami,sara.rostami47894@example.com,9954714972.0,Tehran,2022-10-07,P00255,Classic Sneakers 255,Music,107.06,-262.05,B019,Bazaar Branch 19,Shiraz,mobile,5,15,card,2025-07-01,12,75,invalid_unit_price
S000515384,2024-03-07,C041966,Neda,Rostami,neda.rostami41966@example.com,9178842534.0,Rasht,2023-03-20,P00200,Plus Headphones 200,Furniture,,676.84,B011,Central Branch 11,TEHRAN,partner,6,0,wallet,2024-04-14,416,30,missing_unit_cost
S000515683,2024-04-19,C037805,Amir,Hosseini,amir.hosseini37805@example.com,9636332484.0,Tehran,2023-02-12,P00299,Basic Desk 299,Gaming,20.33,50.31,B007,Central Branch 7,Qom,partner,-5,5,cash,2025-11-25,311,10,invalid_quantity
S000515829,2025-06-20,C022410,Amir,Karimi,amir.karimi22410@example.com,9639573078.0,Karaj,2021-08-17,P00421,Classic Sneakers 421,Electronics,195.9,330.92,B006,North Branch 6,tehran,online,0,25,wallet,2024-02-05,415,50,invalid_quantity
S000516602,2023-11-22,C005715,Reza,Akbari,reza.akbari5715@example.com,9498288692.0,Mashhad,2021-11-03,P00283,Classic Headphones 283,Books,187.97,239.09,B024,Outlet Branch 24,TEHRAN,store,8,120,card,2023-06-19,16,20,invalid_discount_percent
S000516909,2023-02-03,C005112,Neda,Ahmadi,neda.ahmadi5112@example.com,9135248842.0,Mashhad,2020-05-25,P00131,Pro Shirt 131,Garden,34.95,,B022,Outlet Branch 22,Rasht,mobile,3,0,CARD,2023-01-17,327,75,missing_unit_price
S000517066,2025-11-24,C038463,Ali,Jafari,ali.jafari38463@example.com,9898767797.0,Isfahan,2024-06-12,P00155,Plus Cream 155,Music,252.23,303.31,B025,Bazaar Branch 25,Tehran,mobile,0,5,Online,2025-03-28,95,75,invalid_quantity
S000518185,2023-12-14,C009710,Ali,Rostami,ali.rostami9710@example.com,9609046922.0,isfahan,2020-03-01,P00156,Nova Shirt 156,Pets,,381.04,B026,Central Branch 26,Mashhad,partner,2,0,wallet,2025-03-09,173,40,missing_unit_cost
S000518303,2023-01-15,C015222,Ali,Mohammadi,ali.mohammadi15222@example.com,9708460207.0,Shiraz,2023-06-11,P00050,Smart Notebook 50,Office,230.15,636.37,B017,Express Branch 17,tehran,online,0,0,CARD,2025-05-15,343,30,invalid_quantity
S000518358,2023-04-23,C016327,Sara,Akbari,sara.akbari16327@example.com,9214464413.0,Shiraz,2020-07-13,P00143,Classic Cream 143,Books,-280.13,530.49,B036,Express Branch 36,TEHRAN,store,6,0,online,2023-12-04,219,50,invalid_unit_cost
S000518886,2023-04-05,C017098,Yasin,Rahimi,yasin.rahimi17098@example.com,9322943904.0,shiraz,2021-09-30,P00487,Mini Ball 487,Clothing,172.08,389.03,B017,Express Branch 17,tehran,online,-3,15,card,2024-02-04,83,100,invalid_quantity
S000519540,2023-06-12,C036568,Mina,Ahmadi,mina.ahmadi36568@example.com,9105084862.0,Mashhad,2021-07-22,P00465,Prime Desk 465,Sports,17.93,41.34,B033,South Branch 33,isfahan,online,0,0,card,2023-11-14,136,20,invalid_quantity
S000520160,2025-07-24,C027312,Maryam,Mohammadi,maryam.mohammadi27312@example.com,9845864317.0,Tehran,2022-08-09,P00136,Pro Cream 136,Pets,370.35,,B032,Central Branch 32,shiraz,partner,4,0,card,2025-11-25,237,40,missing_unit_price
S000520312,2025-10-07,C035241,Sara,Jafari,sara.jafari35241@example.com,9240384963.0,Mashhad,2021-10-08,P00206,Basic Shirt 206,Toys,241.09,-589.63,B038,East Branch 38,Tehran,mobile,1,15,CARD,2024-01-23,439,50,invalid_unit_price
S000520777,2024-05-20,C017394,Reza,Ahmadi,reza.ahmadi17394@example.com,9948401765.0,tehran,2024-07-03,P00145,Prime Headphones 145,Sports,196.35,266.58,B019,Bazaar Branch 19,Shiraz,mobile,0,15,CARD,2025-09-17,463,75,invalid_quantity
S000520986,2023-05-06,C029671,Reza,Rahimi,reza.rahimi29671@example.com,9510512738.0,TEHRAN,2022-08-30,P00020,Basic Headphones 20,Furniture,,336.67,B017,Express Branch 17,tehran,online,1,0,cash,2024-12-27,42,10,missing_unit_cost
S000521058,2024-04-04,C006016,Yasin,Hosseini,yasin.hosseini6016@example.com,9974076774.0,Tehran,2021-10-09,P00213,Basic Sneakers 213,Health,312.76,515.89,B004,Bazaar Branch 4,Rasht,partner,1,25,card,2023-09-01,450,30,duplicate_sale_id
S000522014,2025-05-19,C010576,Maryam,Moradi,maryam.moradi10576@example.com,9815428448.0,Rasht,2020-08-08,P00183,Smart Coffee 183,Books,390.95,782.56,B030,Airport Branch 30,Mashhad,mobile,0,0,CARD,2024-12-12,194,20,invalid_quantity
S000522089,2023-06-06,C032038,Maryam,Ahmadi,maryam.ahmadi32038@example.com,9596127978.0,Tabriz,2022-11-17,P00427,Smart Notebook 427,Clothing,273.02,377.32,B032,Central Branch 32,shiraz,partner,-1,25,online,2025-10-27,161,50,invalid_quantity
S000522609,2025-10-30,C009821,Amir,Mohammadi,amir.mohammadi9821@example.com,9832766012.0,Qom,2021-12-14,P00162,Nova Coffee 162,Home Appliances,208.87,309.83,B029,North Branch 29,TEHRAN,mobile,1,120,cash,2025-03-10,467,10,invalid_discount_percent
S000522905,2025-12-29,C036746,Ali,Akbari,ali.akbari36746@example.com,9833941219.0,Rasht,2023-06-07,P00111,Basic Cream 111,Garden,-155.52,295.18,B015,Outlet Branch 15,Isfahan,partner,3,0,Online,2025-04-07,232,30,invalid_unit_cost
S000523251,2024-12-29,C011150,Amir,Salehi,amir.salehi11150@example.com,9796770727.0,isfahan,2021-09-07,P00499,Pro Coffee 499,Gaming,373.77,660.87,B029,North Branch 29,TEHRAN,mobile,0,0,wallet,2024-02-26,223,75,invalid_quantity
S000523411,2024-11-29,C009519,Amir,Karimi,amir.karimi9519@example.com,9552030699.0,Mashhad,2020-10-11,P00432,Pro Headphones 432,Automotive,362.49,,B010,Central Branch 10,Rasht,mobile,1,0,online,2024-11-08,155,40,missing_unit_price
S000523787,2025-07-25,C014348,Neda,Hosseini,neda.hosseini14348@example.com,9892517717.0,tehran,2020-05-08,P00112,Basic Puzzle 112,Automotive,,706.63,B030,Airport Branch 30,Mashhad,mobile,2,0,card,2025-12-09,47,100,missing_unit_cost
S000524488,2024-05-24,C017415,Amir,Karimi,amir.karimi17415@example.com,9632808484.0,Tehran,2021-08-21,P00260,Pro Puzzle 260,Furniture,232.98,402.89,B032,Central Branch 32,shiraz,partner,0,10,Online,2023-10-19,29,40,invalid_quantity
S000525292,2025-02-11,C001158,Yasin,Salehi,yasin.salehi1158@example.com,9523142000.0,Tabriz,2023-01-26,P00107,Smart Coffee 107,Clothing,286.7,387.25,B008,West Branch 8,Isfahan,store,-2,0,card,2025-01-30,224,100,invalid_quantity
S000525315,2025-09-24,C018484,Neda,Karimi,neda.karimi18484@example.com,9694458996.0,Tabriz,2020-11-19,P00340,Mini Mixer 340,Furniture,53.3,-69.47,B032,Central Branch 32,shiraz,partner,1,15,card,2025-09-23,9,100,invalid_unit_price
S000525725,2025-07-06,C016478,Omid,Hosseini,omid.hosseini16478@example.com,9601767066.0,tehran,2023-01-31,P00387,Pro Ball 387,Clothing,95.04,250.48,B024,Outlet Branch 24,TEHRAN,store,0,0,Online,2024-04-04,474,100,invalid_quantity
S000526588,2024-05-19,C018129,Sara,Ahmadi,sara.ahmadi18129@example.com,9423889995.0,Qom,2024-07-24,P00203,Smart Desk 203,Books,,251.88,B012,South Branch 12,Mashhad,online,3,10,CARD,2023-07-18,52,10,missing_unit_cost
S000526662,2025-03-01,C016566,Ali,Karimi,ali.karimi16566@example.com,9833718297.0,tehran,2020-05-02,P00240,Classic Mixer 240,Furniture,231.53,,B020,North Branch 20,Shiraz,online,2,0,card,2025-08-02,59,30,missing_unit_price
S000526962,2023-10-02,C014445,Mina,Ahmadi,mina.ahmadi14445@example.com,9936437300.0,Isfahan,2020-04-28,P00349,Nova Sneakers 349,Grocery,323.12,774.01,B008,West Branch 8,Isfahan,store,0,25,online,2023-01-19,154,75,invalid_quantity
S000527452,2024-12-19,C026240,Hana,Rahimi,hana.rahimi26240@example.com,9530921454.0,Isfahan,2020-01-15,P00246,Smart Shirt 246,Toys,-392.4,1056.94,B001,Central Branch 1,Rasht,online,1,5,Online,2025-08-16,383,40,invalid_unit_cost
S000528199,2025-05-03,C009988,Hana,Akbari,hana.akbari9988@example.com,9821571325.0,Rasht,2022-05-09,P00464,Classic Coffee 464,Beauty,251.12,453.84,B023,Bazaar Branch 23,Rasht,mobile,0,20,card,2024-10-02,251,75,invalid_quantity
S000528495,2025-08-11,C032782,Maryam,Akbari,maryam.akbari32782@example.com,9287915046.0,Mashhad,2022-05-06,P00290,Nova Mixer 290,Office,160.58,216.38,B020,North Branch 20,Shiraz,online,-1,0,card,2025-01-19,5,20,invalid_quantity
S000528616,2025-09-15,C009998,Mina,Mohammadi,mina.mohammadi9998@example.com,9825622493.0,Qom,2023-05-08,P00298,Classic Sneakers 298,Travel,336.48,475.55,B014,Bazaar Branch 14,shiraz,mobile,1,120,card,2023-10-05,478,100,invalid_discount_percent
S000528835,2023-06-03,C027236,Leila,Mohammadi,leila.mohammadi27236@example.com,9602871991.0,Karaj,2021-08-30,P00444,Basic Ball 444,Beauty,101.01,270.28,B037,Bazaar Branch 37,Tehran,online,2,0,cash,2025-03-03,486,30,duplicate_sale_id
S000529389,2024-08-15,C021763,Hana,Ahmadi,hana.ahmadi21763@example.com,9638885322.0,Karaj,2024-03-28,P00200,Plus Headphones 200,Furniture,,676.84,B001,Central Branch 1,Rasht,online,5,15,CARD,2024-12-23,188,75,missing_unit_cost
S000529436,2025-08-18,C046998,Reza,Rahimi,reza.rahimi46998@example.com,9181978219.0,Qom,2023-08-09,P00465,Prime Desk 465,Sports,17.93,41.34,B027,Express Branch 27,shiraz,store,0,5,card,2024-10-29,480,100,invalid_quantity
S000529913,2025-11-10,C021368,Reza,Hosseini,reza.hosseini21368@example.com,9938416680.0,Mashhad,2022-06-07,P00397,Classic Puzzle 397,Baby,244.94,,B024,Outlet Branch 24,TEHRAN,store,1,15,CARD,2024-02-23,435,100,missing_unit_price
S000530318,2024-05-05,C020765,Reza,Jafari,reza.jafari20765@example.com,9442628568.0,tehran,2020-11-09,P00245,Pro Shirt 245,Sports,346.68,-922.26,B030,Airport Branch 30,Mashhad,mobile,1,25,Online,2025-08-18,264,75,invalid_unit_price
S000530673,2025-11-22,C011399,Ali,Moradi,ali.moradi11399@example.com,9764776008.0,Tehran,2023-05-19,P00077,Smart Mixer 77,Baby,358.16,681.63,B019,Bazaar Branch 19,Shiraz,mobile,0,0,online,2023-02-03,304,10,invalid_quantity
S000531698,2024-09-15,C013147,Leila,Akbari,leila.akbari13147@example.com,9365706435.0,Qom,2020-03-02,P00017,Classic Puzzle 17,Baby,318.55,672.98,B033,South Branch 33,isfahan,online,-4,0,Online,2023-01-23,235,50,invalid_quantity
S000531910,2025-04-25,C007266,Amir,Jafari,amir.jafari7266@example.com,9828307628.0,Mashhad,2021-06-07,P00364,Prime Headphones 364,Beauty,132.49,368.18,B008,West Branch 8,Isfahan,store,0,10,online,2025-04-01,198,100,invalid_quantity
S000531999,2023-04-20,C039687,Arman,Salehi,arman.salehi39687@example.com,9325478374.0,Karaj,2022-01-18,P00273,Nova Cream 273,Health,-112.11,158.93,B028,Express Branch 28,isfahan,partner,2,0,online,2023-08-25,475,50,invalid_unit_cost
S000532190,2025-07-12,C008820,Hana,Moradi,hana.moradi8820@example.com,9688200205.0,Rasht,2022-09-28,P00352,Nova Desk 352,Automotive,,527.87,B011,Central Branch 11,TEHRAN,partner,6,0,wallet,2024-03-31,330,40,missing_unit_cost
S000533147,2024-12-26,C049326,Mina,Hosseini,mina.hosseini49326@example.com,9973593219.0,Tabriz,2020-03-14,P00181,Nova Puzzle 181,Electronics,388.81,795.0,B031,North Branch 31,Tehran,store,0,10,cash,2025-05-10,124,50,invalid_quantity
S000533164,2024-03-22,C023810,Omid,Jafari,omid.jafari23810@example.com,9385670418.0,TEHRAN,2021-06-28,P00281,Basic Puzzle 281,Electronics,55.09,,B035,Mall Branch 35,isfahan,mobile,6,0,cash,2025-04-19,126,30,missing_unit_price
S000534384,2023-10-13,C020146,Amir,Jafari,amir.jafari20146@example.com,9985228521.0,Tabriz,2022-11-13,P00187,Basic Shirt 187,Clothing,144.89,318.21,B039,Mall Branch 39,Shiraz,online,0,20,wallet,2025-02-28,159,30,invalid_quantity
S000534623,2024-04-13,C025111,Neda,Hosseini,neda.hosseini25111@example.com,9245579726.0,Rasht,2021-07-30,P00424,Eco Coffee 424,Beauty,295.17,614.82,B024,Outlet Branch 24,TEHRAN,store,4,120,card,2025-07-01,180,50,invalid_discount_percent
S000534901,2025-08-24,C034973,Leila,Rahimi,leila.rahimi34973@example.com,9336878620.0,Tehran,2024-07-12,P00115,Prime Desk 115,Music,25.03,62.93,B013,Outlet Branch 13,Mashhad,mobile,-3,0,cash,2024-05-10,339,40,invalid_quantity
S000534991,2024-09-17,C024723,Omid,Mohammadi,omid.mohammadi24723@example.com,9494606225.0,Isfahan,2021-01-01,P00252,Smart Coffee 252,Automotive,,388.9,B002,Mall Branch 2,Karaj,partner,3,10,card,2024-12-24,293,30,missing_unit_cost
S000535321,2025-08-20,C000047,Sara,Moradi,sara.moradi47@example.com,9341266931.0,tehran,2021-11-23,P00034,Basic Coffee 34,Jewelry,219.46,-377.08,B030,Airport Branch 30,Mashhad,mobile,3,20,cash,2023-03-10,217,50,invalid_unit_price
S000535621,2023-11-11,C047893,Neda,Akbari,neda.akbari47893@example.com,9697435274.0,TEHRAN,2023-11-29,P00093,Basic Cream 93,Health,116.63,178.97,B002,Mall Branch 2,Karaj,partner,0,15,wallet,2024-07-03,300,30,invalid_quantity
S000536415,2023-11-02,C016739,Maryam,Jafari,maryam.jafari16739@example.com,9932848741.0,Qom,2020-07-22,P00283,Classic Headphones 283,Books,187.97,,B040,Outlet Branch 40,tehran,online,3,0,card,2025-05-31,216,100,missing_unit_price
S000536546,2023-07-08,C003620,Hana,Moradi,hana.moradi3620@example.com,9844849063.0,Tabriz,2020-12-07,P00060,Basic Puzzle 60,Furniture,-59.7,144.88,B010,Central Branch 10,Rasht,mobile,2,0,wallet,2024-04-07,321,10,invalid_unit_cost
S000536612,2024-08-07,C002618,Ali,Rahimi,ali.rahimi2618@example.com,9218170604.0,shiraz,2022-01-14,P00020,Basic Headphones 20,Furniture,188.14,336.67,B029,North Branch 29,TEHRAN,mobile,5,0,wallet,2024-01-05,264,75,duplicate_sale_id
S000536858,2024-06-28,C045642,Neda,Karimi,neda.karimi45642@example.com,9710375373.0,Isfahan,2021-03-30,P00329,Eco Desk 329,Grocery,217.65,542.59,B023,Bazaar Branch 23,Rasht,mobile,0,0,wallet,2024-12-24,54,50,invalid_quantity
S000537792,2024-09-14,C018130,Hana,Akbari,hana.akbari18130@example.com,9247291819.0,Tehran,2022-04-12,P00222,Pro Coffee 222,Home Appliances,,604.28,B005,South Branch 5,TEHRAN,online,2,5,CARD,2023-05-18,467,40,missing_unit_cost
S000538095,2025-09-24,C047651,Neda,Hosseini,neda.hosseini47651@example.com,9422179869.0,Shiraz,2024-02-10,P00411,Max Desk 411,Garden,25.89,56.32,B011,Central Branch 11,TEHRAN,partner,0,20,online,2025-01-06,205,100,invalid_quantity
S000538104,2023-11-22,C022933,Neda,Hosseini,neda.hosseini22933@example.com,9726912318.0,Tabriz,2022-01-06,P00273,Nova Cream 273,Health,112.11,158.93,B006,North Branch 6,tehran,online,-3,0,card,2023-02-25,234,50,invalid_quantity
S000539332,2023-10-12,C038559,Yasin,Akbari,yasin.akbari38559@example.com,9613630691.0,Rasht,2024-04-11,P00036,Eco Desk 36,Pets,374.23,991.73,B036,Express Branch 36,TEHRAN,store,0,25,wallet,2025-05-28,179,20,invalid_quantity
S000539666,2024-12-17,C014398,Arman,Karimi,arman.karimi14398@example.com,9557990920.0,tehran,2020-04-06,P00252,Smart Coffee 252,Automotive,180.03,,B018,North Branch 18,Tabriz,partner,1,10,CARD,2025-12-25,75,100,missing_unit_price
S000540324,2025-07-18,C046565,Sara,Jafari,sara.jafari46565@example.com,9917470594.0,shiraz,2020-06-07,P00177,Eco Shirt 177,Baby,121.13,-229.27,B007,Central Branch 7,Qom,partner,10,10,online,2023-06-12,39,20,invalid_unit_price
S000540569,2024-07-31,C027254,Hana,Rahimi,hana.rahimi27254@example.com,9247330935.0,Karaj,2024-02-03,P00481,Pro Desk 481,Electronics,333.13,838.02,B001,Central Branch 1,Rasht,online,0,0,CARD,2023-09-30,167,10,invalid_quantity
S000540593,2025-01-23,C006423,Yasin,Akbari,yasin.akbari6423@example.com,9618582861.0,Tehran,2023-05-06,P00072,Max Desk 72,Automotive,,662.34,B006,North Branch 6,tehran,online,4,15,wallet,2025-04-16,447,50,missing_unit_cost
S000540630,2023-08-14,C033873,Hana,Karimi,hana.karimi33873@example.com,9594453005.0,shiraz,2024-06-09,P00474,Max Mixer 474,Jewelry,62.67,140.44,B017,Express Branch 17,tehran,online,2,120,Online,2023-08-22,417,30,invalid_discount_percent
S000541093,2024-12-18,C010086,Neda,Akbari,neda.akbari10086@example.com,9864555926.0,Karaj,2021-12-28,P00229,Nova Coffee 229,Grocery,-310.04,785.58,B008,West Branch 8,Isfahan,store,1,0,online,2025-01-29,212,50,invalid_unit_cost
S000541307,2024-04-21,C037871,Mina,Rostami,mina.rostami37871@example.com,9876691203.0,Karaj,2021-08-26,P00033,Smart Coffee 33,Health,338.72,496.36,B026,Central Branch 26,Mashhad,partner,-3,10,Online,2025-02-11,140,40,invalid_quantity
S000541806,2024-11-12,C036795,Maryam,Mohammadi,maryam.mohammadi36795@example.com,9215338422.0,Isfahan,2024-06-10,P00409,Plus Ball 409,Grocery,244.96,443.97,B027,Express Branch 27,shiraz,store,0,15,card,2025-01-25,30,30,invalid_quantity
S000542917,2025-08-07,C009337,Mina,Akbari,mina.akbari9337@example.com,9925460550.0,Isfahan,2022-08-05,P00392,Prime Cream 392,Automotive,121.0,,B033,South Branch 33,isfahan,online,2,0,cash,2023-01-31,143,40,missing_unit_price
S000543043,2023-11-28,C003366,Leila,Rahimi,leila.rahimi3366@example.com,9896786236.0,Qom,2020-08-25,P00121,Classic Puzzle 121,Electronics,268.82,442.77,B018,North Branch 18,Tabriz,partner,0,5,cash,2025-04-21,469,20,invalid_quantity
S000543394,2024-10-06,C031940,Amir,Akbari,amir.akbari31940@example.com,9844597919.0,Mashhad,2020-12-07,P00394,Pro Puzzle 394,Jewelry,,551.85,B003,Bazaar Branch 3,Karaj,online,8,0,Online,2025-08-15,418,30,missing_unit_cost
S000544280,2023-06-20,C023534,Arman,Rostami,arman.rostami23534@example.com,9341729222.0,Rasht,2020-01-30,P00213,Basic Sneakers 213,Health,312.76,515.89,B012,South Branch 12,Mashhad,online,0,20,wallet,2025-10-09,153,100,invalid_quantity
S000544389,2025-07-13,C002293,Sara,Rahimi,sara.rahimi2293@example.com,9577283948.0,Tabriz,2021-12-21,P00090,Basic Shirt 90,Office,18.52,40.15,B024,Outlet Branch 24,TEHRAN,store,4,10,Online,2023-05-13,169,10,duplicate_sale_id
S000544510,2025-04-15,C025243,Arman,Mohammadi,arman.mohammadi25243@example.com,9827471143.0,Mashhad,2023-01-23,P00206,Basic Shirt 206,Toys,241.09,589.63,B016,North Branch 16,Rasht,online,-1,5,online,2023-10-21,222,10,invalid_quantity
S000545327,2024-08-10,C002907,Amir,Rahimi,amir.rahimi2907@example.com,9227051781.0,Tabriz,2020-06-21,P00426,Basic Mixer 426,Toys,288.91,-561.11,B035,Mall Branch 35,isfahan,mobile,4,0,card,2023-06-16,239,75,invalid_unit_price
S000545517,2024-09-20,C000960,Arman,Hosseini,arman.hosseini960@example.com,9344767409.0,TEHRAN,2021-09-07,P00166,Nova Notebook 166,Toys,222.57,536.63,B037,Bazaar Branch 37,Tehran,online,0,20,Online,2025-07-01,439,20,invalid_quantity
S000545640,2024-10-05,C014849,Neda,Moradi,neda.moradi14849@example.com,9870157872.0,isfahan,2024-08-11,P00367,Smart Headphones 367,Clothing,-172.59,425.74,B015,Outlet Branch 15,Isfahan,partner,1,0,card,2025-11-04,383,75,invalid_unit_cost
S000546168,2024-12-23,C015627,Neda,Hosseini,neda.hosseini15627@example.com,9807137173.0,Qom,2021-07-11,P00322,Eco Coffee 322,Home Appliances,264.59,,B039,Mall Branch 39,Shiraz,online,5,5,CARD,2025-09-20,202,75,missing_unit_price
S000546195,2024-07-06,C009615,Amir,Karimi,amir.karimi9615@example.com,9554757243.0,Rasht,2020-12-17,P00250,Basic Coffee 250,Office,,509.51,B024,Outlet Branch 24,TEHRAN,store,2,25,Online,2023-10-07,409,20,missing_unit_cost
S000546637,2025-01-15,C012520,Omid,Rostami,omid.rostami12520@example.com,9537257325.0,Tehran,2023-12-11,P00032,Smart Cream 32,Automotive,288.21,344.32,B021,Airport Branch 21,tehran,online,4,120,wallet,2024-02-11,159,10,invalid_discount_percent
S000546754,2025-02-21,C005797,Maryam,Jafari,maryam.jafari5797@example.com,9124902282.0,TEHRAN,2023-01-21,P00228,Basic Ball 228,Shoes,158.48,377.5,B002,Mall Branch 2,Karaj,partner,0,10,online,2025-07-17,26,30,invalid_quantity
S000547713,2024-07-06,C004079,Ali,Jafari,ali.jafari4079@example.com,9146073086.0,Isfahan,2024-05-17,P00276,Mini Headphones 276,Pets,20.34,24.03,B022,Outlet Branch 22,Rasht,mobile,-3,15,cash,2023-02-23,82,40,invalid_quantity
S000547991,2024-02-14,C047261,Amir,Karimi,amir.karimi47261@example.com,9701155819.0,shiraz,2023-12-31,P00368,Basic Sneakers 368,Shoes,190.32,413.01,B016,North Branch 16,Rasht,online,0,20,card,2025-06-02,55,40,invalid_quantity
S000548996,2024-05-25,C003109,Neda,Mohammadi,neda.mohammadi3109@example.com,9712425712.0,Isfahan,2024-08-25,P00001,Mini Desk 1,Electronics,,160.11,B021,Airport Branch 21,tehran,online,2,0,card,2024-05-28,463,75,missing_unit_cost
S000549228,2024-12-24,C043634,Sara,Akbari,sara.akbari43634@example.com,9449973359.0,isfahan,2020-05-26,P00126,Plus Puzzle 126,Toys,213.24,527.92,B024,Outlet Branch 24,TEHRAN,store,0,20,card,2023-11-11,196,75,invalid_quantity
S000549419,2024-09-13,C025343,Amir,Rahimi,amir.rahimi25343@example.com,9939462661.0,Mashhad,2020-01-25,P00299,Basic Desk 299,Gaming,20.33,,B018,North Branch 18,Tabriz,partner,1,10,card,2024-02-05,306,75,missing_unit_price
S000550187,2023-09-08,C021339,Sara,Salehi,sara.salehi21339@example.com,9334507962.0,Tabriz,2024-05-06,P00143,Classic Cream 143,Books,-280.13,530.49,B039,Mall Branch 39,Shiraz,online,1,10,card,2025-11-20,162,75,invalid_unit_cost
S000550330,2023-07-02,C003123,Hana,Akbari,hana.akbari3123@example.com,9573538845.0,Isfahan,2021-07-05,P00350,Plus Notebook 350,Office,165.98,-197.33,B010,Central Branch 10,Rasht,mobile,4,5,online,2024-09-09,119,10,invalid_unit_price
S000550465,2025-06-14,C038591,Omid,Mohammadi,omid.mohammadi38591@example.com,9316691712.0,Qom,2024-10-22,P00322,Eco Coffee 322,Home Appliances,264.59,333.64,B003,Bazaar Branch 3,Karaj,online,0,0,card,2025-05-21,107,100,invalid_quantity
S000550916,2025-11-23,C011948,Ali,Ahmadi,ali.ahmadi11948@example.com,9506305563.0,isfahan,2024-10-14,P00246,Smart Shirt 246,Toys,392.4,1056.94,B026,Central Branch 26,Mashhad,partner,-4,15,card,2024-12-05,468,10,invalid_quantity
S000551702,2024-08-06,C018211,Amir,Rostami,amir.rostami18211@example.com,9531640278.0,shiraz,2020-01-28,P00128,Mini Coffee 128,Shoes,136.7,209.32,B009,South Branch 9,isfahan,store,0,25,CARD,2024-06-26,472,75,invalid_quantity
S000551797,2023-05-17,C032199,Omid,Ahmadi,omid.ahmadi32199@example.com,9502476017.0,isfahan,2022-11-07,P00361,Classic Sneakers 361,Electronics,,375.35,B037,Bazaar Branch 37,Tehran,online,2,0,CARD,2023-06-21,292,20,missing_unit_cost
S000552166,2023-06-23,C023447,Hana,Mohammadi,hana.mohammadi23447@example.com,9813558238.0,TEHRAN,2024-08-23,P00294,Basic Headphones 294,Jewelry,58.86,141.09,B037,Bazaar Branch 37,Tehran,online,5,0,Online,2025-10-07,113,30,duplicate_sale_id
S000552644,2024-08-24,C019633,Sara,Rostami,sara.rostami19633@example.com,9167117891.0,Tehran,2022-03-23,P00463,Plus Puzzle 463,Books,68.42,131.58,B002,Mall Branch 2,Karaj,partner,4,120,CARD,2023-05-23,60,10,invalid_discount_percent
S000552670,2023-12-15,C031489,Yasin,Salehi,yasin.salehi31489@example.com,9290726964.0,shiraz,2022-03-15,P00199,Mini Headphones 199,Gaming,297.76,,B038,East Branch 38,Tehran,mobile,3,0,cash,2023-04-09,107,20,missing_unit_price
S000552939,2025-08-01,C038829,Amir,Rostami,amir.rostami38829@example.com,9770930529.0,TEHRAN,2022-12-01,P00400,Prime Puzzle 400,Furniture,151.71,240.77,B006,North Branch 6,tehran,online,0,0,card,2025-11-26,454,20,invalid_quantity
S000554119,2023-06-25,C032515,Sara,Hosseini,sara.hosseini32515@example.com,9638897403.0,Karaj,2023-03-05,P00377,Mini Desk 377,Baby,246.61,686.92,B012,South Branch 12,Mashhad,online,-2,0,cash,2025-09-02,366,100,invalid_quantity
S000554176,2024-07-31,C040741,Maryam,Hosseini,maryam.hosseini40741@example.com,9131944768.0,tehran,2022-07-03,P00427,Smart Notebook 427,Clothing,273.02,377.32,B030,Airport Branch 30,Mashhad,mobile,0,15,cash,2023-10-26,289,10,invalid_quantity
S000554598,2025-03-26,C010966,Hana,Hosseini,hana.hosseini10966@example.com,9387516612.0,Tehran,2021-01-29,P00398,Plus Cream 398,Travel,,206.26,B037,Bazaar Branch 37,Tehran,online,2,20,wallet,2024-06-07,218,50,missing_unit_cost
S000554734,2024-07-23,C013607,Sara,Hosseini,sara.hosseini13607@example.com,9678280904.0,Tabriz,2020-06-04,P00065,Basic Mixer 65,Sports,-381.26,805.32,B038,East Branch 38,Tehran,mobile,3,5,card,2025-11-26,320,75,invalid_unit_cost
S000555333,2025-01-23,C025751,Sara,Hosseini,sara.hosseini25751@example.com,9540721768.0,Shiraz,2021-07-01,P00129,Max Sneakers 129,Grocery,52.81,-102.47,B030,Airport Branch 30,Mashhad,mobile,2,0,card,2024-07-06,140,20,invalid_unit_price
S000555413,2024-11-11,C027974,Ali,Akbari,ali.akbari27974@example.com,9316925469.0,Tehran,2020-11-28,P00061,Mini Sneakers 61,Electronics,249.12,360.36,B027,Express Branch 27,shiraz,store,0,10,Online,2025-08-07,7,30,invalid_quantity
S000555921,2025-08-11,C047664,Hana,Rostami,hana.rostami47664@example.com,9100804099.0,shiraz,2021-11-08,P00154,Eco Puzzle 154,Jewelry,130.12,,B029,North Branch 29,TEHRAN,mobile,6,15,card,2023-09-06,140,75,missing_unit_price
S000556650,2023-10-07,C013287,Omid,Jafari,omid.jafari13287@example.com,9190471955.0,Qom,2021-09-14,P00029,Smart Ball 29,Grocery,145.16,224.66,B025,Bazaar Branch 25,Tehran,mobile,0,5,online,2024-09-09,4,20,invalid_quantity
S000557322,2024-06-28,C009502,Reza,Rostami,reza.rostami9502@example.com,9120342649.0,Rasht,2021-01-04,P00436,Basic Notebook 436,Pets,41.7,75.27,B025,Bazaar Branch 25,Tehran,mobile,-1,10,cash,2024-04-28,174,30,invalid_quantity
S000557399,2023-12-22,C004360,Leila,Akbari,leila.akbari4360@example.com,9830482160.0,shiraz,2022-06-27,P00197,Nova Puzzle 197,Baby,,249.41,B026,Central Branch 26,Mashhad,partner,4,0,Online,2024-07-15,196,50,missing_unit_cost
S000557887,2025-12-20,C032378,Yasin,Akbari,yasin.akbari32378@example.com,9288644532.0,Karaj,2020-10-16,P00453,Basic Sneakers 453,Health,151.96,405.64,B040,Outlet Branch 40,tehran,online,0,20,Online,2023-08-08,458,50,invalid_quantity
S000558651,2023-08-27,C022846,Mina,Rostami,mina.rostami22846@example.com,9884827924.0,Isfahan,2024-02-19,P00364,Prime Headphones 364,Beauty,132.49,368.18,B032,Central Branch 32,shiraz,partner,1,120,online,2025-11-11,377,50,invalid_discount_percent
S000559124,2025-03-02,C004968,Neda,Akbari,neda.akbari4968@example.com,9964646304.0,Karaj,2020-02-29,P00084,Smart Desk 84,Beauty,17.93,30.03,B039,Mall Branch 39,Shiraz,online,0,10,wallet,2024-12-30,132,40,invalid_quantity
S000559172,2025-01-24,C002102,Sara,Rahimi,sara.rahimi2102@example.com,9499900489.0,Rasht,2024-03-25,P00057,Classic Ball 57,Baby,229.73,,B020,North Branch 20,Shiraz,online,2,0,cash,2024-01-21,494,100,missing_unit_price
S000559281,2024-05-04,C017073,Mina,Hosseini,mina.hosseini17073@example.com,9418797713.0,shiraz,2020-10-04,P00456,Pro Desk 456,Pets,-341.2,753.86,B034,Express Branch 34,isfahan,partner,4,20,cash,2024-11-21,296,40,invalid_unit_cost
S000559943,2024-08-15,C045241,Mina,Karimi,mina.karimi45241@example.com,9474792982.0,Karaj,2021-09-30,P00253,Classic Notebook 253,Health,79.31,220.23,B031,North Branch 31,Tehran,store,1,0,wallet,2024-12-06,455,50,duplicate_sale_id
S000560200,2025-08-19,C032652,Arman,Ahmadi,arman.ahmadi32652@example.com,9927456778.0,Qom,2023-02-07,P00184,Basic Sneakers 184,Beauty,,278.47,B024,Outlet Branch 24,TEHRAN,store,1,25,CARD,2024-09-13,449,75,missing_unit_cost
S000560336,2025-06-11,C032686,Maryam,Rostami,maryam.rostami32686@example.com,9361511125.0,Shiraz,2024-08-25,P00374,Max Headphones 374,Jewelry,34.93,-62.7,B004,Bazaar Branch 4,Rasht,partner,2,5,wallet,2024-03-14,401,30,invalid_unit_price
S000560361,2024-11-11,C004779,Sara,Mohammadi,sara.mohammadi4779@example.com,9996772075.0,TEHRAN,2021-03-06,P00121,Classic Puzzle 121,Electronics,268.82,442.77,B016,North Branch 16,Rasht,online,0,0,card,2023-04-18,388,20,invalid_quantity
S000560525,2024-11-21,C048897,Neda,Hosseini,neda.hosseini48897@example.com,9458652363.0,Isfahan,2022-12-13,P00260,Pro Puzzle 260,Furniture,232.98,402.89,B005,South Branch 5,TEHRAN,online,-5,0,cash,2025-09-25,400,20,invalid_quantity
S000561598,2023-09-12,C041709,Reza,Jafari,reza.jafari41709@example.com,9616613782.0,Qom,2024-04-16,P00452,Plus Ball 452,Automotive,277.1,374.74,B031,North Branch 31,Tehran,store,0,0,CARD,2025-02-08,320,40,invalid_quantity
S000562423,2025-11-15,C007726,Mina,Akbari,mina.akbari7726@example.com,9730139803.0,Isfahan,2024-02-03,P00105,Pro Puzzle 105,Sports,150.03,,B033,South Branch 33,isfahan,online,1,20,CARD,2024-09-11,411,100,missing_unit_price
S000562835,2025-01-11,C028143,Amir,Mohammadi,amir.mohammadi28143@example.com,9285205549.0,Tabriz,2024-09-30,P00417,Basic Mixer 417,Baby,166.29,246.46,B005,South Branch 5,TEHRAN,online,0,10,online,2024-04-27,388,75,invalid_quantity
S000563001,2025-01-17,C004940,Leila,Akbari,leila.akbari4940@example.com,9212298648.0,Shiraz,2024-09-15,P00386,Basic Desk 386,Toys,,470.14,B012,South Branch 12,Mashhad,online,2,5,cash,2025-04-19,134,30,missing_unit_cost
S000563728,2025-03-27,C026209,Yasin,Akbari,yasin.akbari26209@example.com,9540339691.0,Rasht,2020-07-18,P00101,Smart Coffee 101,Electronics,256.43,356.86,B032,Central Branch 32,shiraz,partner,-2,0,Online,2023-04-13,126,30,invalid_quantity
S000563828,2023-10-26,C004610,Hana,Mohammadi,hana.mohammadi4610@example.com,9242116467.0,Mashhad,2022-10-12,P00495,Prime Puzzle 495,Music,-266.31,335.43,B038,East Branch 38,Tehran,mobile,1,5,CARD,2024-10-14,218,50,invalid_unit_cost
S000564072,2023-01-01,C036768,Ali,Akbari,ali.akbari36768@example.com,9356889215.0,isfahan,2020-11-25,P00435,Plus Mixer 435,Music,312.34,794.47,B023,Bazaar Branch 23,Rasht,mobile,0,5,online,2023-08-07,264,20,invalid_quantity
S000564658,2023-06-01,C037214,Arman,Moradi,arman.moradi37214@example.com,9863614377.0,TEHRAN,2022-07-01,P00073,Mini Notebook 73,Health,211.95,460.24,B006,North Branch 6,tehran,online,2,120,online,2023-05-28,344,75,invalid_discount_percent
S000565309,2024-07-14,C034878,Sara,Akbari,sara.akbari34878@example.com,9285881840.0,Tehran,2023-11-02,P00050,Smart Notebook 50,Office,230.15,636.37,B033,South Branch 33,isfahan,online,0,15,CARD,2024-04-28,368,75,invalid_quantity
S000565339,2025-03-30,C023863,Neda,Akbari,neda.akbari23863@example.com,9520970902.0,Rasht,2020-12-23,P00037,Basic Ball 37,Baby,125.82,-338.81,B027,Express Branch 27,shiraz,store,3,0,online,2025-12-21,387,75,invalid_unit_price
S000565674,2024-04-01,C038667,Reza,Karimi,reza.karimi38667@example.com,9471928701.0,isfahan,2023-11-23,P00334,Plus Desk 334,Jewelry,341.94,,B006,North Branch 6,tehran,online,3,15,card,2024-05-31,401,75,missing_unit_price
S000565802,2025-01-17,C007548,Sara,Rahimi,sara.rahimi7548@example.com,9767035780.0,Mashhad,2020-06-17,P00354,Eco Shirt 354,Jewelry,,36.18,B004,Bazaar Branch 4,Rasht,partner,5,15,Online,2023-02-09,109,10,missing_unit_cost
S000566546,2023-12-23,C047060,Sara,Rahimi,sara.rahimi47060@example.com,9322780278.0,Qom,2022-04-06,P00453,Basic Sneakers 453,Health,151.96,405.64,B003,Bazaar Branch 3,Karaj,online,0,25,online,2025-04-14,460,75,invalid_quantity
S000566931,2023-01-12,C001844,Hana,Akbari,hana.akbari1844@example.com,9865091650.0,Tabriz,2023-12-09,P00481,Pro Desk 481,Electronics,333.13,838.02,B025,Bazaar Branch 25,Tehran,mobile,-2,15,online,2025-11-25,337,50,invalid_quantity
S000567720,2023-05-16,C046516,Ali,Mohammadi,ali.mohammadi46516@example.com,9386542617.0,Tehran,2020-01-12,P00184,Basic Sneakers 184,Beauty,129.67,278.47,B019,Bazaar Branch 19,Shiraz,mobile,2,5,Online,2025-07-29,251,30,duplicate_sale_id
S000567783,2025-10-31,C001592,Amir,Akbari,amir.akbari1592@example.com,9845319806.0,Shiraz,2020-12-20,P00143,Classic Cream 143,Books,280.13,530.49,B033,South Branch 33,isfahan,online,0,5,CARD,2025-01-15,397,40,invalid_quantity
S000568375,2025-10-06,C013603,Mina,Karimi,mina.karimi13603@example.com,9396547944.0,shiraz,2021-04-18,P00314,Classic Puzzle 314,Jewelry,-375.06,447.37,B037,Bazaar Branch 37,Tehran,online,3,0,cash,2024-11-30,321,20,invalid_unit_cost
S000568603,2025-04-20,C031870,Arman,Rahimi,arman.rahimi31870@example.com,9483972014.0,shiraz,2023-12-26,P00034,Basic Coffee 34,Jewelry,,377.08,B031,North Branch 31,Tehran,store,3,0,wallet,2023-04-13,322,10,missing_unit_cost
S000568925,2023-01-26,C027760,Yasin,Ahmadi,yasin.ahmadi27760@example.com,9726357915.0,Tabriz,2022-10-01,P00184,Basic Sneakers 184,Beauty,129.67,,B027,Express Branch 27,shiraz,store,1,5,wallet,2023-08-27,141,10,missing_unit_price
S000569020,2023-02-27,C038215,Mina,Karimi,mina.karimi38215@example.com,9996953140.0,Rasht,2021-05-28,P00031,Mini Coffee 31,Garden,22.73,26.89,B003,Bazaar Branch 3,Karaj,online,0,0,Online,2025-10-30,370,40,invalid_quantity
S000570134,2023-03-03,C045917,Leila,Mohammadi,leila.mohammadi45917@example.com,9640407814.0,Isfahan,2023-12-01,P00168,Nova Shirt 168,Shoes,170.28,243.7,B030,Airport Branch 30,Mashhad,mobile,-4,10,cash,2023-09-10,417,40,invalid_quantity
S000570257,2024-05-04,C039379,Neda,Jafari,neda.jafari39379@example.com,9833378576.0,Rasht,2021-07-11,P00073,Mini Notebook 73,Health,211.95,460.24,B007,Central Branch 7,Qom,partner,0,10,cash,2025-01-23,34,10,invalid_quantity
S000570342,2024-02-16,C042929,Amir,Salehi,amir.salehi42929@example.com,9543654913.0,Tabriz,2020-02-25,P00445,Nova Desk 445,Sports,306.96,-389.09,B032,Central Branch 32,shiraz,partner,2,0,CARD,2024-07-27,15,75,invalid_unit_price
S000570665,2025-04-12,C028772,Sara,Moradi,sara.moradi28772@example.com,9928907295.0,TEHRAN,2022-02-02,P00364,Prime Headphones 364,Beauty,132.49,368.18,B038,East Branch 38,Tehran,mobile,4,120,Online,2025-03-31,107,75,invalid_discount_percent
S000571404,2023-07-18,C006228,Reza,Hosseini,reza.hosseini6228@example.com,9519634230.0,Rasht,2021-07-24,P00104,Mini Desk 104,Beauty,,431.35,B009,South Branch 9,isfahan,store,4,0,cash,2025-01-10,300,75,missing_unit_cost
S000571494,2024-03-27,C024998,Mina,Moradi,mina.moradi24998@example.com,9881482536.0,Shiraz,2020-07-17,P00272,Smart Coffee 272,Automotive,213.09,320.35,B036,Express Branch 36,TEHRAN,store,0,0,Online,2025-08-23,174,100,invalid_quantity
S000572176,2023-03-21,C038950,Maryam,Salehi,maryam.salehi38950@example.com,9782872923.0,Rasht,2020-03-14,P00004,Mini Desk 4,Beauty,211.74,,B010,Central Branch 10,Rasht,mobile,2,25,card,2025-08-10,67,20,missing_unit_price
S000572731,2024-02-15,C002010,Reza,Rostami,reza.rostami2010@example.com,9568613005.0,tehran,2022-10-10,P00469,Prime Desk 469,Grocery,73.29,87.48,B015,Outlet Branch 15,Isfahan,partner,0,5,Online,2023-01-02,296,100,invalid_quantity
S000572922,2024-06-20,C043010,Yasin,Karimi,yasin.karimi43010@example.com,9412822531.0,isfahan,2023-04-30,P00436,Basic Notebook 436,Pets,-41.7,75.27,B015,Outlet Branch 15,Isfahan,partner,3,0,wallet,2025-02-20,239,10,invalid_unit_cost
S000573337,2024-02-07,C012240,Yasin,Mohammadi,yasin.mohammadi12240@example.com,9956503098.0,Rasht,2022-09-15,P00252,Smart Coffee 252,Automotive,180.03,388.9,B036,Express Branch 36,TEHRAN,store,-1,25,online,2023-12-23,438,40,invalid_quantity
S000573968,2025-08-07,C048351,Sara,Mohammadi,sara.mohammadi48351@example.com,9493923733.0,Isfahan,2023-11-05,P00303,Max Ball 303,Books,21.36,45.56,B027,Express Branch 27,shiraz,store,0,20,CARD,2023-08-17,398,30,invalid_quantity
S000574205,2025-01-09,C046482,Arman,Mohammadi,arman.mohammadi46482@example.com,9733733887.0,Shiraz,2023-02-21,P00403,Mini Ball 403,Books,,1017.38,B023,Bazaar Branch 23,Rasht,mobile,8,5,online,2024-11-03,82,75,missing_unit_cost
S000575205,2023-08-01,C041592,Maryam,Karimi,maryam.karimi41592@example.com,9944498037.0,Isfahan,2024-11-25,P00233,Classic Sneakers 233,Health,288.51,681.33,B009,South Branch 9,isfahan,store,0,5,card,2024-09-20,378,20,invalid_quantity
S000575345,2023-01-10,C015333,Reza,Rahimi,reza.rahimi15333@example.com,9465363054.0,Tehran,2022-03-17,P00444,Basic Ball 444,Beauty,101.01,-270.28,B038,East Branch 38,Tehran,mobile,5,25,Online,2025-06-25,182,40,invalid_unit_price
S000575427,2024-06-27,C003085,Leila,Ahmadi,leila.ahmadi3085@example.com,9966935604.0,tehran,2023-02-07,P00127,Max Coffee 127,Clothing,116.97,,B024,Outlet Branch 24,TEHRAN,store,2,15,Online,2024-06-05,36,50,missing_unit_price
S000575497,2023-06-17,C021322,Maryam,Hosseini,maryam.hosseini21322@example.com,9746288252.0,Karaj,2020-03-02,P00053,Max Ball 53,Health,288.74,434.09,B015,Outlet Branch 15,Isfahan,partner,4,0,wallet,2023-12-25,433,30,duplicate_sale_id
S000576442,2024-07-07,C018484,Neda,Karimi,neda.karimi18484@example.com,9694458996.0,Tabriz,2020-11-19,P00456,Pro Desk 456,Pets,341.2,753.86,B037,Bazaar Branch 37,Tehran,online,0,20,card,2024-01-09,491,20,invalid_quantity
S000576540,2025-06-17,C039362,Arman,Rostami,arman.rostami39362@example.com,9701812770.0,tehran,2020-05-21,P00304,Max Headphones 304,Beauty,16.34,31.81,B022,Outlet Branch 22,Rasht,mobile,-3,0,CARD,2024-03-09,298,30,invalid_quantity
S000576672,2025-03-06,C047387,Maryam,Karimi,maryam.karimi47387@example.com,9614262679.0,Qom,2024-02-17,P00058,Classic Headphones 58,Travel,73.06,162.67,B035,Mall Branch 35,isfahan,mobile,2,120,online,2023-08-04,460,75,invalid_discount_percent
S000577006,2024-06-27,C007659,Yasin,Karimi,yasin.karimi7659@example.com,9330996421.0,Tabriz,2021-02-24,P00138,Classic Ball 138,Travel,,982.53,B017,Express Branch 17,tehran,online,3,5,Online,2023-05-13,217,20,missing_unit_cost
S000577469,2025-08-02,C007874,Sara,Salehi,sara.salehi7874@example.com,9625308720.0,Qom,2023-01-24,P00176,Nova Coffee 176,Pets,-271.52,372.77,B006,North Branch 6,tehran,online,3,10,cash,2023-03-19,435,10,invalid_unit_cost
S000577679,2024-10-24,C039061,Hana,Mohammadi,hana.mohammadi39061@example.com,9694506344.0,Shiraz,2020-04-19,P00370,Max Puzzle 370,Office,394.39,608.3,B002,Mall Branch 2,Karaj,partner,0,20,Online,2025-01-31,199,40,invalid_quantity
S000578678,2024-07-11,C001215,Sara,Moradi,sara.moradi1215@example.com,9506101350.0,isfahan,2020-09-27,P00093,Basic Cream 93,Health,116.63,,B030,Airport Branch 30,Mashhad,mobile,6,25,cash,2024-12-26,210,50,missing_unit_price
S000578916,2024-04-04,C003574,Neda,Karimi,neda.karimi3574@example.com,9706212352.0,Tehran,2020-09-19,P00148,Max Coffee 148,Shoes,122.39,210.51,B013,Outlet Branch 13,Mashhad,mobile,0,0,CARD,2024-09-07,470,100,invalid_quantity
S000579743,2025-01-03,C039192,Amir,Akbari,amir.akbari39192@example.com,9306014099.0,isfahan,2021-01-06,P00496,Basic Sneakers 496,Pets,175.81,360.45,B003,Bazaar Branch 3,Karaj,online,-3,0,card,2023-07-05,152,40,invalid_quantity
S000579807,2025-05-27,C039767,Leila,Mohammadi,leila.mohammadi39767@example.com,9433520431.0,tehran,2023-02-20,P00038,Eco Desk 38,Travel,,600.62,B023,Bazaar Branch 23,Rasht,mobile,4,25,CARD,2024-09-08,15,20,missing_unit_cost
S000580153,2024-05-03,C012658,Sara,Karimi,sara.karimi12658@example.com,9615798584.0,Mashhad,2024-07-25,P00090,Basic Shirt 90,Office,18.52,40.15,B028,Express Branch 28,isfahan,partner,0,10,CARD,2024-08-09,436,30,invalid_quantity
S000580348,2024-08-11,C009319,Hana,Salehi,hana.salehi9319@example.com,9325886802.0,Isfahan,2020-02-16,P00201,Prime Notebook 201,Electronics,162.81,-426.39,B040,Outlet Branch 40,tehran,online,2,5,online,2023-01-29,272,20,invalid_unit_price
S000581390,2023-12-01,C034741,Amir,Rahimi,amir.rahimi34741@example.com,9691825944.0,Rasht,2022-08-27,P00417,Basic Mixer 417,Baby,166.29,246.46,B011,Central Branch 11,TEHRAN,partner,0,15,CARD,2025-09-09,344,75,invalid_quantity
S000581929,2023-08-31,C049489,Mina,Salehi,mina.salehi49489@example.com,9825510566.0,Qom,2024-04-05,P00147,Prime Puzzle 147,Clothing,333.65,,B027,Express Branch 27,shiraz,store,1,0,cash,2023-06-30,9,75,missing_unit_price
S000582016,2023-08-03,C043322,Neda,Mohammadi,neda.mohammadi43322@example.com,9371833926.0,shiraz,2021-07-08,P00023,Eco Ball 23,Books,-204.05,491.54,B011,Central Branch 11,TEHRAN,partner,2,25,card,2025-07-03,347,75,invalid_unit_cost
S000582608,2023-03-31,C025945,Neda,Akbari,neda.akbari25945@example.com,9647388519.0,Karaj,2024-05-01,P00310,Smart Coffee 310,Office,,331.87,B039,Mall Branch 39,Shiraz,online,1,10,CARD,2025-02-14,398,10,missing_unit_cost
S000582627,2025-10-09,C003059,Hana,Salehi,hana.salehi3059@example.com,9149155595.0,Tehran,2024-11-23,P00209,Max Coffee 209,Grocery,191.87,459.46,B008,West Branch 8,Isfahan,store,0,25,wallet,2023-04-30,176,20,invalid_quantity
S000582679,2024-04-14,C009042,Ali,Moradi,ali.moradi9042@example.com,9612109795.0,isfahan,2021-06-15,P00092,Eco Notebook 92,Automotive,132.73,337.15,B004,Bazaar Branch 4,Rasht,partner,10,120,wallet,2024-07-09,256,30,invalid_discount_percent
S000582946,2024-10-03,C002867,Maryam,Jafari,maryam.jafari2867@example.com,9441217210.0,Isfahan,2021-02-09,P00115,Prime Desk 115,Music,25.03,62.93,B024,Outlet Branch 24,TEHRAN,store,-1,5,Online,2025-08-25,258,30,invalid_quantity
S000583274,2024-12-22,C014279,Mina,Jafari,mina.jafari14279@example.com,9839371219.0,shiraz,2021-12-02,P00163,Basic Shirt 163,Books,18.64,34.68,B028,Express Branch 28,isfahan,partner,1,5,card,2023-06-03,351,50,duplicate_sale_id
S000583864,2024-08-02,C005986,Omid,Akbari,omid.akbari5986@example.com,9899591245.0,Tehran,2022-08-23,P00441,Basic Desk 441,Electronics,185.32,482.87,B036,Express Branch 36,TEHRAN,store,0,5,Online,2024-03-19,474,100,invalid_quantity
S000585101,2024-12-15,C006644,Omid,Salehi,omid.salehi6644@example.com,9639648583.0,Karaj,2020-02-25,P00240,Classic Mixer 240,Furniture,231.53,472.09,B034,Express Branch 34,isfahan,partner,0,5,wallet,2023-05-22,35,100,invalid_quantity
S000585180,2025-06-18,C049897,Mina,Rostami,mina.rostami49897@example.com,9239096438.0,Shiraz,2024-08-01,P00480,Plus Desk 480,Furniture,166.69,,B004,Bazaar Branch 4,Rasht,partner,3,5,card,2025-07-26,179,50,missing_unit_price
S000585351,2024-01-28,C026499,Hana,Ahmadi,hana.ahmadi26499@example.com,9613019260.0,Qom,2020-07-14,P00356,Basic Desk 356,Pets,157.9,-309.83,B014,Bazaar Branch 14,shiraz,mobile,3,0,wallet,2024-04-22,57,50,invalid_unit_price
S000585409,2025-12-17,C033393,Leila,Ahmadi,leila.ahmadi33393@example.com,9676936132.0,TEHRAN,2021-02-22,P00069,Eco Ball 69,Grocery,,62.04,B018,North Branch 18,Tabriz,partner,1,10,card,2024-01-31,136,20,missing_unit_cost
S000586149,2025-11-07,C038090,Ali,Ahmadi,ali.ahmadi38090@example.com,9591746917.0,Qom,2022-12-21,P00238,Smart Cream 238,Travel,250.3,585.13,B002,Mall Branch 2,Karaj,partner,-2,0,Online,2023-10-11,73,30,invalid_quantity
S000586338,2023-03-15,C048698,Reza,Karimi,reza.karimi48698@example.com,9157383489.0,Mashhad,2022-09-17,P00170,Smart Puzzle 170,Office,278.29,603.83,B006,North Branch 6,tehran,online,0,0,CARD,2025-04-13,134,20,invalid_quantity
S000586563,2025-12-17,C039656,Neda,Mohammadi,neda.mohammadi39656@example.com,9577157512.0,Qom,2020-08-08,P00436,Basic Notebook 436,Pets,-41.7,75.27,B014,Bazaar Branch 14,shiraz,mobile,8,0,online,2025-09-15,109,30,invalid_unit_cost
S000587575,2024-12-26,C048562,Omid,Rostami,omid.rostami48562@example.com,9312642273.0,Rasht,2020-08-24,P00443,Smart Puzzle 443,Books,337.64,456.41,B005,South Branch 5,TEHRAN,online,0,0,card,2024-05-28,494,75,invalid_quantity
S000588210,2024-09-10,C026964,Sara,Karimi,sara.karimi26964@example.com,9264051116.0,TEHRAN,2024-02-01,P00240,Classic Mixer 240,Furniture,,472.09,B035,Mall Branch 35,isfahan,mobile,2,0,CARD,2025-10-19,109,100,missing_unit_cost
S000588431,2025-02-10,C005854,Leila,Akbari,leila.akbari5854@example.com,9534439603.0,Rasht,2021-08-07,P00334,Plus Desk 334,Jewelry,341.94,,B022,Outlet Branch 22,Rasht,mobile,2,10,CARD,2025-03-31,201,75,missing_unit_price
S000588686,2025-05-27,C024960,Neda,Jafari,neda.jafari24960@example.com,9908033574.0,Karaj,2021-11-19,P00184,Basic Sneakers 184,Beauty,129.67,278.47,B009,South Branch 9,isfahan,store,1,120,online,2025-03-25,395,10,invalid_discount_percent
S000588812,2024-10-16,C043404,Ali,Jafari,ali.jafari43404@example.com,9229765693.0,Karaj,2021-12-22,P00203,Smart Desk 203,Books,140.57,251.88,B006,North Branch 6,tehran,online,0,0,CARD,2023-07-05,72,30,invalid_quantity
S000589352,2023-10-17,C043761,Leila,Rahimi,leila.rahimi43761@example.com,9194549965.0,Tehran,2020-02-14,P00411,Max Desk 411,Garden,25.89,56.32,B008,West Branch 8,Isfahan,store,-2,0,online,2024-09-11,47,50,invalid_quantity
S000590049,2024-11-07,C034191,Hana,Mohammadi,hana.mohammadi34191@example.com,9743609780.0,Shiraz,2020-08-02,P00139,Prime Mixer 139,Gaming,149.35,256.99,B019,Bazaar Branch 19,Shiraz,mobile,0,0,card,2024-04-14,423,50,invalid_quantity
S000590354,2024-08-21,C035473,Neda,Jafari,neda.jafari35473@example.com,9978491528.0,Tabriz,2021-08-01,P00288,Smart Puzzle 288,Shoes,19.17,-22.84,B028,Express Branch 28,isfahan,partner,3,10,Online,2025-11-18,380,10,invalid_unit_price
S000591011,2023-12-23,C025606,Sara,Ahmadi,sara.ahmadi25606@example.com,9659140169.0,isfahan,2020-12-16,P00115,Prime Desk 115,Music,,62.93,B023,Bazaar Branch 23,Rasht,mobile,2,15,online,2024-01-17,58,50,missing_unit_cost
S000591051,2025-07-24,C016483,Leila,Moradi,leila.moradi16483@example.com,9841272109.0,isfahan,2024-03-14,P00050,Smart Notebook 50,Office,230.15,636.37,B001,Central Branch 1,Rasht,online,1,0,Online,2023-08-31,201,10,duplicate_sale_id
S000591110,2024-05-04,C040545,Arman,Rostami,arman.rostami40545@example.com,9583402001.0,Karaj,2024-03-22,P00070,Classic Sneakers 70,Office,-333.81,640.16,B037,Bazaar Branch 37,Tehran,online,4,0,cash,2025-03-31,364,75,invalid_unit_cost
S000591286,2024-02-08,C043693,Ali,Salehi,ali.salehi43693@example.com,9377050461.0,Rasht,2023-07-17,P00062,Prime Sneakers 62,Home Appliances,358.63,458.16,B017,Express Branch 17,tehran,online,0,0,card,2023-01-21,380,30,invalid_quantity
S000591682,2024-07-16,C010933,Amir,Mohammadi,amir.mohammadi10933@example.com,9634429177.0,Tehran,2022-01-15,P00219,Plus Desk 219,Gaming,200.27,,B027,Express Branch 27,shiraz,store,6,10,Online,2025-12-27,229,50,missing_unit_price
S000592523,2024-05-04,C006417,Leila,Rahimi,leila.rahimi6417@example.com,9843082157.0,isfahan,2023-12-23,P00204,Prime Sneakers 204,Beauty,184.44,355.83,B029,North Branch 29,TEHRAN,mobile,0,0,online,2023-08-16,363,40,invalid_quantity
S000592555,2025-06-26,C014237,Sara,Rahimi,sara.rahimi14237@example.com,9759143768.0,shiraz,2020-06-11,P00203,Smart Desk 203,Books,140.57,251.88,B018,North Branch 18,Tabriz,partner,-5,25,Online,2024-11-19,386,30,invalid_quantity
S000593760,2024-08-22,C030235,Yasin,Akbari,yasin.akbari30235@example.com,9429138230.0,Shiraz,2021-01-03,P00371,Mini Desk 371,Garden,5.51,11.67,B014,Bazaar Branch 14,shiraz,mobile,0,20,wallet,2023-05-01,127,100,invalid_quantity
S000593812,2025-01-30,C000183,Mina,Moradi,mina.moradi183@example.com,9534222401.0,Rasht,2021-05-13,P00441,Basic Desk 441,Electronics,,482.87,B028,Express Branch 28,isfahan,partner,1,20,Online,2024-12-22,229,75,missing_unit_cost
S000594693,2024-06-22,C035327,Amir,Salehi,amir.salehi35327@example.com,9234913961.0,Shiraz,2023-04-20,P00479,Nova Mixer 479,Gaming,124.51,153.77,B028,Express Branch 28,isfahan,partner,5,120,cash,2023-11-21,156,75,invalid_discount_percent
S000594933,2024-10-25,C045424,Hana,Jafari,hana.jafari45424@example.com,9914603494.0,tehran,2021-08-12,P00203,Smart Desk 203,Books,140.57,,B040,Outlet Branch 40,tehran,online,2,10,online,2023-07-15,185,40,missing_unit_price
S000594997,2025-01-05,C012112,Sara,Karimi,sara.karimi12112@example.com,9449596675.0,Shiraz,2022-11-16,P00111,Basic Cream 111,Garden,155.52,295.18,B002,Mall Branch 2,Karaj,partner,0,15,wallet,2024-07-31,213,50,invalid_quantity
S000595357,2023-07-23,C021007,Maryam,Mohammadi,maryam.mohammadi21007@example.com,9983971960.0,Qom,2021-08-11,P00015,Pro Shirt 15,Music,56.2,-147.54,B031,North Branch 31,Tehran,store,1,25,card,2024-05-28,368,40,invalid_unit_price
S000595657,2025-11-06,C044472,Arman,Moradi,arman.moradi44472@example.com,9884230561.0,isfahan,2023-03-22,P00071,Classic Sneakers 71,Garden,-280.34,477.06,B034,Express Branch 34,isfahan,partner,10,0,card,2023-10-05,219,100,invalid_unit_cost
S000595758,2024-01-19,C022584,Neda,Mohammadi,neda.mohammadi22584@example.com,9924232992.0,Karaj,2023-08-19,P00413,Plus Shirt 413,Health,344.24,526.41,B025,Bazaar Branch 25,Tehran,mobile,-4,10,Online,2025-01-30,170,30,invalid_quantity
S000596234,2025-11-13,C001802,Sara,Rahimi,sara.rahimi1802@example.com,9126624066.0,isfahan,2023-06-18,P00308,Plus Mixer 308,Shoes,387.27,448.11,B035,Mall Branch 35,isfahan,mobile,0,5,cash,2023-04-09,369,30,invalid_quantity
S000596613,2024-01-21,C020404,Hana,Rahimi,hana.rahimi20404@example.com,9276801192.0,Shiraz,2023-09-28,P00147,Prime Puzzle 147,Clothing,,444.33,B020,North Branch 20,Shiraz,online,3,10,card,2024-07-08,463,20,missing_unit_cost
S000597471,2023-03-12,C036504,Leila,Akbari,leila.akbari36504@example.com,9685275314.0,Tehran,2021-03-02,P00426,Basic Mixer 426,Toys,288.91,561.11,B003,Bazaar Branch 3,Karaj,online,0,15,online,2025-08-17,123,30,invalid_quantity
S000598184,2023-07-15,C006300,Hana,Karimi,hana.karimi6300@example.com,9744930437.0,isfahan,2023-01-31,P00480,Plus Desk 480,Furniture,166.69,,B020,North Branch 20,Shiraz,online,3,25,online,2025-07-01,99,40,missing_unit_price
S000598708,2025-04-25,C016684,Amir,Karimi,amir.karimi16684@example.com,9671714313.0,Qom,2022-01-18,P00110,Prime Sneakers 110,Office,158.2,278.01,B028,Express Branch 28,isfahan,partner,0,20,wallet,2025-09-03,170,75,invalid_quantity
S000598828,2023-12-29,C049166,Arman,Ahmadi,arman.ahmadi49166@example.com,9613569524.0,Rasht,2020-10-07,P00223,Eco Puzzle 223,Books,330.33,632.39,B018,North Branch 18,Tabriz,partner,1,5,cash,2025-09-22,464,10,duplicate_sale_id
S000598961,2025-12-26,C044150,Omid,Hosseini,omid.hosseini44150@example.com,9721014542.0,Tehran,2022-12-05,P00144,Prime Mixer 144,Beauty,344.65,540.96,B029,North Branch 29,TEHRAN,mobile,-1,10,card,2025-10-21,463,30,invalid_quantity
S000599414,2023-09-10,C006940,Arman,Mohammadi,arman.mohammadi6940@example.com,9625462480.0,Tabriz,2020-03-24,P00472,Pro Desk 472,Automotive,,99.86,B009,South Branch 9,isfahan,store,4,10,Online,2024-08-05,243,75,missing_unit_cost
S000599945,2024-02-20,C018659,Sara,Mohammadi,sara.mohammadi18659@example.com,9966628655.0,TEHRAN,2022-04-08,P00467,Nova Headphones 467,Clothing,191.58,471.9,B032,Central Branch 32,shiraz,partner,0,25,wallet,2025-08-12,209,20,invalid_quantity
S000600204,2024-10-17,C036800,Hana,Ahmadi,hana.ahmadi36800@example.com,9611449919.0,Shiraz,2022-11-06,P00211,Max Cream 211,Garden,-327.13,381.27,B024,Outlet Branch 24,TEHRAN,store,2,5,online,2023-11-19,301,30,invalid_unit_cost
S000600360,2023-09-21,C008750,Arman,Mohammadi,arman.mohammadi8750@example.com,9833582557.0,Shiraz,2020-12-18,P00135,Plus Mixer 135,Music,318.36,-542.98,B033,South Branch 33,isfahan,online,2,0,CARD,2025-02-12,285,20,invalid_unit_price
S000600700,2024-06-26,C000032,Maryam,Akbari,maryam.akbari32@example.com,9906248900.0,shiraz,2024-04-23,P00286,Plus Desk 286,Toys,31.38,72.28,B004,Bazaar Branch 4,Rasht,partner,3,120,online,2024-09-11,365,30,invalid_discount_percent
S000601182,2023-06-28,C001713,Leila,Karimi,leila.karimi1713@example.com,9116782928.0,Mashhad,2020-06-14,P00281,Basic Puzzle 281,Electronics,55.09,127.69,B003,Bazaar Branch 3,Karaj,online,0,0,cash,2024-09-20,327,75,invalid_quantity
S000601435,2023-05-21,C048831,Mina,Mohammadi,mina.mohammadi48831@example.com,9654922638.0,tehran,2024-05-04,P00475,Pro Puzzle 475,Music,76.34,,B022,Outlet Branch 22,Rasht,mobile,6,20,cash,2025-05-17,248,30,missing_unit_price
S000602164,2024-02-03,C016267,Reza,Rostami,reza.rostami16267@example.com,9572279674.0,isfahan,2022-12-06,P00405,Prime Coffee 405,Sports,382.05,772.23,B035,Mall Branch 35,isfahan,mobile,-2,25,cash,2025-06-29,302,40,invalid_quantity
S000602215,2023-07-09,C000322,Sara,Hosseini,sara.hosseini322@example.com,9445864933.0,Karaj,2020-10-30,P00113,Mini Coffee 113,Health,,369.98,B014,Bazaar Branch 14,shiraz,mobile,5,0,wallet,2025-06-26,361,75,missing_unit_cost
S000602419,2025-05-26,C044777,Amir,Akbari,amir.akbari44777@example.com,9729328891.0,Isfahan,2023-10-20,P00331,Classic Coffee 331,Garden,24.75,35.69,B023,Bazaar Branch 23,Rasht,mobile,0,0,CARD,2025-05-16,63,75,invalid_quantity
S000603656,2024-09-28,C049174,Reza,Karimi,reza.karimi49174@example.com,9789636490.0,Tehran,2022-11-19,P00499,Pro Coffee 499,Gaming,373.77,660.87,B026,Central Branch 26,Mashhad,partner,0,25,card,2024-08-04,461,50,invalid_quantity
S000604686,2025-03-19,C000900,Leila,Rostami,leila.rostami900@example.com,9797052007.0,Isfahan,2020-12-22,P00295,Plus Notebook 295,Music,259.03,,B008,West Branch 8,Isfahan,store,4,0,Online,2025-03-01,282,40,missing_unit_price
S000604751,2025-06-28,C044671,Leila,Salehi,leila.salehi44671@example.com,9771251347.0,Karaj,2021-10-13,P00153,Plus Puzzle 153,Health,-369.08,590.34,B039,Mall Branch 39,Shiraz,online,3,20,Online,2025-11-29,465,75,invalid_unit_cost
S000604893,2023-04-30,C039642,Omid,Hosseini,omid.hosseini39642@example.com,9280363879.0,Rasht,2024-05-21,P00123,Pro Mixer 123,Books,125.88,338.14,B001,Central Branch 1,Rasht,online,0,0,Online,2023-04-06,220,10,invalid_quantity
S000605016,2025-12-01,C001723,Neda,Rostami,neda.rostami1723@example.com,9927136912.0,Qom,2023-09-12,P00073,Mini Notebook 73,Health,,460.24,B024,Outlet Branch 24,TEHRAN,store,4,10,online,2023-07-06,162,75,missing_unit_cost
S000605363,2023-12-25,C017191,Reza,Rahimi,reza.rahimi17191@example.com,9606347573.0,Tabriz,2020-06-12,P00346,Smart Puzzle 346,Toys,118.21,-187.79,B038,East Branch 38,Tehran,mobile,6,5,Online,2025-09-14,33,30,invalid_unit_price
S000605367,2025-07-16,C034140,Sara,Moradi,sara.moradi34140@example.com,9911462773.0,Shiraz,2023-06-04,P00244,Max Headphones 244,Beauty,189.21,312.06,B034,Express Branch 34,isfahan,partner,-5,10,card,2023-09-09,425,20,invalid_quantity
S000606130,2023-10-10,C044063,Arman,Jafari,arman.jafari44063@example.com,9777248153.0,isfahan,2020-11-04,P00205,Max Ball 205,Sports,276.44,597.66,B031,North Branch 31,Tehran,store,0,0,wallet,2024-11-16,68,40,invalid_quantity
S000606605,2024-01-08,C024741,Sara,Salehi,sara.salehi24741@example.com,9628765931.0,isfahan,2021-06-22,P00232,Max Headphones 232,Automotive,42.82,119.85,B007,Central Branch 7,Qom,partner,1,25,wallet,2025-05-20,231,10,duplicate_sale_id
S000606707,2025-02-08,C015858,Arman,Jafari,arman.jafari15858@example.com,9516762907.0,Tabriz,2023-03-30,P00411,Max Desk 411,Garden,25.89,56.32,B024,Outlet Branch 24,TEHRAN,store,1,120,wallet,2023-12-09,294,30,invalid_discount_percent
S000607367,2023-03-06,C004481,Ali,Jafari,ali.jafari4481@example.com,9413130296.0,Qom,2022-03-09,P00472,Pro Desk 472,Automotive,74.87,99.86,B016,North Branch 16,Rasht,online,0,0,wallet,2023-03-23,338,20,invalid_quantity
S000607817,2024-08-25,C027438,Leila,Mohammadi,leila.mohammadi27438@example.com,9837020523.0,TEHRAN,2020-11-19,P00289,Classic Ball 289,Grocery,,500.0,B010,Central Branch 10,Rasht,mobile,1,5,card,2025-04-04,124,40,missing_unit_cost
S000607937,2025-06-12,C029546,Neda,Ahmadi,neda.ahmadi29546@example.com,9512407284.0,Qom,2022-03-02,P00484,Classic Mixer 484,Beauty,335.8,,B011,Central Branch 11,TEHRAN,partner,1,5,cash,2024-05-11,397,75,missing_unit_price
S000608570,2023-11-10,C029734,Omid,Ahmadi,omid.ahmadi29734@example.com,9399417619.0,Shiraz,2023-06-05,P00120,Pro Cream 120,Furniture,105.07,128.77,B007,Central Branch 7,Qom,partner,-2,0,cash,2025-01-21,194,100,invalid_quantity
S000608604,2025-03-03,C012561,Hana,Rahimi,hana.rahimi12561@example.com,9224336923.0,Tehran,2023-03-17,P00164,Max Puzzle 164,Beauty,264.63,701.39,B012,South Branch 12,Mashhad,online,0,5,wallet,2023-07-08,239,40,invalid_quantity
S000609298,2023-12-09,C001430,Hana,Moradi,hana.moradi1430@example.com,9623836867.0,isfahan,2023-08-28,P00304,Max Headphones 304,Beauty,-16.34,31.81,B011,Central Branch 11,TEHRAN,partner,6,0,online,2023-01-13,281,75,invalid_unit_cost
S000609841,2023-12-24,C024134,Ali,Moradi,ali.moradi24134@example.com,9255101027.0,Rasht,2024-10-20,P00197,Nova Puzzle 197,Baby,174.84,249.41,B025,Bazaar Branch 25,Tehran,mobile,0,0,Online,2024-04-09,445,20,invalid_quantity
S000610366,2025-06-12,C006136,Sara,Salehi,sara.salehi6136@example.com,9318130086.0,Mashhad,2021-12-01,P00214,Nova Cream 214,Jewelry,95.86,-187.81,B013,Outlet Branch 13,Mashhad,mobile,3,0,wallet,2025-03-29,353,40,invalid_unit_price
S000610618,2025-08-21,C038194,Arman,Rahimi,arman.rahimi38194@example.com,9709765859.0,TEHRAN,2021-09-12,P00482,Classic Coffee 482,Home Appliances,,175.51,B010,Central Branch 10,Rasht,mobile,4,0,online,2023-07-15,365,40,missing_unit_cost
S000611078,2023-09-15,C031538,Neda,Ahmadi,neda.ahmadi31538@example.com,9796761821.0,TEHRAN,2023-08-01,P00226,Mini Cream 226,Toys,358.48,818.98,B018,North Branch 18,Tabriz,partner,0,25,Online,2023-03-30,281,40,invalid_quantity
S000611188,2023-11-30,C042743,Omid,Rahimi,omid.rahimi42743@example.com,9405767077.0,Tabriz,2020-05-19,P00455,Nova Ball 455,Music,28.86,,B032,Central Branch 32,shiraz,partner,2,15,cash,2025-09-08,461,10,missing_unit_price
S000611773,2024-02-05,C002295,Yasin,Mohammadi,yasin.mohammadi2295@example.com,9557523905.0,Mashhad,2022-08-15,P00215,Mini Puzzle 215,Music,73.52,87.63,B007,Central Branch 7,Qom,partner,-5,0,CARD,2025-07-25,287,30,invalid_quantity
S000612315,2025-01-25,C024013,Maryam,Salehi,maryam.salehi24013@example.com,9293307816.0,Qom,2023-07-24,P00270,Max Headphones 270,Office,99.29,222.5,B018,North Branch 18,Tabriz,partner,0,5,CARD,2025-06-10,56,40,invalid_quantity
S000612714,2023-08-27,C014961,Hana,Rostami,hana.rostami14961@example.com,9756273333.0,isfahan,2022-09-07,P00138,Classic Ball 138,Travel,388.44,982.53,B037,Bazaar Branch 37,Tehran,online,4,120,online,2024-08-30,53,50,invalid_discount_percent
S000613419,2025-05-31,C020308,Omid,Akbari,omid.akbari20308@example.com,9586305703.0,TEHRAN,2024-08-23,P00475,Pro Puzzle 475,Music,,120.89,B039,Mall Branch 39,Shiraz,online,4,0,Online,2024-03-01,242,10,missing_unit_cost
S000613552,2023-02-28,C036692,Ali,Jafari,ali.jafari36692@example.com,9614378728.0,Isfahan,2020-08-27,P00086,Plus Cream 86,Toys,326.49,808.57,B003,Bazaar Branch 3,Karaj,online,0,0,Online,2025-04-03,297,100,invalid_quantity
S000613845,2024-09-20,C045640,Arman,Akbari,arman.akbari45640@example.com,9489863383.0,TEHRAN,2020-02-02,P00291,Eco Puzzle 291,Garden,-38.57,102.84,B022,Outlet Branch 22,Rasht,mobile,10,20,wallet,2025-06-13,240,75,invalid_unit_cost
S000614382,2025-11-08,C033640,Reza,Akbari,reza.akbari33640@example.com,9976055569.0,TEHRAN,2022-01-01,P00321,Classic Desk 321,Electronics,261.02,359.94,B017,Express Branch 17,tehran,online,3,0,Online,2024-12-23,185,20,duplicate_sale_id
S000614439,2024-07-11,C026892,Mina,Ahmadi,mina.ahmadi26892@example.com,9610632323.0,shiraz,2023-05-24,P00193,Max Mixer 193,Health,263.86,,B011,Central Branch 11,TEHRAN,partner,1,15,cash,2024-11-06,175,75,missing_unit_price
S000614789,2024-09-28,C037096,Amir,Karimi,amir.karimi37096@example.com,9766630467.0,Isfahan,2023-01-22,P00458,Nova Cream 458,Travel,243.73,604.02,B013,Outlet Branch 13,Mashhad,mobile,0,0,Online,2025-01-10,361,100,invalid_quantity
S000614976,2024-02-06,C048528,Mina,Karimi,mina.karimi48528@example.com,9865457140.0,Shiraz,2023-01-19,P00254,Max Desk 254,Jewelry,239.84,534.85,B029,North Branch 29,TEHRAN,mobile,-1,15,wallet,2025-11-05,442,75,invalid_quantity
S000615369,2023-11-19,C008728,Neda,Mohammadi,neda.mohammadi8728@example.com,9533469775.0,Mashhad,2020-02-13,P00239,Plus Cream 239,Gaming,283.27,-706.9,B019,Bazaar Branch 19,Shiraz,mobile,2,25,online,2024-01-15,290,20,invalid_unit_price
S000616026,2025-02-16,C043966,Maryam,Rahimi,maryam.rahimi43966@example.com,9987759047.0,Mashhad,2023-04-21,P00341,Prime Ball 341,Electronics,251.88,321.24,B012,South Branch 12,Mashhad,online,0,15,CARD,2023-12-20,282,10,invalid_quantity
S000616220,2023-12-23,C007734,Reza,Jafari,reza.jafari7734@example.com,9629810408.0,Tehran,2024-07-12,P00144,Prime Mixer 144,Beauty,,540.96,B020,North Branch 20,Shiraz,online,4,25,Online,2023-12-15,184,40,missing_unit_cost
S000617263,2024-03-14,C048094,Reza,Hosseini,reza.hosseini48094@example.com,9208775941.0,Shiraz,2023-04-12,P00125,Classic Cream 125,Sports,248.17,471.89,B039,Mall Branch 39,Shiraz,online,0,0,card,2024-03-05,359,100,invalid_quantity
S000617690,2024-12-22,C046433,Maryam,Mohammadi,maryam.mohammadi46433@example.com,9202146035.0,Mashhad,2021-06-14,P00079,Mini Mixer 79,Gaming,10.52,,B011,Central Branch 11,TEHRAN,partner,1,10,wallet,2024-08-09,426,40,missing_unit_price
S000618179,2023-12-19,C029522,Amir,Mohammadi,amir.mohammadi29522@example.com,9130344909.0,Rasht,2023-03-05,P00409,Plus Ball 409,Grocery,244.96,443.97,B025,Bazaar Branch 25,Tehran,mobile,-3,0,CARD,2024-11-21,326,40,invalid_quantity
S000618392,2024-08-01,C017520,Omid,Rahimi,omid.rahimi17520@example.com,9977089520.0,Tehran,2020-03-13,P00443,Smart Puzzle 443,Books,-337.64,456.41,B026,Central Branch 26,Mashhad,partner,2,0,wallet,2024-10-27,378,20,invalid_unit_cost
S000618500,2024-04-12,C047888,Amir,Ahmadi,amir.ahmadi47888@example.com,9581908068.0,Tehran,2024-09-04,P00084,Smart Desk 84,Beauty,17.93,30.03,B020,North Branch 20,Shiraz,online,0,25,wallet,2024-02-21,336,20,invalid_quantity
S000618721,2024-09-18,C048284,Omid,Ahmadi,omid.ahmadi48284@example.com,9300860728.0,Shiraz,2022-11-27,P00390,Eco Cream 390,Office,145.86,323.51,B037,Bazaar Branch 37,Tehran,online,2,120,CARD,2025-04-20,32,50,invalid_discount_percent
S000619021,2023-12-12,C033138,Reza,Rostami,reza.rostami33138@example.com,9744941612.0,Shiraz,2021-07-01,P00129,Max Sneakers 129,Grocery,,102.47,B038,East Branch 38,Tehran,mobile,4,5,card,2024-04-25,415,100,missing_unit_cost
S000619737,2023-09-26,C039541,Amir,Akbari,amir.akbari39541@example.com,9429606229.0,isfahan,2022-01-04,P00207,Basic Headphones 207,Clothing,326.51,909.62,B039,Mall Branch 39,Shiraz,online,0,25,CARD,2025-12-12,16,75,invalid_quantity
S000620372,2024-12-23,C009887,Ali,Rostami,ali.rostami9887@example.com,9868875862.0,Qom,2022-11-07,P00319,Basic Sneakers 319,Gaming,110.8,-226.34,B003,Bazaar Branch 3,Karaj,online,3,0,online,2024-06-25,359,10,invalid_unit_price
S000620941,2023-12-29,C028898,Amir,Akbari,amir.akbari28898@example.com,9331715127.0,shiraz,2020-11-25,P00368,Basic Sneakers 368,Shoes,190.32,,B034,Express Branch 34,isfahan,partner,2,15,online,2025-08-22,262,10,missing_unit_price
S000620974,2023-10-23,C046753,Yasin,Akbari,yasin.akbari46753@example.com,9226482717.0,Isfahan,2020-08-18,P00289,Classic Ball 289,Grocery,184.22,500.0,B028,Express Branch 28,isfahan,partner,0,10,wallet,2024-09-28,488,100,invalid_quantity
S000621382,2024-10-09,C048726,Mina,Ahmadi,mina.ahmadi48726@example.com,9849416529.0,Qom,2024-01-03,P00146,Max Cream 146,Toys,343.18,874.03,B037,Bazaar Branch 37,Tehran,online,-2,15,cash,2024-01-31,279,20,invalid_quantity
S000621822,2025-05-03,C018952,Omid,Jafari,omid.jafari18952@example.com,9160247500.0,TEHRAN,2023-07-30,P00125,Classic Cream 125,Sports,,471.89,B012,South Branch 12,Mashhad,online,4,10,CARD,2023-05-11,495,50,missing_unit_cost
S000622159,2023-05-29,C023151,Sara,Ahmadi,sara.ahmadi23151@example.com,9847558080.0,shiraz,2024-10-25,P00433,Prime Notebook 433,Health,187.76,358.31,B008,West Branch 8,Isfahan,store,8,25,card,2023-06-18,177,75,duplicate_sale_id
S000622211,2023-07-08,C015029,Arman,Mohammadi,arman.mohammadi15029@example.com,9238113393.0,Isfahan,2024-12-01,P00241,Prime Sneakers 241,Electronics,207.74,325.11,B033,South Branch 33,isfahan,online,0,0,Online,2024-07-20,46,30,invalid_quantity
S000622939,2025-04-24,C016664,Reza,Moradi,reza.moradi16664@example.com,9874332905.0,Rasht,2021-05-22,P00006,Nova Puzzle 6,Toys,-236.33,478.89,B009,South Branch 9,isfahan,store,2,20,Online,2024-09-06,361,50,invalid_unit_cost
S000623448,2023-06-02,C048011,Hana,Jafari,hana.jafari48011@example.com,9549027689.0,Karaj,2022-02-24,P00002,Classic Ball 2,Home Appliances,205.44,250.43,B006,North Branch 6,tehran,online,0,10,CARD,2024-05-24,379,40,invalid_quantity
S000624192,2024-03-06,C018532,Arman,Hosseini,arman.hosseini18532@example.com,9552109055.0,shiraz,2021-03-15,P00455,Nova Ball 455,Music,28.86,,B003,Bazaar Branch 3,Karaj,online,2,0,wallet,2025-09-16,1,30,missing_unit_price
S000624585,2025-02-22,C005075,Omid,Jafari,omid.jafari5075@example.com,9125097245.0,Rasht,2023-05-02,P00322,Eco Coffee 322,Home Appliances,264.59,333.64,B030,Airport Branch 30,Mashhad,mobile,-4,0,cash,2024-11-27,353,20,invalid_quantity
S000624623,2023-07-20,C019539,Amir,Ahmadi,amir.ahmadi19539@example.com,9828390745.0,TEHRAN,2020-05-11,P00145,Prime Headphones 145,Sports,,266.58,B033,South Branch 33,isfahan,online,2,15,cash,2024-10-14,9,30,missing_unit_cost
S000624685,2023-12-21,C027233,Hana,Hosseini,hana.hosseini27233@example.com,9118808514.0,Tabriz,2021-12-24,P00466,Classic Mixer 466,Toys,194.76,453.54,B032,Central Branch 32,shiraz,partner,0,5,CARD,2023-01-28,358,30,invalid_quantity
S000624728,2023-07-14,C035098,Hana,Akbari,hana.akbari35098@example.com,9262653543.0,Karaj,2022-11-19,P00208,Nova Coffee 208,Shoes,197.32,499.09,B027,Express Branch 27,shiraz,store,1,120,Online,2023-01-23,63,100,invalid_discount_percent
S000625375,2023-11-15,C031235,Omid,Jafari,omid.jafari31235@example.com,9488707133.0,Karaj,2020-11-09,P00201,Prime Notebook 201,Electronics,162.81,-426.39,B023,Bazaar Branch 23,Rasht,mobile,2,0,online,2023-09-01,351,20,invalid_unit_price
S000625922,2023-01-21,C013833,Arman,Rahimi,arman.rahimi13833@example.com,9343290790.0,Mashhad,2023-11-18,P00240,Classic Mixer 240,Furniture,231.53,472.09,B022,Outlet Branch 22,Rasht,mobile,0,10,Online,2024-03-11,172,75,invalid_quantity
S000627159,2024-03-25,C006797,Maryam,Ahmadi,maryam.ahmadi6797@example.com,9202655932.0,Qom,2024-02-22,P00027,Prime Mixer 27,Clothing,183.73,503.78,B028,Express Branch 28,isfahan,partner,0,0,online,2025-05-12,302,50,invalid_quantity
S000627424,2023-03-16,C014263,Ali,Salehi,ali.salehi14263@example.com,9515208684.0,isfahan,2022-03-12,P00339,Max Sneakers 339,Gaming,,586.63,B016,North Branch 16,Rasht,online,2,15,Online,2024-09-26,485,30,missing_unit_cost
S000627443,2024-01-20,C002462,Leila,Salehi,leila.salehi2462@example.com,9952508471.0,tehran,2021-12-14,P00290,Nova Mixer 290,Office,160.58,,B011,Central Branch 11,TEHRAN,partner,4,15,Online,2023-03-17,1,100,missing_unit_price
S000627486,2025-04-05,C021275,Neda,Mohammadi,neda.mohammadi21275@example.com,9873269314.0,tehran,2020-01-04,P00308,Plus Mixer 308,Shoes,-387.27,448.11,B025,Bazaar Branch 25,Tehran,mobile,3,20,CARD,2024-10-19,157,50,invalid_unit_cost
S000627788,2025-07-29,C005828,Sara,Moradi,sara.moradi5828@example.com,9908135928.0,Tehran,2023-09-02,P00001,Mini Desk 1,Electronics,75.63,160.11,B031,North Branch 31,Tehran,store,-1,15,online,2024-06-07,371,10,invalid_quantity
S000628396,2023-02-10,C040617,Maryam,Salehi,maryam.salehi40617@example.com,9505064035.0,Karaj,2022-06-17,P00173,Max Sneakers 173,Health,70.99,167.61,B019,Bazaar Branch 19,Shiraz,mobile,0,0,CARD,2025-08-18,181,20,invalid_quantity
S000629633,2025-03-08,C011397,Omid,Moradi,omid.moradi11397@example.com,9157892809.0,Tabriz,2023-11-05,P00259,classic shirt 259,Gaming,149.43,334.22,B005,South Branch 5,TEHRAN,online,0,20,CARD,2024-04-23,199,10,invalid_quantity
S000629936,2024-06-08,C006762,Yasin,Moradi,yasin.moradi6762@example.com,9259790935.0,Isfahan,2020-07-09,P00241,Prime Sneakers 241,Electronics,207.74,325.11,B034,Express Branch 34,isfahan,partner,3,5,CARD,2023-05-22,52,10,duplicate_sale_id
S000630225,2024-07-01,C012309,Yasin,Hosseini,yasin.hosseini12309@example.com,9866008224.0,Rasht,2021-04-12,P00367,Smart Headphones 367,Clothing,,425.74,B028,Express Branch 28,isfahan,partner,5,5,online,2024-01-25,420,40,missing_unit_cost
S000630378,2024-02-26,C027580,Reza,Ahmadi,reza.ahmadi27580@example.com,9441854180.0,tehran,2021-01-04,P00275,Mini Mixer 275,Music,9.96,-27.06,B002,Mall Branch 2,Karaj,partner,10,10,cash,2023-01-14,484,75,invalid_unit_price
S000630694,2025-06-16,C024897,Maryam,Hosseini,maryam.hosseini24897@example.com,9616615261.0,tehran,2022-11-14,P00424,Eco Coffee 424,Beauty,295.17,,B003,Bazaar Branch 3,Karaj,online,8,25,CARD,2025-08-12,225,50,missing_unit_price
S000630735,2023-02-08,C049818,Hana,Moradi,hana.moradi49818@example.com,9861398307.0,Isfahan,2020-02-02,P00226,Mini Cream 226,Toys,358.48,818.98,B009,South Branch 9,isfahan,store,1,120,card,2025-10-05,269,50,invalid_discount_percent
S000630870,2024-02-15,C045997,Maryam,Rahimi,maryam.rahimi45997@example.com,9826343617.0,isfahan,2020-05-15,P00450,Smart Headphones 450,Office,72.78,172.51,B025,Bazaar Branch 25,Tehran,mobile,0,20,card,2024-05-27,81,50,invalid_quantity
S000630991,2024-03-03,C030008,Ali,Mohammadi,ali.mohammadi30008@example.com,9149461140.0,shiraz,2023-09-22,P00470,Nova Notebook 470,Office,126.78,262.45,B004,Bazaar Branch 4,Rasht,partner,-5,0,card,2024-08-09,335,50,invalid_quantity
S000632033,2024-03-07,C015786,Amir,Jafari,amir.jafari15786@example.com,9935695824.0,Karaj,2024-06-08,P00109,Max Headphones 109,Grocery,-112.97,246.33,B018,North Branch 18,Tabriz,partner,1,25,online,2025-06-20,35,10,invalid_unit_cost
S000632107,2025-04-26,C004282,Hana,Jafari,hana.jafari4282@example.com,9117548599.0,Tabriz,2024-11-13,P00010,Max Sneakers 10,Office,158.66,261.05,B010,Central Branch 10,Rasht,mobile,0,10,cash,2023-10-24,375,10,invalid_quantity
S000633026,2024-02-10,C041228,Yasin,Mohammadi,yasin.mohammadi41228@example.com,9529637227.0,Tabriz,2020-10-12,P00264,Pro Desk 264,Beauty,,612.86,B033,South Branch 33,isfahan,online,3,0,wallet,2024-07-30,240,75,missing_unit_cost
S000633344,2024-03-27,C012114,Sara,Salehi,sara.salehi12114@example.com,9851809028.0,Tehran,2021-11-08,P00031,Mini Coffee 31,Garden,22.73,26.89,B021,Airport Branch 21,tehran,online,0,10,Online,2023-03-01,158,100,invalid_quantity
S000633945,2024-08-16,C042432,Leila,Hosseini,leila.hosseini42432@example.com,9745955959.0,Tabriz,2022-03-11,P00090,Basic Shirt 90,Office,18.52,,B034,Express Branch 34,isfahan,partner,2,0,Online,2024-03-09,480,50,missing_unit_price
S000634194,2023-06-11,C013622,Mina,Hosseini,mina.hosseini13622@example.com,9262513462.0,Mashhad,2020-12-18,P00452,Plus Ball 452,Automotive,277.1,374.74,B017,Express Branch 17,tehran,online,-5,20,cash,2024-01-09,18,100,invalid_quantity
S000634581,2024-02-24,C014284,Amir,Moradi,amir.moradi14284@example.com,9694990516.0,Tabriz,2020-12-18,P00214,Nova Cream 214,Jewelry,95.86,187.81,B035,Mall Branch 35,isfahan,mobile,0,10,wallet,2024-05-02,423,100,invalid_quantity
S000635381,2023-11-05,C009434,Reza,Jafari,reza.jafari9434@example.com,9406054504.0,Tehran,2020-03-08,P00139,Prime Mixer 139,Gaming,149.35,-256.99,B020,North Branch 20,Shiraz,online,1,5,online,2025-06-27,438,10,invalid_unit_price
S000635818,2024-01-19,C041429,Omid,Rostami,omid.rostami41429@example.com,9251767286.0,Mashhad,2023-04-17,P00497,Eco Headphones 497,Baby,117.38,175.5,B015,Outlet Branch 15,Isfahan,partner,0,5,Online,2024-10-06,22,100,invalid_quantity
S000635827,2024-03-31,C009188,Yasin,Rostami,yasin.rostami9188@example.com,9276767600.0,Karaj,2022-06-04,P00453,Basic Sneakers 453,Health,,405.64,B035,Mall Branch 35,isfahan,mobile,2,25,cash,2023-06-19,360,75,missing_unit_cost
S000636580,2023-11-13,C024919,Omid,Salehi,omid.salehi24919@example.com,9620317756.0,TEHRAN,2022-09-29,P00104,Mini Desk 104,Beauty,-185.86,431.35,B012,South Branch 12,Mashhad,online,5,0,cash,2025-09-21,363,100,invalid_unit_cost
S000636742,2023-10-20,C042278,Ali,Rostami,ali.rostami42278@example.com,9332216869.0,Mashhad,2021-03-19,P00455,Nova Ball 455,Music,28.86,60.04,B009,South Branch 9,isfahan,store,8,120,cash,2023-07-13,244,20,invalid_discount_percent
S000637055,2023-02-03,C001740,Yasin,Ahmadi,yasin.ahmadi1740@example.com,9401296420.0,TEHRAN,2020-08-15,P00077,Smart Mixer 77,Baby,358.16,681.63,B036,Express Branch 36,TEHRAN,store,0,0,CARD,2025-04-01,251,30,invalid_quantity
S000637196,2025-06-05,C031618,Ali,Moradi,ali.moradi31618@example.com,9108803810.0,tehran,2024-01-26,P00072,Max Desk 72,Automotive,260.74,,B030,Airport Branch 30,Mashhad,mobile,4,20,cash,2024-11-12,76,40,missing_unit_price
S000637397,2025-12-02,C028811,Maryam,Hosseini,maryam.hosseini28811@example.com,9525377524.0,Tabriz,2024-05-24,P00331,Classic Coffee 331,Garden,24.75,35.69,B030,Airport Branch 30,Mashhad,mobile,-5,25,wallet,2023-05-04,190,75,invalid_quantity
S000637713,2024-07-06,C028431,Leila,Hosseini,leila.hosseini28431@example.com,9134521805.0,Tehran,2021-01-07,P00331,Classic Coffee 331,Garden,24.75,35.69,B025,Bazaar Branch 25,Tehran,mobile,3,0,Online,2023-02-04,92,30,duplicate_sale_id
S000638292,2025-06-28,C043766,Neda,Rostami,neda.rostami43766@example.com,9762807576.0,Isfahan,2021-03-19,P00041,Prime Puzzle 41,Electronics,176.45,458.88,B005,South Branch 5,TEHRAN,online,0,5,wallet,2025-08-14,380,100,invalid_quantity
S000638628,2024-07-12,C009846,Maryam,Ahmadi,maryam.ahmadi9846@example.com,9910420270.0,Shiraz,2023-08-01,P00215,Mini Puzzle 215,Music,,87.63,B027,Express Branch 27,shiraz,store,1,0,wallet,2025-02-10,388,20,missing_unit_cost
S000639529,2024-06-16,C002078,Neda,Salehi,neda.salehi2078@example.com,9835485325.0,Isfahan,2023-05-18,P00211,Max Cream 211,Garden,327.13,381.27,B037,Bazaar Branch 37,Tehran,online,0,0,cash,2024-11-27,385,30,invalid_quantity
S000640384,2024-05-02,C031601,Sara,Mohammadi,sara.mohammadi31601@example.com,9636724068.0,Tehran,2021-01-13,P00495,Prime Puzzle 495,Music,266.31,-335.43,B025,Bazaar Branch 25,Tehran,mobile,1,0,card,2023-01-22,107,20,invalid_unit_price
S000640447,2023-03-08,C030780,Neda,Jafari,neda.jafari30780@example.com,9159744093.0,Isfahan,2022-09-01,P00210,Basic Sneakers 210,Office,72.76,,B002,Mall Branch 2,Karaj,partner,1,0,wallet,2025-08-01,191,100,missing_unit_price
S000640600,2023-06-07,C039069,Sara,Jafari,sara.jafari39069@example.com,9990841905.0,isfahan,2021-05-17,P00484,Classic Mixer 484,Beauty,335.8,844.89,B024,Outlet Branch 24,TEHRAN,store,-5,0,cash,2025-02-17,193,20,invalid_quantity
S000640766,2024-08-04,C033814,Ali,Mohammadi,ali.mohammadi33814@example.com,9329847352.0,TEHRAN,2020-10-28,P00262,Pro Ball 262,Home Appliances,241.76,348.55,B035,Mall Branch 35,isfahan,mobile,0,0,card,2024-10-20,127,40,invalid_quantity
S000641127,2023-04-26,C046698,Sara,Moradi,sara.moradi46698@example.com,9731986232.0,Rasht,2022-09-23,P00180,Plus Coffee 180,Furniture,-366.97,527.06,B032,Central Branch 32,shiraz,partner,2,15,wallet,2024-11-04,262,30,invalid_unit_cost
S000641429,2023-08-18,C027463,Ali,Jafari,ali.jafari27463@example.com,9142570225.0,isfahan,2022-08-16,P00221,Eco Ball 221,Electronics,,202.3,B040,Outlet Branch 40,tehran,online,2,20,card,2025-06-17,168,100,missing_unit_cost
S000642003,2024-08-06,C002367,Leila,Moradi,leila.moradi2367@example.com,9368113097.0,Isfahan,2021-05-03,P00257,Nova Headphones 257,Baby,285.53,336.65,B010,Central Branch 10,Rasht,mobile,0,0,CARD,2023-09-13,74,20,invalid_quantity
S000642749,2025-03-31,C013776,Mina,Mohammadi,mina.mohammadi13776@example.com,9322555053.0,Rasht,2021-10-22,P00431,Smart Coffee 431,Garden,220.23,444.28,B038,East Branch 38,Tehran,mobile,1,120,cash,2024-12-11,12,30,invalid_discount_percent
S000643240,2025-11-21,C030603,Amir,Salehi,amir.salehi30603@example.com,9568254981.0,tehran,2021-09-15,P00294,Basic Headphones 294,Jewelry,58.86,141.09,B007,Central Branch 7,Qom,partner,0,20,online,2025-11-06,96,10,invalid_quantity
S000643698,2024-09-17,C006036,Reza,Ahmadi,reza.ahmadi6036@example.com,9484510222.0,tehran,2022-06-23,P00110,Prime Sneakers 110,Office,158.2,,B012,South Branch 12,Mashhad,online,6,25,cash,2025-04-07,377,75,missing_unit_price
S000643803,2025-06-20,C017137,Omid,Akbari,omid.akbari17137@example.com,9102256556.0,Tabriz,2022-10-09,P00100,Prime Headphones 100,Furniture,18.93,39.17,B040,Outlet Branch 40,tehran,online,-3,15,card,2023-04-05,168,100,invalid_quantity
S000644230,2024-01-30,C028010,Leila,Akbari,leila.akbari28010@example.com,9328413624.0,Isfahan,2020-07-03,P00266,Pro Puzzle 266,Toys,,618.7,B022,Outlet Branch 22,Rasht,mobile,6,15,cash,2024-05-14,213,50,missing_unit_cost
S000644477,2024-06-19,C017414,Arman,Rahimi,arman.rahimi17414@example.com,9282468589.0,Karaj,2023-01-24,P00280,Classic Cream 280,Furniture,161.54,357.81,B006,North Branch 6,tehran,online,0,5,Online,2025-09-22,360,40,invalid_quantity
S000645387,2025-03-12,C008903,Arman,Rostami,arman.rostami8903@example.com,9592301175.0,Tehran,2020-04-25,P00117,Mini Sneakers 117,Baby,76.17,-211.2,B028,Express Branch 28,isfahan,partner,4,25,online,2025-01-25,384,10,invalid_unit_price
S000645490,2025-12-14,C016376,Yasin,Salehi,yasin.salehi16376@example.com,9615000457.0,Tabriz,2023-11-23,P00019,Pro Coffee 19,Gaming,77.76,112.44,B027,Express Branch 27,shiraz,store,2,0,CARD,2023-10-01,470,10,duplicate_sale_id
S000645674,2024-03-20,C004575,Sara,Akbari,sara.akbari4575@example.com,9510635261.0,Karaj,2022-02-13,P00103,Nova Ball 103,Books,-327.2,674.75,B001,Central Branch 1,Rasht,online,5,5,cash,2023-09-22,401,50,invalid_unit_cost
S000645714,2025-05-07,C039776,Reza,Rostami,reza.rostami39776@example.com,9564278676.0,isfahan,2023-07-31,P00361,Classic Sneakers 361,Electronics,273.95,375.35,B012,South Branch 12,Mashhad,online,0,0,online,2025-04-23,204,10,invalid_quantity
S000646949,2025-10-24,C028189,Ali,Ahmadi,ali.ahmadi28189@example.com,9388205601.0,Rasht,2021-08-17,P00356,Basic Desk 356,Pets,157.9,,B037,Bazaar Branch 37,Tehran,online,5,0,CARD,2023-12-12,88,10,missing_unit_price
S000646951,2024-10-12,C007928,Mina,Jafari,mina.jafari7928@example.com,9716231329.0,Shiraz,2024-04-29,P00335,Prime Shirt 335,Music,134.04,309.67,B003,Bazaar Branch 3,Karaj,online,0,15,wallet,2023-07-18,391,50,invalid_quantity
S000647006,2025-04-14,C023492,Hana,Moradi,hana.moradi23492@example.com,9252490241.0,Shiraz,2023-01-16,P00007,Prime Coffee 7,Clothing,118.64,318.72,B036,Express Branch 36,TEHRAN,store,-1,0,cash,2023-02-25,345,20,invalid_quantity
S000647031,2023-08-02,C009508,Sara,Ahmadi,sara.ahmadi9508@example.com,9739239872.0,TEHRAN,2020-10-13,P00104,Mini Desk 104,Beauty,,431.35,B021,Airport Branch 21,tehran,online,1,15,cash,2024-05-09,190,50,missing_unit_cost
S000648188,2023-09-29,C001122,Mina,Ahmadi,mina.ahmadi1122@example.com,9454939091.0,Mashhad,2023-12-24,P00128,Mini Coffee 128,Shoes,136.7,209.32,B023,Bazaar Branch 23,Rasht,mobile,0,5,card,2024-12-11,331,100,invalid_quantity
S000648756,2023-11-02,C037390,Hana,Rostami,hana.rostami37390@example.com,9928074138.0,Qom,2021-07-01,P00077,Smart Mixer 77,Baby,358.16,681.63,B014,Bazaar Branch 14,shiraz,mobile,3,120,cash,2023-08-31,367,30,invalid_discount_percent
S000649425,2024-01-10,C016863,Sara,Mohammadi,sara.mohammadi16863@example.com,9510535728.0,isfahan,2022-08-24,P00012,Classic Headphones 12,Automotive,167.7,202.09,B020,North Branch 20,Shiraz,online,0,0,online,2025-10-12,72,50,invalid_quantity
S000649832,2024-10-14,C007840,Ali,Moradi,ali.moradi7840@example.com,9753353769.0,isfahan,2020-07-25,P00115,Prime Desk 115,Music,,62.93,B016,North Branch 16,Rasht,online,3,0,wallet,2025-12-05,256,50,missing_unit_cost
S000650200,2023-09-26,C004729,Hana,Karimi,hana.karimi4729@example.com,9496032862.0,shiraz,2021-03-04,P00121,Classic Puzzle 121,Electronics,268.82,,B007,Central Branch 7,Qom,partner,4,25,Online,2024-10-07,236,100,missing_unit_price
S000650209,2023-03-10,C019384,Ali,Salehi,ali.salehi19384@example.com,9698407295.0,Karaj,2021-04-06,P00342,Pro Coffee 342,Home Appliances,189.24,448.09,B017,Express Branch 17,tehran,online,-3,5,wallet,2024-10-23,367,20,invalid_quantity
S000650221,2024-10-26,C018345,Mina,Rostami,mina.rostami18345@example.com,9960181506.0,Karaj,2023-08-21,P00176,Nova Coffee 176,Pets,-271.52,372.77,B002,Mall Branch 2,Karaj,partner,1,0,cash,2024-01-23,160,75,invalid_unit_cost
S000650390,2023-09-07,C036503,Neda,Moradi,neda.moradi36503@example.com,9916142548.0,Shiraz,2021-07-23,P00133,Eco Shirt 133,Health,341.92,-713.88,B019,Bazaar Branch 19,Shiraz,mobile,1,0,Online,2024-11-08,278,40,invalid_unit_price
S000650662,2023-03-11,C021736,Hana,Ahmadi,hana.ahmadi21736@example.com,9379106497.0,Tabriz,2023-09-21,P00185,Classic Mixer 185,Sports,266.46,434.87,B022,Outlet Branch 22,Rasht,mobile,0,25,cash,2025-01-09,6,10,invalid_quantity
S000651899,2024-04-24,C012882,Sara,Salehi,sara.salehi12882@example.com,9763271023.0,isfahan,2021-10-29,P00430,Nova Puzzle 430,Office,49.37,56.85,B009,South Branch 9,isfahan,store,0,5,Online,2025-01-01,464,10,invalid_quantity
S000652633,2023-05-30,C028140,Maryam,Jafari,maryam.jafari28140@example.com,9732011303.0,Qom,2024-06-12,P00373,Pro Puzzle 373,Health,,520.69,B009,South Branch 9,isfahan,store,3,5,Online,2025-02-02,162,50,missing_unit_cost
S000653136,2025-03-16,C001186,Reza,Akbari,reza.akbari1186@example.com,9250721880.0,Mashhad,2020-11-22,P00296,Smart Sneakers 296,Pets,276.49,703.33,B026,Central Branch 26,Mashhad,partner,0,0,online,2024-12-21,400,50,invalid_quantity
S000653267,2024-06-14,C000842,Arman,Ahmadi,arman.ahmadi842@example.com,9459722166.0,Tehran,2024-04-03,P00454,Max Mixer 454,Jewelry,135.82,163.81,B028,Express Branch 28,isfahan,partner,3,0,Online,2025-12-19,167,30,duplicate_sale_id
S000653412,2025-03-05,C025083,Yasin,Salehi,yasin.salehi25083@example.com,9731409661.0,Qom,2024-08-17,P00018,Eco Headphones 18,Travel,87.72,230.0,B014,Bazaar Branch 14,shiraz,mobile,-3,0,online,2024-04-02,177,50,invalid_quantity
S000653451,2025-01-08,C016948,Maryam,Jafari,maryam.jafari16948@example.com,9438337344.0,isfahan,2020-11-13,P00144,Prime Mixer 144,Beauty,344.65,,B023,Bazaar Branch 23,Rasht,mobile,10,20,wallet,2025-08-11,260,50,missing_unit_price
S000654373,2024-09-09,C023443,Yasin,Karimi,yasin.karimi23443@example.com,9396371972.0,Tehran,2020-07-29,P00435,Plus Mixer 435,Music,312.34,794.47,B012,South Branch 12,Mashhad,online,0,0,Online,2023-04-15,68,30,invalid_quantity
S000654763,2023-02-14,C024890,Ali,Salehi,ali.salehi24890@example.com,9130871112.0,tehran,2021-04-25,P00406,Nova Headphones 406,Toys,307.89,791.41,B001,Central Branch 1,Rasht,online,3,120,online,2023-08-31,57,10,invalid_discount_percent
S000654768,2023-08-09,C046826,Leila,Jafari,leila.jafari46826@example.com,9840345631.0,shiraz,2021-09-20,P00476,Plus Puzzle 476,Pets,-358.21,718.34,B030,Airport Branch 30,Mashhad,mobile,3,20,CARD,2025-03-22,490,10,invalid_unit_cost
S000655393,2024-01-12,C040074,Leila,Mohammadi,leila.mohammadi40074@example.com,9963334449.0,isfahan,2022-01-11,P00128,Mini Coffee 128,Shoes,136.7,-209.32,B009,South Branch 9,isfahan,store,10,10,card,2025-07-24,380,30,invalid_unit_price
S000655434,2023-05-01,C018583,Yasin,Salehi,yasin.salehi18583@example.com,9201683812.0,shiraz,2023-05-24,P00054,Basic Headphones 54,Jewelry,,240.45,B002,Mall Branch 2,Karaj,partner,3,0,wallet,2025-02-23,9,100,missing_unit_cost
S000655610,2023-12-22,C003683,Yasin,Hosseini,yasin.hosseini3683@example.com,9447716573.0,Shiraz,2022-06-25,P00113,Mini Coffee 113,Health,187.79,369.98,B017,Express Branch 17,tehran,online,0,0,online,2024-02-03,477,50,invalid_quantity
S000656615,2023-12-10,C024840,Amir,Karimi,amir.karimi24840@example.com,9195337303.0,shiraz,2023-05-21,P00458,Nova Cream 458,Travel,243.73,604.02,B013,Outlet Branch 13,Mashhad,mobile,-4,25,online,2024-02-18,332,10,invalid_quantity
S000656702,2025-11-22,C030864,Reza,Ahmadi,reza.ahmadi30864@example.com,9908180999.0,Qom,2022-10-11,P00036,Eco Desk 36,Pets,374.23,,B038,East Branch 38,Tehran,mobile,1,25,card,2024-12-06,134,30,missing_unit_price
S000656847,2023-06-08,C018889,Mina,Karimi,mina.karimi18889@example.com,9804988240.0,TEHRAN,2021-04-11,P00171,Classic Ball 171,Garden,303.57,643.09,B021,Airport Branch 21,tehran,online,0,0,wallet,2025-11-21,66,100,invalid_quantity
S000658084,2024-10-06,C000992,Ali,Rostami,ali.rostami992@example.com,9417403063.0,shiraz,2022-05-07,P00168,Nova Shirt 168,Shoes,170.28,243.7,B028,Express Branch 28,isfahan,partner,0,5,cash,2023-04-16,201,75,invalid_quantity
S000658235,2025-11-02,C049844,Mina,Akbari,mina.akbari49844@example.com,9695517710.0,Qom,2022-01-14,P00365,Basic Shirt 365,Sports,,432.66,B016,North Branch 16,Rasht,online,1,0,cash,2025-08-20,142,50,missing_unit_cost
S000659315,2023-06-06,C042443,Neda,Jafari,neda.jafari42443@example.com,9389780753.0,tehran,2023-09-19,P00446,Nova Coffee 446,Toys,-315.88,760.78,B015,Outlet Branch 15,Isfahan,partner,10,0,wallet,2024-12-19,132,10,invalid_unit_cost
S000659321,2025-05-24,C023121,Amir,Salehi,amir.salehi23121@example.com,9909714889.0,TEHRAN,2021-01-23,P00366,Classic Notebook 366,Toys,320.6,753.55,B022,Outlet Branch 22,Rasht,mobile,0,20,cash,2024-09-22,196,20,invalid_quantity
S000659818,2024-08-19,C021559,Neda,Rostami,neda.rostami21559@example.com,9117671524.0,Mashhad,2022-12-04,P00243,Smart Desk 243,Books,137.29,377.72,B037,Bazaar Branch 37,Tehran,online,-3,0,card,2025-03-03,354,20,invalid_quantity
S000659953,2025-09-06,C009588,Amir,Salehi,amir.salehi9588@example.com,9488712773.0,isfahan,2023-11-25,P00116,Prime Desk 116,Pets,182.76,,B018,North Branch 18,Tabriz,partner,1,10,Online,2025-11-27,376,20,missing_unit_price
S000660396,2023-11-12,C015478,Ali,Akbari,ali.akbari15478@example.com,9751606151.0,isfahan,2020-12-01,P00396,Prime Cream 396,Pets,286.22,-618.0,B009,South Branch 9,isfahan,store,6,0,card,2024-10-03,170,40,invalid_unit_price
S000660558,2023-01-30,C003894,Maryam,Karimi,maryam.karimi3894@example.com,9262176514.0,Karaj,2021-01-11,P00498,Prime Coffee 498,Travel,36.32,65.61,B002,Mall Branch 2,Karaj,partner,0,15,online,2024-12-20,98,20,invalid_quantity
S000660770,2024-04-04,C042478,Ali,Hosseini,ali.hosseini42478@example.com,9476843713.0,TEHRAN,2023-01-11,P00100,Prime Headphones 100,Furniture,18.93,39.17,B007,Central Branch 7,Qom,partner,3,120,Online,2025-07-18,390,100,invalid_discount_percent
S000661036,2024-05-03,C007676,Leila,Mohammadi,leila.mohammadi7676@example.com,9759182324.0,Tabriz,2021-09-12,P00417,Basic Mixer 417,Baby,,246.46,B028,Express Branch 28,isfahan,partner,2,5,Online,2025-10-01,28,100,missing_unit_cost
S000661044,2025-03-16,C025821,Reza,Karimi,reza.karimi25821@example.com,9599888965.0,Shiraz,2022-01-13,P00114,Prime Shirt 114,Jewelry,308.99,847.84,B033,South Branch 33,isfahan,online,1,10,online,2023-05-07,457,50,duplicate_sale_id
S000661795,2023-01-10,C046137,Hana,Rostami,hana.rostami46137@example.com,9294449315.0,shiraz,2024-01-14,P00326,Eco Sneakers 326,Toys,67.56,99.81,B001,Central Branch 1,Rasht,online,0,15,CARD,2025-01-19,236,50,invalid_quantity
S000663021,2025-07-22,C025111,Neda,Hosseini,neda.hosseini25111@example.com,9245579726.0,Rasht,2021-07-30,P00313,Pro Mixer 313,Health,81.26,160.74,B003,Bazaar Branch 3,Karaj,online,-1,20,Online,2023-06-11,447,20,invalid_quantity
S000663032,2024-07-28,C026959,Mina,Rahimi,mina.rahimi26959@example.com,9924907251.0,Karaj,2021-01-25,P00403,Mini Ball 403,Books,380.22,1017.38,B014,Bazaar Branch 14,shiraz,mobile,0,25,online,2023-12-12,160,40,invalid_quantity
S000663204,2023-12-06,C006850,Mina,Karimi,mina.karimi6850@example.com,9903873197.0,Karaj,2024-08-29,P00457,Plus Sneakers 457,Baby,51.47,,B008,West Branch 8,Isfahan,store,1,5,online,2025-11-07,443,20,missing_unit_price
S000663837,2025-10-22,C037583,Maryam,Salehi,maryam.salehi37583@example.com,9307952819.0,isfahan,2020-06-20,P00497,Eco Headphones 497,Baby,,175.5,B012,South Branch 12,Mashhad,online,2,0,cash,2023-01-17,360,40,missing_unit_cost
S000663862,2024-07-18,C009034,Reza,Rahimi,reza.rahimi9034@example.com,9338683516.0,shiraz,2024-05-05,P00026,Pro Ball 26,Toys,-354.05,925.27,B028,Express Branch 28,isfahan,partner,1,25,wallet,2024-09-12,443,100,invalid_unit_cost
S000664269,2025-10-23,C015076,Sara,Akbari,sara.akbari15076@example.com,9517936883.0,Karaj,2022-03-16,P00254,Max Desk 254,Jewelry,239.84,534.85,B006,North Branch 6,tehran,online,0,0,cash,2023-07-19,476,100,invalid_quantity
S000665399,2024-03-20,C013584,Sara,Jafari,sara.jafari13584@example.com,9536065321.0,Rasht,2024-11-01,P00063,Classic Headphones 63,Books,360.04,-496.7,B003,Bazaar Branch 3,Karaj,online,1,20,card,2025-11-22,298,40,invalid_unit_price
S000665506,2024-01-21,C000696,Leila,Mohammadi,leila.mohammadi696@example.com,9412940071.0,Rasht,2023-11-24,P00302,Nova Shirt 302,Home Appliances,179.53,245.27,B015,Outlet Branch 15,Isfahan,partner,0,5,Online,2024-01-02,205,10,invalid_quantity
S000666224,2024-10-09,C023946,Leila,Akbari,leila.akbari23946@example.com,9679783802.0,Qom,2020-11-11,P00482,Classic Coffee 482,Home Appliances,63.22,175.51,B013,Outlet Branch 13,Mashhad,mobile,-1,0,Online,2023-05-08,391,100,invalid_quantity
S000666455,2024-06-21,C020948,Neda,Moradi,neda.moradi20948@example.com,9979610482.0,tehran,2022-04-17,P00093,Basic Cream 93,Health,116.63,,B035,Mall Branch 35,isfahan,mobile,2,15,wallet,2023-04-17,429,100,missing_unit_price
S000666638,2025-03-16,C029017,Maryam,Ahmadi,maryam.ahmadi29017@example.com,9646668889.0,tehran,2020-01-09,P00480,Plus Desk 480,Furniture,,265.11,B035,Mall Branch 35,isfahan,mobile,2,15,card,2025-06-25,72,100,missing_unit_cost
S000666743,2024-08-13,C043329,Hana,Salehi,hana.salehi43329@example.com,9787990243.0,Karaj,2024-02-18,P00175,Smart Sneakers 175,Music,258.3,449.81,B032,Central Branch 32,shiraz,partner,0,10,Online,2024-08-28,462,30,invalid_quantity
S000666777,2025-11-05,C004310,Amir,Mohammadi,amir.mohammadi4310@example.com,9313796035.0,Tehran,2020-03-15,P00266,Pro Puzzle 266,Toys,376.89,618.7,B033,South Branch 33,isfahan,online,5,120,CARD,2024-01-20,195,40,invalid_discount_percent
S000667980,2025-08-27,C045992,Neda,Jafari,neda.jafari45992@example.com,9823227928.0,shiraz,2022-04-27,P00299,Basic Desk 299,Gaming,20.33,50.31,B011,Central Branch 11,TEHRAN,partner,0,25,wallet,2023-09-06,314,40,invalid_quantity
S000668409,2023-06-03,C024797,Neda,Karimi,neda.karimi24797@example.com,9880236873.0,Shiraz,2023-12-08,P00486,Classic Notebook 486,Toys,-87.08,132.29,B001,Central Branch 1,Rasht,online,2,0,online,2023-10-01,101,50,invalid_unit_cost
S000668821,2024-05-17,C009977,Neda,Jafari,neda.jafari9977@example.com,9542705347.0,Karaj,2021-08-19,P00330,Plus Shirt 330,Office,29.9,63.27,B023,Bazaar Branch 23,Rasht,mobile,2,5,Online,2024-03-11,351,20,duplicate_sale_id
S000669217,2025-06-26,C042448,Arman,Ahmadi,arman.ahmadi42448@example.com,9940825201.0,Qom,2024-02-18,P00446,Nova Coffee 446,Toys,315.88,760.78,B012,South Branch 12,Mashhad,online,0,5,Online,2023-12-14,244,20,invalid_quantity
S000669427,2025-11-15,C027428,Yasin,Rahimi,yasin.rahimi27428@example.com,9681060818.0,Qom,2021-05-10,P00089,Smart Shirt 89,Grocery,47.08,58.83,B010,Central Branch 10,Rasht,mobile,-3,10,Online,2025-06-19,411,75,invalid_quantity
S000669439,2023-05-19,C003051,Ali,Ahmadi,ali.ahmadi3051@example.com,9930660891.0,Shiraz,2022-12-30,P00494,Max Coffee 494,Jewelry,,380.07,B031,North Branch 31,Tehran,store,3,20,cash,2024-07-19,230,50,missing_unit_cost
S000669706,2023-11-29,C029997,Omid,Akbari,omid.akbari29997@example.com,9391715687.0,TEHRAN,2024-04-24,P00325,Pro Sneakers 325,Sports,168.9,,B034,Express Branch 34,isfahan,partner,3,0,card,2023-03-16,427,20,missing_unit_price
S000670402,2023-01-15,C039260,Arman,Karimi,arman.karimi39260@example.com,9570896687.0,tehran,2020-09-01,P00436,Basic Notebook 436,Pets,41.7,-75.27,B006,North Branch 6,tehran,online,5,20,CARD,2025-05-12,176,100,invalid_unit_price
S000670454,2023-06-14,C021254,Leila,Rostami,leila.rostami21254@example.com,9839927426.0,TEHRAN,2024-01-14,P00112,Basic Puzzle 112,Automotive,340.55,706.63,B013,Outlet Branch 13,Mashhad,mobile,0,10,card,2023-09-01,188,20,invalid_quantity
S000671691,2025-12-22,C020404,Hana,Rahimi,hana.rahimi20404@example.com,9276801192.0,Shiraz,2023-09-28,P00435,Plus Mixer 435,Music,312.34,794.47,B028,Express Branch 28,isfahan,partner,0,15,card,2025-11-03,333,10,invalid_quantity
S000672240,2023-11-30,C028617,Sara,Ahmadi,sara.ahmadi28617@example.com,9476538630.0,TEHRAN,2022-11-03,P00453,Basic Sneakers 453,Health,,405.64,B012,South Branch 12,Mashhad,online,4,15,CARD,2023-12-07,270,40,missing_unit_cost
S000672630,2023-03-27,C035950,Ali,Karimi,ali.karimi35950@example.com,9757945535.0,shiraz,2021-09-12,P00392,Prime Cream 392,Automotive,121.0,209.49,B015,Outlet Branch 15,Isfahan,partner,-2,0,cash,2025-07-06,7,30,invalid_quantity
S000672784,2023-12-25,C009599,Mina,Rostami,mina.rostami9599@example.com,9584393751.0,Karaj,2021-05-03,P00463,Plus Puzzle 463,Books,68.42,131.58,B032,Central Branch 32,shiraz,partner,1,120,wallet,2024-04-12,497,50,invalid_discount_percent
S000672928,2023-03-20,C009468,Omid,Moradi,omid.moradi9468@example.com,9347394195.0,Mashhad,2023-12-18,P00156,Nova Shirt 156,Pets,184.17,381.04,B010,Central Branch 10,Rasht,mobile,0,15,cash,2024-04-18,238,20,invalid_quantity
S000672956,2025-01-19,C003314,Omid,Rahimi,omid.rahimi3314@example.com,9199226690.0,Mashhad,2021-12-28,P00242,Plus Puzzle 242,Home Appliances,-233.24,393.81,B021,Airport Branch 21,tehran,online,2,15,online,2023-06-26,258,10,invalid_unit_cost
S000672957,2023-03-08,C018934,Neda,Hosseini,neda.hosseini18934@example.com,9739746954.0,Tabriz,2022-01-20,P00497,Eco Headphones 497,Baby,117.38,,B016,North Branch 16,Rasht,online,3,20,cash,2023-10-29,135,75,missing_unit_price
S000674165,2024-10-22,C028187,Ali,Salehi,ali.salehi28187@example.com,9943337335.0,Tehran,2023-07-11,P00023,Eco Ball 23,Books,204.05,491.54,B040,Outlet Branch 40,tehran,online,0,5,CARD,2024-02-17,189,75,invalid_quantity
S000675041,2024-06-14,C009479,Maryam,Rahimi,maryam.rahimi9479@example.com,9746021462.0,shiraz,2021-03-15,P00284,Prime Coffee 284,Beauty,,39.57,B031,North Branch 31,Tehran,store,2,25,CARD,2023-03-11,191,75,missing_unit_cost
S000675402,2025-08-10,C004499,Omid,Akbari,omid.akbari4499@example.com,9600846894.0,Rasht,2024-12-04,P00352,Nova Desk 352,Automotive,256.47,527.87,B013,Outlet Branch 13,Mashhad,mobile,0,0,card,2025-03-03,396,100,invalid_quantity
S000675405,2023-05-15,C023272,Sara,Mohammadi,sara.mohammadi23272@example.com,9658928637.0,Karaj,2024-01-16,P00431,Smart Coffee 431,Garden,220.23,-444.28,B027,Express Branch 27,shiraz,store,1,0,card,2025-01-14,148,10,invalid_unit_price
S000675833,2023-06-23,C008190,Yasin,Rahimi,yasin.rahimi8190@example.com,9764067790.0,Shiraz,2020-02-06,P00172,Max Cream 172,Automotive,255.92,403.54,B006,North Branch 6,tehran,online,-2,0,card,2025-12-06,113,40,invalid_quantity
S000676208,2025-04-14,C000137,Maryam,Moradi,maryam.moradi137@example.com,9394846763.0,Mashhad,2020-06-07,P00198,Smart Puzzle 198,Travel,345.04,,B024,Outlet Branch 24,TEHRAN,store,6,0,CARD,2023-06-14,423,10,missing_unit_price
S000676598,2023-02-25,C028364,Arman,Moradi,arman.moradi28364@example.com,9829228148.0,Tehran,2022-12-21,P00417,Basic Mixer 417,Baby,166.29,246.46,B019,Bazaar Branch 19,Shiraz,mobile,2,15,wallet,2025-12-01,95,50,duplicate_sale_id
S000676639,2023-02-09,C002902,Leila,Moradi,leila.moradi2902@example.com,9173700896.0,shiraz,2022-05-16,P00157,Smart Puzzle 157,Baby,225.98,442.33,B007,Central Branch 7,Qom,partner,0,20,wallet,2025-08-03,264,100,invalid_quantity
S000677503,2025-04-20,C035863,Ali,Akbari,ali.akbari35863@example.com,9621888967.0,Karaj,2024-04-13,P00044,Eco Mixer 44,Beauty,-302.06,834.85,B002,Mall Branch 2,Karaj,partner,3,15,CARD,2024-08-31,427,10,invalid_unit_cost
S000677842,2024-07-17,C043091,Mina,Salehi,mina.salehi43091@example.com,9521849588.0,Isfahan,2023-08-04,P00453,Basic Sneakers 453,Health,,405.64,B023,Bazaar Branch 23,Rasht,mobile,8,25,online,2025-03-09,346,100,missing_unit_cost
S000677876,2024-07-31,C043153,Reza,Jafari,reza.jafari43153@example.com,9306362736.0,shiraz,2023-03-23,P00431,Smart Coffee 431,Garden,220.23,444.28,B025,Bazaar Branch 25,Tehran,mobile,0,0,online,2023-01-23,146,100,invalid_quantity
S000678791,2025-07-15,C030553,Amir,Hosseini,amir.hosseini30553@example.com,9553452245.0,TEHRAN,2023-10-25,P00174,Plus Puzzle 174,Jewelry,56.19,69.75,B032,Central Branch 32,shiraz,partner,2,120,CARD,2023-08-15,109,40,invalid_discount_percent
S000679036,2025-02-01,C045784,Omid,Mohammadi,omid.mohammadi45784@example.com,9314426513.0,Tehran,2024-02-13,P00035,Nova Puzzle 35,Music,269.5,446.45,B004,Bazaar Branch 4,Rasht,partner,-3,15,card,2023-11-25,170,50,invalid_quantity
S000679113,2024-09-20,C028418,Arman,Rostami,arman.rostami28418@example.com,9923349214.0,Karaj,2020-11-08,P00333,Smart Shirt 333,Health,339.25,667.08,B008,West Branch 8,Isfahan,store,0,0,CARD,2023-10-25,252,20,invalid_quantity
S000679459,2025-11-13,C042598,Sara,Akbari,sara.akbari42598@example.com,9216944627.0,Rasht,2021-01-09,P00149,Basic Puzzle 149,Grocery,279.64,,B017,Express Branch 17,tehran,online,2,0,card,2024-09-16,107,50,missing_unit_price
S000680350,2025-09-19,C025879,Amir,Rostami,amir.rostami25879@example.com,9413642202.0,Karaj,2023-06-13,P00092,Eco Notebook 92,Automotive,132.73,337.15,B031,North Branch 31,Tehran,store,0,25,wallet,2024-01-04,383,10,invalid_quantity
S000680408,2025-09-26,C027594,Reza,Mohammadi,reza.mohammadi27594@example.com,9872846710.0,TEHRAN,2020-07-17,P00133,Eco Shirt 133,Health,341.92,-713.88,B019,Bazaar Branch 19,Shiraz,mobile,2,20,Online,2025-11-06,492,20,invalid_unit_price
S000680643,2023-08-02,C007482,Mina,Mohammadi,mina.mohammadi7482@example.com,9946387649.0,Karaj,2023-01-07,P00206,Basic Shirt 206,Toys,,589.63,B029,North Branch 29,TEHRAN,mobile,4,20,cash,2023-05-05,479,75,missing_unit_cost
S000681587,2024-07-15,C015846,Maryam,Hosseini,maryam.hosseini15846@example.com,9387628418.0,Tabriz,2020-12-25,P00011,Prime Ball 11,Garden,73.98,195.05,B013,Outlet Branch 13,Mashhad,mobile,0,25,Online,2024-06-11,328,20,invalid_quantity
S000682050,2024-10-10,C043411,Amir,Hosseini,amir.hosseini43411@example.com,9272736330.0,tehran,2020-11-22,P00434,Mini Shirt 434,Jewelry,-294.45,422.67,B034,Express Branch 34,isfahan,partner,1,20,cash,2024-10-06,32,20,invalid_unit_cost
S000682239,2025-04-10,C017202,Arman,Jafari,arman.jafari17202@example.com,9170008873.0,Karaj,2020-01-29,P00419,Prime Cream 419,Gaming,154.82,206.51,B040,Outlet Branch 40,tehran,online,-4,0,online,2024-01-05,66,30,invalid_quantity
S000682710,2023-05-18,C046114,Arman,Moradi,arman.moradi46114@example.com,9752720049.0,Shiraz,2020-10-17,P00221,Eco Ball 221,Electronics,159.84,,B018,North Branch 18,Tabriz,partner,10,0,Online,2025-01-01,406,50,missing_unit_price
S000682824,2024-06-19,C041009,Amir,Akbari,amir.akbari41009@example.com,9290345692.0,Rasht,2020-04-20,P00492,Eco Sneakers 492,Automotive,247.47,496.34,B014,Bazaar Branch 14,shiraz,mobile,0,20,Online,2023-06-13,424,30,invalid_quantity
S000683444,2024-09-22,C029472,Ali,Salehi,ali.salehi29472@example.com,9104288474.0,tehran,2023-12-22,P00217,Max Sneakers 217,Baby,,160.48,B008,West Branch 8,Isfahan,store,2,20,card,2023-03-02,350,30,missing_unit_cost
S000684061,2024-03-29,C042681,Ali,Jafari,ali.jafari42681@example.com,9645089994.0,Rasht,2021-03-11,P00239,Plus Cream 239,Gaming,283.27,706.9,B027,Express Branch 27,shiraz,store,0,0,card,2023-10-26,447,75,invalid_quantity
S000684375,2025-09-16,C021007,Maryam,Mohammadi,maryam.mohammadi21007@example.com,9983971960.0,Qom,2021-08-11,P00124,Plus Coffee 124,Beauty,200.91,367.89,B011,Central Branch 11,TEHRAN,partner,4,0,wallet,2024-02-27,104,50,duplicate_sale_id
S000684798,2024-11-25,C023660,Reza,Rostami,reza.rostami23660@example.com,9994653911.0,Tabriz,2020-07-29,P00207,Basic Headphones 207,Clothing,326.51,909.62,B019,Bazaar Branch 19,Shiraz,mobile,3,120,Online,2025-01-25,371,10,invalid_discount_percent
S000685298,2025-03-28,C031018,Amir,Rahimi,amir.rahimi31018@example.com,9641023736.0,shiraz,2020-06-19,P00435,Plus Mixer 435,Music,312.34,794.47,B019,Bazaar Branch 19,Shiraz,mobile,0,0,wallet,2023-03-31,276,10,invalid_quantity
S000685411,2025-05-20,C009843,Ali,Rostami,ali.rostami9843@example.com,9362287149.0,TEHRAN,2021-09-22,P00036,Eco Desk 36,Pets,374.23,-991.73,B010,Central Branch 10,Rasht,mobile,5,0,wallet,2025-01-16,426,20,invalid_unit_price
S000685442,2024-07-26,C020437,Arman,Salehi,arman.salehi20437@example.com,9435934988.0,TEHRAN,2023-11-09,P00491,Classic Desk 491,Garden,287.98,508.98,B010,Central Branch 10,Rasht,mobile,-4,25,cash,2025-07-05,182,75,invalid_quantity
S000685961,2023-01-08,C000419,Leila,Hosseini,leila.hosseini419@example.com,9338411494.0,Mashhad,2021-12-16,P00049,Max Notebook 49,Grocery,105.19,,B019,Bazaar Branch 19,Shiraz,mobile,4,0,CARD,2024-07-17,486,30,missing_unit_price
S000686245,2023-11-25,C021237,Omid,Hosseini,omid.hosseini21237@example.com,9198347925.0,isfahan,2020-12-02,P00030,Basic Puzzle 30,Office,,240.91,B004,Bazaar Branch 4,Rasht,partner,1,0,cash,2024-12-19,118,100,missing_unit_cost
S000686535,2023-08-17,C011703,Mina,Karimi,mina.karimi11703@example.com,9103461826.0,Rasht,2021-11-14,P00053,Max Ball 53,Health,288.74,434.09,B026,Central Branch 26,Mashhad,partner,0,25,cash,2023-07-12,380,40,invalid_quantity
S000686597,2024-07-03,C002152,Ali,Jafari,ali.jafari2152@example.com,9616659256.0,Karaj,2021-09-26,P00166,Nova Notebook 166,Toys,-222.57,536.63,B016,North Branch 16,Rasht,online,8,0,cash,2025-02-14,38,10,invalid_unit_cost
S000687772,2024-10-05,C047794,Amir,Rostami,amir.rostami47794@example.com,9426785166.0,Mashhad,2024-11-05,P00327,Mini Shirt 327,Clothing,294.84,800.35,B018,North Branch 18,Tabriz,partner,0,20,Online,2023-08-27,78,50,invalid_quantity
S000688645,2024-03-05,C027978,Sara,Karimi,sara.karimi27978@example.com,9106405747.0,Rasht,2023-04-16,P00074,Classic Sneakers 74,Jewelry,157.44,302.63,B005,South Branch 5,TEHRAN,online,-5,10,cash,2025-11-25,302,20,invalid_quantity
S000689009,2025-09-25,C041300,Neda,Jafari,neda.jafari41300@example.com,9469501378.0,Tehran,2021-04-13,P00479,Nova Mixer 479,Gaming,124.51,153.77,B029,North Branch 29,TEHRAN,mobile,0,0,card,2023-11-01,406,75,invalid_quantity
S000689046,2025-10-07,C022969,Omid,Hosseini,omid.hosseini22969@example.com,9952181799.0,Karaj,2023-03-15,P00019,Pro Coffee 19,Gaming,,112.44,B009,South Branch 9,isfahan,store,5,0,cash,2024-03-30,280,40,missing_unit_cost
S000689212,2024-07-22,C016992,Amir,Akbari,amir.akbari16992@example.com,9651377933.0,Tehran,2023-03-31,P00049,Max Notebook 49,Grocery,105.19,,B010,Central Branch 10,Rasht,mobile,1,0,card,2025-09-07,446,20,missing_unit_price
S000690246,2025-07-22,C031817,Mina,Rostami,mina.rostami31817@example.com,9932608720.0,Karaj,2021-01-31,P00054,Basic Headphones 54,Jewelry,88.47,240.45,B009,South Branch 9,isfahan,store,0,5,wallet,2025-11-17,487,40,invalid_quantity
S000690414,2025-12-19,C046596,Maryam,Mohammadi,maryam.mohammadi46596@example.com,9696371149.0,TEHRAN,2020-03-28,P00353,Max Headphones 353,Health,273.14,-584.02,B035,Mall Branch 35,isfahan,mobile,10,0,Online,2023-08-01,42,20,invalid_unit_price
S000690805,2025-08-29,C039635,Ali,Moradi,ali.moradi39635@example.com,9602831655.0,shiraz,2022-01-30,P00015,Pro Shirt 15,Music,56.2,147.54,B010,Central Branch 10,Rasht,mobile,2,120,Online,2024-01-05,94,20,invalid_discount_percent
S000691144,2023-04-26,C031300,Neda,Akbari,neda.akbari31300@example.com,9609843171.0,isfahan,2020-04-24,P00324,Pro Ball 324,Beauty,-265.69,392.33,B023,Bazaar Branch 23,Rasht,mobile,1,20,Online,2025-07-06,487,20,invalid_unit_cost
S000691483,2025-07-23,C011025,Sara,Hosseini,sara.hosseini11025@example.com,9810674813.0,Tehran,2021-08-27,P00269,Smart Desk 269,Grocery,325.45,721.28,B024,Outlet Branch 24,TEHRAN,store,0,0,CARD,2025-11-06,26,40,invalid_quantity
S000691847,2024-05-04,C031838,Maryam,Jafari,maryam.jafari31838@example.com,9933630658.0,Mashhad,2020-12-31,P00358,Prime Puzzle 358,Travel,,172.32,B005,South Branch 5,TEHRAN,online,4,25,Online,2025-01-03,217,40,missing_unit_cost
S000691848,2024-07-13,C014995,Yasin,Salehi,yasin.salehi14995@example.com,9633783080.0,Rasht,2022-08-19,P00188,Mini Puzzle 188,Shoes,21.37,36.15,B034,Express Branch 34,isfahan,partner,-3,15,card,2025-01-22,118,75,invalid_quantity
S000692152,2025-10-14,C000068,Yasin,Akbari,yasin.akbari68@example.com,9165452690.0,Rasht,2021-10-04,P00353,Max Headphones 353,Health,273.14,584.02,B015,Outlet Branch 15,Isfahan,partner,1,0,card,2024-03-30,205,40,duplicate_sale_id
S000692463,2023-11-29,C029643,Sara,Akbari,sara.akbari29643@example.com,9183973332.0,Shiraz,2021-06-04,P00011,Prime Ball 11,Garden,73.98,,B032,Central Branch 32,shiraz,partner,2,0,wallet,2023-01-10,281,20,missing_unit_price
S000692720,2023-06-08,C043658,Omid,Rostami,omid.rostami43658@example.com,9497008831.0,isfahan,2024-01-23,P00458,Nova Cream 458,Travel,243.73,604.02,B002,Mall Branch 2,Karaj,partner,0,25,online,2023-03-11,290,10,invalid_quantity
S000693957,2025-04-01,C024492,Sara,Jafari,sara.jafari24492@example.com,9412237256.0,isfahan,2020-06-01,P00166,Nova Notebook 166,Toys,222.57,536.63,B013,Outlet Branch 13,Mashhad,mobile,0,5,cash,2025-06-22,301,40,invalid_quantity
S000694648,2024-04-05,C002482,Amir,Jafari,amir.jafari2482@example.com,9719459743.0,Rasht,2020-01-04,P00161,Nova Puzzle 161,Electronics,,748.18,B021,Airport Branch 21,tehran,online,4,0,CARD,2025-11-12,382,40,missing_unit_cost
S000695051,2025-11-08,C016669,Hana,Karimi,hana.karimi16669@example.com,9608677442.0,Shiraz,2022-09-26,P00150,Smart Ball 150,Office,326.14,480.8,B040,Outlet Branch 40,tehran,online,-2,20,online,2023-07-12,311,75,invalid_quantity
S000695194,2024-10-10,C036878,Amir,Salehi,amir.salehi36878@example.com,9844811710.0,shiraz,2022-04-08,P00277,Nova Shirt 277,Baby,22.67,27.89,B018,North Branch 18,Tabriz,partner,0,15,CARD,2024-03-08,332,20,invalid_quantity
S000695417,2024-05-22,C033938,Omid,Moradi,omid.moradi33938@example.com,9352376930.0,TEHRAN,2021-05-19,P00253,Classic Notebook 253,Health,79.31,-220.23,B016,North Branch 16,Rasht,online,2,20,Online,2025-08-15,70,10,invalid_unit_price
S000695691,2025-04-08,C038987,Ali,Salehi,ali.salehi38987@example.com,9336154503.0,Qom,2024-10-18,P00193,Max Mixer 193,Health,-263.86,493.43,B019,Bazaar Branch 19,Shiraz,mobile,2,0,cash,2023-10-26,428,75,invalid_unit_cost
S000695714,2023-06-04,C010159,Ali,Ahmadi,ali.ahmadi10159@example.com,9146812929.0,Karaj,2020-03-29,P00364,Prime Headphones 364,Beauty,132.49,,B005,South Branch 5,TEHRAN,online,1,0,card,2024-02-14,45,20,missing_unit_price
S000696431,2024-05-03,C038081,Sara,Jafari,sara.jafari38081@example.com,9516586174.0,Isfahan,2022-04-09,P00233,Classic Sneakers 233,Health,288.51,681.33,B009,South Branch 9,isfahan,store,0,10,CARD,2024-07-03,37,50,invalid_quantity
S000696812,2024-05-30,C032499,Yasin,Ahmadi,yasin.ahmadi32499@example.com,9546232177.0,shiraz,2020-06-06,P00278,Eco Puzzle 278,Travel,164.36,227.77,B004,Bazaar Branch 4,Rasht,partner,2,120,wallet,2024-08-06,18,20,invalid_discount_percent
S000697449,2023-08-09,C009381,Yasin,Mohammadi,yasin.mohammadi9381@example.com,9425699604.0,shiraz,2024-02-28,P00050,Smart Notebook 50,Office,,636.37,B021,Airport Branch 21,tehran,online,2,25,CARD,2023-08-28,289,40,missing_unit_cost
S000697668,2024-04-10,C027979,Arman,Karimi,arman.karimi27979@example.com,9343659479.0,Qom,2022-07-09,P00416,Basic Cream 416,Pets,322.42,533.41,B035,Mall Branch 35,isfahan,mobile,0,0,Online,2024-05-03,264,30,invalid_quantity
S000698254,2023-05-18,C029182,Yasin,Jafari,yasin.jafari29182@example.com,9716585807.0,tehran,2021-04-02,P00353,Max Headphones 353,Health,273.14,584.02,B018,North Branch 18,Tabriz,partner,-5,10,online,2024-04-13,147,75,invalid_quantity
S000698905,2024-08-15,C021139,Mina,Salehi,mina.salehi21139@example.com,9392059911.0,shiraz,2020-10-17,P00424,Eco Coffee 424,Beauty,295.17,614.82,B033,South Branch 33,isfahan,online,0,0,Online,2023-09-09,367,50,invalid_quantity
S000698965,2025-10-31,C046800,Ali,Jafari,ali.jafari46800@example.com,9486647838.0,Qom,2023-01-12,P00460,Classic Shirt 460,Furniture,302.05,,B015,Outlet Branch 15,Isfahan,partner,4,0,cash,2025-03-07,59,10,missing_unit_price
S000699929,2025-10-11,C033263,Mina,Jafari,mina.jafari33263@example.com,9797716648.0,Karaj,2023-11-03,P00189,Basic Notebook 189,Grocery,261.49,410.24,B010,Central Branch 10,Rasht,mobile,2,0,Online,2023-11-06,319,30,duplicate_sale_id
S000700142,2023-01-10,C028137,Yasin,Jafari,yasin.jafari28137@example.com,9664172401.0,Isfahan,2020-06-07,P00095,Max Puzzle 95,Music,207.16,565.41,B002,Mall Branch 2,Karaj,partner,0,0,cash,2024-08-27,450,75,invalid_quantity
S000700238,2024-04-02,C044428,Yasin,Moradi,yasin.moradi44428@example.com,9103662633.0,Shiraz,2022-07-29,P00406,Nova Headphones 406,Toys,-307.89,791.41,B037,Bazaar Branch 37,Tehran,online,3,25,Online,2023-01-05,11,100,invalid_unit_cost
S000700250,2025-01-06,C010353,Maryam,Rahimi,maryam.rahimi10353@example.com,9506481515.0,Shiraz,2022-11-01,P00355,Nova Headphones 355,Music,,288.14,B017,Express Branch 17,tehran,online,1,15,wallet,2025-09-02,6,20,missing_unit_cost
S000700420,2025-09-03,C030851,Neda,Ahmadi,neda.ahmadi30851@example.com,9171070335.0,Shiraz,2021-02-14,P00161,Nova Puzzle 161,Electronics,327.64,-748.18,B016,North Branch 16,Rasht,online,2,0,card,2025-08-02,205,40,invalid_unit_price
S000701379,2023-06-27,C020029,Sara,Rostami,sara.rostami20029@example.com,9235713167.0,isfahan,2024-04-15,P00398,Plus Cream 398,Travel,94.68,206.26,B024,Outlet Branch 24,TEHRAN,store,0,0,wallet,2023-06-25,61,30,invalid_quantity
S000701457,2023-01-30,C029773,Yasin,Ahmadi,yasin.ahmadi29773@example.com,9822931078.0,Rasht,2024-07-17,P00348,Basic Mixer 348,Shoes,134.84,361.1,B023,Bazaar Branch 23,Rasht,mobile,-3,0,wallet,2023-10-07,357,10,invalid_quantity
S000702216,2023-08-15,C049172,Mina,Ahmadi,mina.ahmadi49172@example.com,9803980830.0,TEHRAN,2022-10-10,P00328,Classic Sneakers 328,Shoes,211.53,,B012,South Branch 12,Mashhad,online,10,25,online,2024-02-04,188,30,missing_unit_price
S000702616,2025-12-21,C039068,Ali,Rostami,ali.rostami39068@example.com,9167432871.0,Tehran,2023-12-09,P00168,Nova Shirt 168,Shoes,170.28,243.7,B035,Mall Branch 35,isfahan,mobile,0,0,CARD,2023-07-10,239,75,invalid_quantity
S000702819,2024-02-24,C027907,Hana,Ahmadi,hana.ahmadi27907@example.com,9295416688.0,Isfahan,2024-08-19,P00342,Pro Coffee 342,Home Appliances,189.24,448.09,B018,North Branch 18,Tabriz,partner,4,120,CARD,2024-05-30,141,40,invalid_discount_percent
S000703051,2025-07-05,C021480,Amir,Jafari,amir.jafari21480@example.com,9599640174.0,Isfahan,2023-08-13,P00245,Pro Shirt 245,Sports,,922.26,B032,Central Branch 32,shiraz,partner,5,0,Online,2025-09-18,219,100,missing_unit_cost
S000703853,2024-07-09,C036574,Omid,Salehi,omid.salehi36574@example.com,9912812744.0,Isfahan,2023-03-24,P00107,Smart Coffee 107,Clothing,286.7,387.25,B001,Central Branch 1,Rasht,online,0,0,wallet,2024-01-21,180,30,invalid_quantity
S000704660,2024-02-09,C029261,Sara,Jafari,sara.jafari29261@example.com,9380737471.0,Isfahan,2021-06-08,P00286,Plus Desk 286,Toys,31.38,72.28,B036,Express Branch 36,TEHRAN,store,-5,0,cash,2023-01-07,171,20,invalid_quantity
S000704785,2024-08-19,C049807,Arman,Jafari,arman.jafari49807@example.com,9204066552.0,Tehran,2024-09-29,P00019,Pro Coffee 19,Gaming,-77.76,112.44,B029,North Branch 29,TEHRAN,mobile,1,10,Online,2024-11-30,488,50,invalid_unit_cost
S000705090,2025-08-23,C028001,Arman,Hosseini,arman.hosseini28001@example.com,9783425281.0,shiraz,2023-08-16,P00317,Classic Ball 317,Baby,187.67,340.34,B004,Bazaar Branch 4,Rasht,partner,0,0,Online,2025-08-14,144,10,invalid_quantity
S000705423,2024-11-06,C022276,Hana,Rahimi,hana.rahimi22276@example.com,9828527845.0,Mashhad,2024-05-11,P00381,Nova Puzzle 381,Electronics,163.77,-238.64,B026,Central Branch 26,Mashhad,partner,4,5,cash,2023-05-14,330,100,invalid_unit_price
S000705467,2024-05-16,C048814,Ali,Rahimi,ali.rahimi48814@example.com,9261801702.0,Qom,2023-09-06,P00497,Eco Headphones 497,Baby,117.38,,B007,Central Branch 7,Qom,partner,3,10,card,2023-03-18,197,20,missing_unit_price
S000705852,2023-05-04,C036260,Omid,Karimi,omid.karimi36260@example.com,9225693998.0,shiraz,2022-01-21,P00146,Max Cream 146,Toys,,874.03,B016,North Branch 16,Rasht,online,1,5,online,2023-10-08,46,50,missing_unit_cost
S000706327,2023-07-26,C014938,Mina,Jafari,mina.jafari14938@example.com,9857896455.0,Shiraz,2021-11-04,P00275,Mini Mixer 275,Music,9.96,27.06,B008,West Branch 8,Isfahan,store,0,0,Online,2025-08-20,15,75,invalid_quantity
S000707564,2025-11-12,C019911,Hana,Mohammadi,hana.mohammadi19911@example.com,9310882022.0,Tabriz,2023-05-26,P00294,Basic Headphones 294,Jewelry,58.86,141.09,B030,Airport Branch 30,Mashhad,mobile,0,5,CARD,2025-03-19,353,30,invalid_quantity
S000707706,2025-03-03,C001353,Maryam,Moradi,maryam.moradi1353@example.com,9607692567.0,isfahan,2023-10-27,P00084,Smart Desk 84,Beauty,17.93,30.03,B021,Airport Branch 21,tehran,online,5,20,Online,2024-05-28,155,40,duplicate_sale_id
S000707863,2023-02-12,C023449,Omid,Rahimi,omid.rahimi23449@example.com,9782914973.0,Shiraz,2020-10-18,P00019,Pro Coffee 19,Gaming,77.76,112.44,B007,Central Branch 7,Qom,partner,-4,10,Online,2025-07-29,21,10,invalid_quantity
S000708653,2024-11-30,C022512,Reza,Rostami,reza.rostami22512@example.com,9766162267.0,isfahan,2020-07-22,P00190,Max Coffee 190,Office,,530.99,B011,Central Branch 11,TEHRAN,partner,3,15,card,2025-08-20,208,100,missing_unit_cost
S000708718,2024-09-10,C021618,Arman,Jafari,arman.jafari21618@example.com,9303009469.0,Tehran,2022-10-30,P00257,Nova Headphones 257,Baby,285.53,,B031,North Branch 31,Tehran,store,1,25,cash,2025-03-07,30,50,missing_unit_price
S000708801,2024-10-17,C041539,Hana,Hosseini,hana.hosseini41539@example.com,9630249637.0,Shiraz,2020-11-23,P00193,Max Mixer 193,Health,263.86,493.43,B001,Central Branch 1,Rasht,online,0,15,cash,2024-09-14,48,20,invalid_quantity
S000708826,2024-11-28,C023050,Neda,Rostami,neda.rostami23050@example.com,9126082653.0,Karaj,2024-05-14,P00224,Smart Ball 224,Beauty,324.83,506.06,B003,Bazaar Branch 3,Karaj,online,3,120,card,2025-10-20,33,20,invalid_discount_percent
S000709332,2023-05-12,C007346,Sara,Ahmadi,sara.ahmadi7346@example.com,9836238982.0,Qom,2024-10-18,P00327,Mini Shirt 327,Clothing,-294.84,800.35,B026,Central Branch 26,Mashhad,partner,1,10,cash,2023-06-04,32,100,invalid_unit_cost
S000710038,2025-02-08,C027574,Mina,Akbari,mina.akbari27574@example.com,9891306446.0,Tabriz,2021-10-14,P00480,Plus Desk 480,Furniture,166.69,265.11,B026,Central Branch 26,Mashhad,partner,0,0,CARD,2024-10-23,133,10,invalid_quantity
S000710426,2023-01-21,C019538,Arman,Rahimi,arman.rahimi19538@example.com,9229590414.0,isfahan,2021-03-23,P00224,Smart Ball 224,Beauty,324.83,-506.06,B030,Airport Branch 30,Mashhad,mobile,2,20,Online,2024-12-20,315,75,invalid_unit_price
S000711066,2025-10-21,C030391,Sara,Mohammadi,sara.mohammadi30391@example.com,9789945102.0,Mashhad,2020-11-05,P00144,Prime Mixer 144,Beauty,344.65,540.96,B022,Outlet Branch 22,Rasht,mobile,-5,25,card,2025-01-24,143,30,invalid_quantity
S000711275,2023-03-03,C029212,Yasin,Hosseini,yasin.hosseini29212@example.com,9956424362.0,Shiraz,2024-09-19,P00481,Pro Desk 481,Electronics,333.13,838.02,B020,North Branch 20,Shiraz,online,0,25,cash,2023-03-26,310,20,invalid_quantity
S000711454,2023-08-28,C030423,Leila,Ahmadi,leila.ahmadi30423@example.com,9641538808.0,isfahan,2021-01-01,P00078,Smart Cream 78,Travel,,19.81,B032,Central Branch 32,shiraz,partner,8,25,CARD,2024-12-25,106,40,missing_unit_cost
S000711969,2025-08-01,C026079,Sara,Moradi,sara.moradi26079@example.com,9786591919.0,Shiraz,2021-07-02,P00008,Pro Desk 8,Shoes,240.22,,B005,South Branch 5,TEHRAN,online,1,20,wallet,2023-07-15,182,20,missing_unit_price
S000712512,2023-12-24,C041490,Neda,Hosseini,neda.hosseini41490@example.com,9276874714.0,tehran,2021-02-12,P00439,Classic Puzzle 439,Gaming,297.94,763.39,B014,Bazaar Branch 14,shiraz,mobile,0,20,online,2023-10-02,390,75,invalid_quantity
S000713749,2023-08-04,C028721,Leila,Ahmadi,leila.ahmadi28721@example.com,9437462339.0,Shiraz,2021-01-20,P00085,Prime Puzzle 85,Sports,139.2,362.67,B037,Bazaar Branch 37,Tehran,online,0,5,online,2025-12-20,265,75,invalid_quantity
S000713879,2025-11-12,C026401,Mina,Akbari,mina.akbari26401@example.com,9545113801.0,Tehran,2022-06-02,P00480,Plus Desk 480,Furniture,-166.69,265.11,B038,East Branch 38,Tehran,mobile,3,0,card,2025-05-03,236,100,invalid_unit_cost
S000714255,2023-03-16,C038692,Neda,Mohammadi,neda.mohammadi38692@example.com,9199672184.0,Shiraz,2021-08-21,P00490,Classic Sneakers 490,Office,,322.63,B001,Central Branch 1,Rasht,online,4,20,online,2024-11-06,96,50,missing_unit_cost
S000714269,2025-03-20,C011299,Yasin,Jafari,yasin.jafari11299@example.com,9217563458.0,Rasht,2022-06-15,P00091,Prime Notebook 91,Garden,67.36,169.69,B038,East Branch 38,Tehran,mobile,-1,10,Online,2023-04-21,95,20,invalid_quantity
S000714833,2024-07-14,C040665,Yasin,Salehi,yasin.salehi40665@example.com,9703048484.0,Tehran,2023-01-05,P00161,Nova Puzzle 161,Electronics,327.64,748.18,B001,Central Branch 1,Rasht,online,1,120,CARD,2025-03-08,314,30,invalid_discount_percent
S000714986,2023-12-26,C048193,Maryam,Mohammadi,maryam.mohammadi48193@example.com,9862281519.0,TEHRAN,2024-07-20,P00273,Nova Cream 273,Health,112.11,158.93,B040,Outlet Branch 40,tehran,online,0,0,Online,2024-11-24,55,50,invalid_quantity
S000715220,2023-08-16,C000935,Ali,Karimi,ali.karimi935@example.com,9907706333.0,Rasht,2023-09-28,P00427,Smart Notebook 427,Clothing,273.02,,B015,Outlet Branch 15,Isfahan,partner,8,10,CARD,2023-02-14,257,100,missing_unit_price
S000715429,2024-12-29,C007520,Maryam,Ahmadi,maryam.ahmadi7520@example.com,9997406198.0,Karaj,2024-06-12,P00179,Pro Puzzle 179,Gaming,78.04,-192.56,B016,North Branch 16,Rasht,online,1,15,CARD,2024-07-10,314,50,invalid_unit_price
S000715483,2025-04-27,C011669,Leila,Mohammadi,leila.mohammadi11669@example.com,9916838872.0,Tabriz,2021-06-06,P00359,Basic Sneakers 359,Gaming,70.94,125.13,B028,Express Branch 28,isfahan,partner,5,15,wallet,2024-07-14,7,20,duplicate_sale_id
S000716223,2024-05-21,C034443,Ali,Ahmadi,ali.ahmadi34443@example.com,9480043477.0,TEHRAN,2020-03-19,P00054,Basic Headphones 54,Jewelry,88.47,240.45,B038,East Branch 38,Tehran,mobile,0,25,Online,2023-04-13,63,20,invalid_quantity
S000717056,2023-03-06,C007876,Mina,Jafari,mina.jafari7876@example.com,9914136036.0,Isfahan,2022-07-13,P00472,Pro Desk 472,Automotive,,99.86,B037,Bazaar Branch 37,Tehran,online,3,25,cash,2025-06-18,142,50,missing_unit_cost
S000717460,2024-06-26,C025641,Maryam,Karimi,maryam.karimi25641@example.com,9350253955.0,Qom,2021-09-26,P00239,Plus Cream 239,Gaming,283.27,706.9,B003,Bazaar Branch 3,Karaj,online,0,5,Online,2024-03-07,57,40,invalid_quantity
S000717472,2024-07-14,C025822,Amir,Akbari,amir.akbari25822@example.com,9587736746.0,Karaj,2022-08-22,P00013,Plus Notebook 13,Health,217.38,305.51,B014,Bazaar Branch 14,shiraz,mobile,-5,25,wallet,2025-08-30,185,40,invalid_quantity
S000718426,2025-01-20,C003965,Maryam,Akbari,maryam.akbari3965@example.com,9926799099.0,isfahan,2021-02-23,P00297,Nova Puzzle 297,Baby,-56.24,100.5,B028,Express Branch 28,isfahan,partner,3,0,cash,2023-08-09,32,10,invalid_unit_cost
S000718471,2025-03-13,C036727,Arman,Salehi,arman.salehi36727@example.com,9789148826.0,TEHRAN,2022-06-21,P00161,Nova Puzzle 161,Electronics,327.64,,B004,Bazaar Branch 4,Rasht,partner,3,10,wallet,2025-12-08,484,30,missing_unit_price
S000718697,2023-05-03,C035370,Maryam,Salehi,maryam.salehi35370@example.com,9146801708.0,Mashhad,2022-07-20,P00402,Plus Mixer 402,Home Appliances,127.27,286.84,B022,Outlet Branch 22,Rasht,mobile,0,0,wallet,2024-10-04,80,10,invalid_quantity
S000719857,2024-02-23,C030006,Leila,Mohammadi,leila.mohammadi30006@example.com,9271241058.0,Rasht,2020-04-06,P00492,Eco Sneakers 492,Automotive,,496.34,B022,Outlet Branch 22,Rasht,mobile,3,20,CARD,2023-12-30,39,20,missing_unit_cost
S000719934,2025-09-27,C007729,Sara,Rahimi,sara.rahimi7729@example.com,9593493288.0,Karaj,2024-02-06,P00228,Basic Ball 228,Shoes,158.48,377.5,B036,Express Branch 36,TEHRAN,store,0,10,card,2025-01-23,39,100,invalid_quantity
S000720432,2025-02-04,C048528,Mina,Karimi,mina.karimi48528@example.com,9865457140.0,Shiraz,2023-01-19,P00187,Basic Shirt 187,Clothing,144.89,-318.21,B026,Central Branch 26,Mashhad,partner,1,0,card,2025-11-18,142,20,invalid_unit_price
S000720675,2023-12-21,C045570,Arman,Rostami,arman.rostami45570@example.com,9691397132.0,Isfahan,2022-08-17,P00457,Plus Sneakers 457,Baby,51.47,111.57,B008,West Branch 8,Isfahan,store,-5,0,Online,2025-05-19,421,10,invalid_quantity
S000720840,2023-01-19,C046632,Sara,Karimi,sara.karimi46632@example.com,9786740559.0,Shiraz,2020-03-31,P00334,Plus Desk 334,Jewelry,341.94,421.76,B038,East Branch 38,Tehran,mobile,1,120,online,2024-08-04,29,20,invalid_discount_percent
S000721171,2023-06-19,C032051,Leila,Rahimi,leila.rahimi32051@example.com,9529072971.0,Karaj,2024-08-28,P00271,Prime Ball 271,Garden,136.82,320.74,B013,Outlet Branch 13,Mashhad,mobile,0,20,cash,2025-08-22,51,20,invalid_quantity
S000721722,2023-03-02,C025901,Sara,Rahimi,sara.rahimi25901@example.com,9699127317.0,Tabriz,2023-04-04,P00308,Plus Mixer 308,Shoes,387.27,,B028,Express Branch 28,isfahan,partner,5,0,Online,2024-08-29,364,40,missing_unit_price
S000722408,2023-04-18,C045215,Hana,Mohammadi,hana.mohammadi45215@example.com,9344378679.0,Qom,2021-09-08,P00436,Basic Notebook 436,Pets,41.7,75.27,B031,North Branch 31,Tehran,store,0,0,cash,2024-02-26,466,30,invalid_quantity
S000722658,2025-12-14,C036808,Leila,Ahmadi,leila.ahmadi36808@example.com,9167760021.0,Qom,2024-11-25,P00156,Nova Shirt 156,Pets,,381.04,B002,Mall Branch 2,Karaj,partner,2,0,card,2025-06-20,25,30,missing_unit_cost
S000722973,2024-07-19,C000865,Neda,Karimi,neda.karimi865@example.com,9312743722.0,isfahan,2022-02-01,P00480,Plus Desk 480,Furniture,-166.69,265.11,B023,Bazaar Branch 23,Rasht,mobile,5,20,cash,2023-08-26,41,10,invalid_unit_cost
S000723260,2025-04-06,C040244,Arman,Jafari,arman.jafari40244@example.com,9668382926.0,isfahan,2022-05-03,P00385,Plus Notebook 385,Sports,10.15,11.79,B013,Outlet Branch 13,Mashhad,mobile,1,15,cash,2023-11-15,64,20,duplicate_sale_id
S000723645,2023-10-09,C024855,Arman,Akbari,arman.akbari24855@example.com,9358340708.0,Karaj,2020-12-15,P00130,Pro Ball 130,Office,335.8,760.51,B010,Central Branch 10,Rasht,mobile,0,20,card,2025-11-27,206,100,invalid_quantity
S000723878,2025-03-22,C011293,Leila,Moradi,leila.moradi11293@example.com,9820688538.0,Karaj,2020-03-13,P00273,Nova Cream 273,Health,112.11,158.93,B009,South Branch 9,isfahan,store,-1,5,Online,2023-12-20,246,100,invalid_quantity
S000724882,2025-08-04,C005897,Sara,Mohammadi,sara.mohammadi5897@example.com,9318456311.0,Isfahan,2024-04-10,P00033,Smart Coffee 33,Health,338.72,496.36,B003,Bazaar Branch 3,Karaj,online,0,0,cash,2024-04-09,32,100,invalid_quantity
S000724973,2025-03-27,C035359,Mina,Moradi,mina.moradi35359@example.com,9422382065.0,Qom,2022-10-14,P00176,Nova Coffee 176,Pets,271.52,,B014,Bazaar Branch 14,shiraz,mobile,4,0,Online,2023-12-01,136,30,missing_unit_price
S000725435,2024-04-28,C004448,Hana,Rahimi,hana.rahimi4448@example.com,9908022221.0,shiraz,2021-06-18,P00040,Plus Cream 40,Furniture,273.99,-678.66,B002,Mall Branch 2,Karaj,partner,1,5,Online,2023-07-27,470,40,invalid_unit_price
S000725459,2024-12-08,C001033,Maryam,Akbari,maryam.akbari1033@example.com,9389885759.0,Karaj,2023-05-25,P00280,Classic Cream 280,Furniture,,357.81,B024,Outlet Branch 24,TEHRAN,store,10,0,CARD,2023-06-06,444,30,missing_unit_cost
S000726119,2025-07-30,C041669,Amir,Hosseini,amir.hosseini41669@example.com,9340056214.0,tehran,2023-01-13,P00284,Prime Coffee 284,Beauty,21.3,39.57,B033,South Branch 33,isfahan,online,0,5,wallet,2024-04-19,300,30,invalid_quantity
S000726847,2025-05-20,C019939,Sara,Salehi,sara.salehi19939@example.com,9859270294.0,Tabriz,2023-12-22,P00490,Classic Sneakers 490,Office,201.05,322.63,B008,West Branch 8,Isfahan,store,5,120,online,2025-06-23,82,10,invalid_discount_percent
S000727081,2025-10-17,C049792,Neda,Rahimi,neda.rahimi49792@example.com,9137391459.0,TEHRAN,2020-04-08,P00112,Basic Puzzle 112,Automotive,340.55,706.63,B019,Bazaar Branch 19,Shiraz,mobile,-2,0,card,2024-12-10,355,10,invalid_quantity
S000727356,2025-05-19,C040399,Reza,Rostami,reza.rostami40399@example.com,9576493519.0,Shiraz,2023-01-07,P00084,Smart Desk 84,Beauty,17.93,30.03,B017,Express Branch 17,tehran,online,0,0,CARD,2023-05-05,475,100,invalid_quantity
S000727520,2024-07-11,C043382,Ali,Rostami,ali.rostami43382@example.com,9593437163.0,shiraz,2021-12-10,P00235,Max Coffee 235,Music,-226.41,613.19,B039,Mall Branch 39,Shiraz,online,4,25,wallet,2024-07-05,40,75,invalid_unit_cost
S000728224,2025-10-31,C013554,Sara,Moradi,sara.moradi13554@example.com,9872013936.0,shiraz,2020-10-25,P00144,Prime Mixer 144,Beauty,344.65,,B007,Central Branch 7,Qom,partner,4,20,online,2023-01-28,213,30,missing_unit_price
S000728260,2025-11-11,C036830,Leila,Jafari,leila.jafari36830@example.com,9363800764.0,tehran,2020-12-04,P00108,Smart Shirt 108,Shoes,,495.27,B004,Bazaar Branch 4,Rasht,partner,2,25,card,2025-01-26,194,10,missing_unit_cost
S000728593,2024-11-01,C032467,Omid,Salehi,omid.salehi32467@example.com,9844430969.0,Isfahan,2023-07-07,P00468,Basic Headphones 468,Shoes,365.42,841.75,B030,Airport Branch 30,Mashhad,mobile,0,0,cash,2025-04-16,96,30,invalid_quantity
S000729830,2025-12-21,C042912,Sara,Jafari,sara.jafari42912@example.com,9587066719.0,Isfahan,2023-06-13,P00490,Classic Sneakers 490,Office,201.05,322.63,B038,East Branch 38,Tehran,mobile,0,5,card,2024-11-03,195,100,invalid_quantity
S000730284,2023-10-02,C038089,Maryam,Jafari,maryam.jafari38089@example.com,9409213300.0,shiraz,2024-04-10,P00084,Smart Desk 84,Beauty,17.93,30.03,B035,Mall Branch 35,isfahan,mobile,-4,5,Online,2025-02-27,133,75,invalid_quantity
S000730438,2025-11-29,C015700,Ali,Moradi,ali.moradi15700@example.com,9211440765.0,Isfahan,2022-09-11,P00130,Pro Ball 130,Office,335.8,-760.51,B004,Bazaar Branch 4,Rasht,partner,5,15,Online,2023-04-09,106,100,invalid_unit_price
S000731037,2025-11-01,C028207,Maryam,Moradi,maryam.moradi28207@example.com,9455422445.0,shiraz,2024-08-18,P00358,Prime Puzzle 358,Travel,75.76,172.32,B034,Express Branch 34,isfahan,partner,2,5,CARD,2024-08-17,102,40,duplicate_sale_id
S000731061,2024-01-15,C007828,Mina,Rostami,mina.rostami7828@example.com,9488829155.0,Tabriz,2020-07-19,P00075,Mini Shirt 75,Music,,639.04,B013,Outlet Branch 13,Mashhad,mobile,1,20,online,2025-05-26,141,75,missing_unit_cost
S000731067,2025-08-22,C020539,Maryam,Jafari,maryam.jafari20539@example.com,9695683052.0,Isfahan,2020-02-16,P00255,Classic Sneakers 255,Music,107.06,262.05,B004,Bazaar Branch 4,Rasht,partner,0,0,CARD,2024-07-30,347,75,invalid_quantity
S000731475,2024-12-23,C019971,Hana,Mohammadi,hana.mohammadi19971@example.com,9702191391.0,Karaj,2022-06-18,P00306,Nova Headphones 306,Toys,78.17,,B031,North Branch 31,Tehran,store,4,5,CARD,2024-12-24,185,40,missing_unit_price
S000732067,2023-04-11,C012957,Mina,Karimi,mina.karimi12957@example.com,9148919774.0,Qom,2020-11-11,P00091,Prime Notebook 91,Garden,-67.36,169.69,B010,Central Branch 10,Rasht,mobile,3,15,wallet,2023-11-08,227,20,invalid_unit_cost
S000732304,2025-05-08,C033890,Maryam,Akbari,maryam.akbari33890@example.com,9276728132.0,tehran,2022-06-30,P00215,Mini Puzzle 215,Music,73.52,87.63,B027,Express Branch 27,shiraz,store,0,0,CARD,2025-04-09,436,30,invalid_quantity
S000732854,2023-11-01,C041312,Reza,Moradi,reza.moradi41312@example.com,9723722231.0,TEHRAN,2022-04-20,P00130,Pro Ball 130,Office,335.8,760.51,B001,Central Branch 1,Rasht,online,1,120,online,2025-04-21,256,50,invalid_discount_percent
S000733487,2024-04-11,C041232,Sara,Hosseini,sara.hosseini41232@example.com,9691991330.0,Tehran,2020-06-30,P00207,Basic Headphones 207,Clothing,326.51,909.62,B027,Express Branch 27,shiraz,store,-4,20,card,2025-10-18,124,40,invalid_quantity
S000733541,2024-05-28,C001403,Yasin,Moradi,yasin.moradi1403@example.com,9704672023.0,Tabriz,2021-03-14,P00113,Mini Coffee 113,Health,187.79,369.98,B024,Outlet Branch 24,TEHRAN,store,0,15,online,2024-02-27,127,40,invalid_quantity
S000733862,2023-07-19,C033420,Yasin,Rostami,yasin.rostami33420@example.com,9509578658.0,Tehran,2021-02-27,P00496,Basic Sneakers 496,Pets,,360.45,B001,Central Branch 1,Rasht,online,5,15,cash,2025-06-06,157,10,missing_unit_cost
S000734726,2025-04-29,C011748,Mina,Akbari,mina.akbari11748@example.com,9776368520.0,Isfahan,2020-04-19,P00325,Pro Sneakers 325,Sports,168.9,,B029,North Branch 29,TEHRAN,mobile,6,5,wallet,2024-07-19,17,20,missing_unit_price
S000734778,2024-11-05,C049568,Yasin,Ahmadi,yasin.ahmadi49568@example.com,9882280336.0,Karaj,2024-04-11,P00078,Smart Cream 78,Travel,7.24,19.81,B012,South Branch 12,Mashhad,online,0,10,wallet,2024-12-23,273,10,invalid_quantity
S000735441,2023-02-18,C012769,Sara,Ahmadi,sara.ahmadi12769@example.com,9978685557.0,Karaj,2024-04-07,P00348,Basic Mixer 348,Shoes,134.84,-361.1,B001,Central Branch 1,Rasht,online,4,0,wallet,2025-03-24,268,10,invalid_unit_price
S000736015,2024-11-11,C026842,Neda,Rahimi,neda.rahimi26842@example.com,9295214173.0,Karaj,2020-04-23,P00349,Nova Sneakers 349,Grocery,323.12,774.01,B009,South Branch 9,isfahan,store,0,25,online,2024-12-14,157,40,invalid_quantity
S000736614,2023-06-18,C023740,Reza,Rostami,reza.rostami23740@example.com,9981121214.0,Qom,2022-05-26,P00140,Prime Sneakers 140,Furniture,-245.7,525.65,B032,Central Branch 32,shiraz,partner,3,0,wallet,2025-08-26,209,40,invalid_unit_cost
S000736663,2024-11-26,C020816,Leila,Rostami,leila.rostami20816@example.com,9354924177.0,tehran,2021-12-03,P00138,Classic Ball 138,Travel,,982.53,B024,Outlet Branch 24,TEHRAN,store,2,10,cash,2024-07-24,63,40,missing_unit_cost
S000736690,2024-01-26,C026178,Reza,Karimi,reza.karimi26178@example.com,9686191118.0,Shiraz,2020-10-24,P00104,Mini Desk 104,Beauty,185.86,431.35,B014,Bazaar Branch 14,shiraz,mobile,-2,0,wallet,2025-03-11,190,100,invalid_quantity
S000737252,2024-04-18,C045942,Yasin,Salehi,yasin.salehi45942@example.com,9261404312.0,Rasht,2022-03-21,P00063,Classic Headphones 63,Books,360.04,496.7,B034,Express Branch 34,isfahan,partner,0,10,cash,2024-02-11,461,100,invalid_quantity
S000737977,2024-06-25,C037179,Ali,Rahimi,ali.rahimi37179@example.com,9133784565.0,Qom,2020-04-13,P00002,Classic Ball 2,Home Appliances,205.44,,B012,South Branch 12,Mashhad,online,2,15,wallet,2025-09-06,152,10,missing_unit_price
S000738489,2023-12-29,C038660,Leila,Karimi,leila.karimi38660@example.com,9356159113.0,Shiraz,2022-10-02,P00102,Basic Puzzle 102,Home Appliances,58.09,68.84,B008,West Branch 8,Isfahan,store,0,20,Online,2024-01-12,55,40,invalid_quantity
S000738814,2024-10-24,C049824,Leila,Mohammadi,leila.mohammadi49824@example.com,9722654103.0,Rasht,2020-11-07,P00334,Plus Desk 334,Jewelry,341.94,421.76,B016,North Branch 16,Rasht,online,8,0,wallet,2025-11-08,224,100,duplicate_sale_id
S000738861,2023-12-31,C026186,Leila,Ahmadi,leila.ahmadi26186@example.com,9494304897.0,Shiraz,2022-12-03,P00254,Max Desk 254,Jewelry,239.84,534.85,B010,Central Branch 10,Rasht,mobile,2,120,online,2023-04-29,480,40,invalid_discount_percent
S000739464,2024-09-17,C027789,Neda,Ahmadi,neda.ahmadi27789@example.com,9758094896.0,TEHRAN,2023-03-01,P00229,Nova Coffee 229,Grocery,,785.58,B025,Bazaar Branch 25,Tehran,mobile,2,5,wallet,2025-08-16,384,75,missing_unit_cost
S000739726,2024-09-08,C047500,Arman,Karimi,arman.karimi47500@example.com,9804542485.0,Mashhad,2021-04-11,P00405,Prime Coffee 405,Sports,382.05,772.23,B001,Central Branch 1,Rasht,online,0,20,cash,2024-06-19,248,50,invalid_quantity
S000739893,2023-09-24,C005688,Maryam,Akbari,maryam.akbari5688@example.com,9745185020.0,TEHRAN,2022-05-24,P00446,Nova Coffee 446,Toys,315.88,760.78,B019,Bazaar Branch 19,Shiraz,mobile,-5,25,cash,2024-08-04,441,10,invalid_quantity
S000740444,2024-09-04,C007546,Omid,Ahmadi,omid.ahmadi7546@example.com,9538712660.0,Rasht,2020-08-06,P00143,Classic Cream 143,Books,280.13,-530.49,B028,Express Branch 28,isfahan,partner,5,0,online,2023-06-16,369,75,invalid_unit_price
S000740963,2023-06-29,C041685,Sara,Moradi,sara.moradi41685@example.com,9690785656.0,shiraz,2021-02-17,P00170,Smart Puzzle 170,Office,278.29,603.83,B012,South Branch 12,Mashhad,online,0,20,online,2024-08-09,327,30,invalid_quantity
S000741161,2023-01-23,C049338,Ali,Moradi,ali.moradi49338@example.com,9959771998.0,shiraz,2023-02-22,P00134,Classic Puzzle 134,Jewelry,-77.68,135.96,B039,Mall Branch 39,Shiraz,online,4,5,cash,2023-05-26,99,75,invalid_unit_cost
S000741228,2023-07-18,C003761,Sara,Rahimi,sara.rahimi3761@example.com,9105088230.0,Shiraz,2023-09-12,P00137,Plus Shirt 137,Baby,361.5,,B032,Central Branch 32,shiraz,partner,3,10,wallet,2023-12-26,69,100,missing_unit_price
S000742200,2025-02-28,C014649,Neda,Ahmadi,neda.ahmadi14649@example.com,9837484386.0,isfahan,2023-03-29,P00363,Plus Ball 363,Books,113.88,239.16,B039,Mall Branch 39,Shiraz,online,0,20,Online,2025-11-20,17,40,invalid_quantity
S000742265,2025-11-19,C040240,Neda,Moradi,neda.moradi40240@example.com,9848030765.0,shiraz,2020-05-12,P00055,Prime Headphones 55,Music,,375.36,B017,Express Branch 17,tehran,online,3,15,CARD,2024-06-30,164,50,missing_unit_cost
S000743096,2025-07-11,C020843,Neda,Mohammadi,neda.mohammadi20843@example.com,9271791034.0,Shiraz,2021-10-15,P00080,Nova Puzzle 80,Furniture,298.24,674.76,B033,South Branch 33,isfahan,online,-2,0,card,2025-07-27,275,50,invalid_quantity
S000743437,2025-05-14,C036390,Neda,Akbari,neda.akbari36390@example.com,9433100644.0,Mashhad,2021-08-21,P00450,Smart Headphones 450,Office,72.78,172.51,B007,Central Branch 7,Qom,partner,0,25,online,2024-04-02,248,10,invalid_quantity
S000744479,2025-02-04,C039434,Reza,Karimi,reza.karimi39434@example.com,9880885727.0,Shiraz,2022-10-17,P00169,Plus Cream 169,Grocery,233.72,,B026,Central Branch 26,Mashhad,partner,1,0,online,2025-11-10,393,75,missing_unit_price
S000744674,2025-02-12,C030741,Leila,Rahimi,leila.rahimi30741@example.com,9108156762.0,Mashhad,2020-09-21,P00463,Plus Puzzle 463,Books,68.42,131.58,B034,Express Branch 34,isfahan,partner,0,10,Online,2023-12-07,207,30,invalid_quantity
S000744868,2023-08-10,C049502,Yasin,Jafari,yasin.jafari49502@example.com,9700756003.0,Isfahan,2020-06-09,P00141,Pro Desk 141,Electronics,166.04,422.45,B029,North Branch 29,TEHRAN,mobile,4,120,card,2024-08-10,318,50,invalid_discount_percent
S000745066,2024-07-18,C022829,Mina,Salehi,mina.salehi22829@example.com,9989311924.0,isfahan,2020-06-27,P00482,Classic Coffee 482,Home Appliances,,175.51,B012,South Branch 12,Mashhad,online,4,20,CARD,2023-04-05,479,100,missing_unit_cost
S000745447,2024-12-22,C004027,Mina,Mohammadi,mina.mohammadi4027@example.com,9516340508.0,Isfahan,2021-03-02,P00031,Mini Coffee 31,Garden,22.73,-26.89,B005,South Branch 5,TEHRAN,online,3,0,online,2023-09-23,58,10,invalid_unit_price
S000745708,2025-02-02,C038301,Mina,Ahmadi,mina.ahmadi38301@example.com,9161819458.0,Qom,2023-08-01,P00299,Basic Desk 299,Gaming,-20.33,50.31,B024,Outlet Branch 24,TEHRAN,store,3,10,wallet,2025-05-18,386,20,invalid_unit_cost
S000745911,2023-09-02,C036278,Ali,Karimi,ali.karimi36278@example.com,9769461352.0,TEHRAN,2021-01-20,P00178,Max Puzzle 178,Travel,87.79,103.15,B035,Mall Branch 35,isfahan,mobile,0,0,cash,2024-02-15,462,100,invalid_quantity
S000746299,2023-01-14,C033265,Yasin,Akbari,yasin.akbari33265@example.com,9922283211.0,TEHRAN,2024-09-02,P00423,Basic Coffee 423,Books,277.51,435.42,B009,South Branch 9,isfahan,store,-2,15,wallet,2025-01-16,214,20,invalid_quantity
S000746591,2025-09-11,C022914,Maryam,Rahimi,maryam.rahimi22914@example.com,9704374130.0,Karaj,2020-04-22,P00242,Plus Puzzle 242,Home Appliances,233.24,393.81,B017,Express Branch 17,tehran,online,2,10,online,2025-05-01,125,30,duplicate_sale_id
S000747148,2025-10-07,C018408,Amir,Akbari,amir.akbari18408@example.com,9886830707.0,Tabriz,2024-03-08,P00176,Nova Coffee 176,Pets,271.52,372.77,B029,North Branch 29,TEHRAN,mobile,0,25,card,2025-01-24,441,50,invalid_quantity
S000747730,2025-11-03,C028910,Neda,Jafari,neda.jafari28910@example.com,9720513541.0,Tehran,2021-12-02,P00205,Max Ball 205,Sports,276.44,,B001,Central Branch 1,Rasht,online,4,0,card,2023-07-18,125,30,missing_unit_price
S000747867,2024-09-27,C026718,Omid,Salehi,omid.salehi26718@example.com,9944463555.0,Isfahan,2023-05-27,P00125,Classic Cream 125,Sports,,471.89,B025,Bazaar Branch 25,Tehran,mobile,6,0,Online,2025-01-13,122,10,missing_unit_cost
S000748385,2024-04-13,C029491,Mina,Rahimi,mina.rahimi29491@example.com,9391051127.0,Tehran,2023-01-12,P00376,Nova Notebook 376,Pets,58.43,99.95,B032,Central Branch 32,shiraz,partner,0,0,wallet,2024-07-21,59,20,invalid_quantity
S000749502,2025-10-20,C023099,Neda,Jafari,neda.jafari23099@example.com,9363671237.0,Mashhad,2022-02-07,P00450,Smart Headphones 450,Office,72.78,172.51,B004,Bazaar Branch 4,Rasht,partner,-5,5,CARD,2023-10-17,190,75,invalid_quantity
S000749622,2025-09-23,C017288,Mina,Hosseini,mina.hosseini17288@example.com,9684188933.0,Isfahan,2023-06-28,P00142,Nova Headphones 142,Home Appliances,364.26,863.13,B038,East Branch 38,Tehran,mobile,0,10,cash,2024-03-20,64,40,invalid_quantity
S000750255,2024-05-31,C045092,Reza,Moradi,reza.moradi45092@example.com,9412639138.0,isfahan,2021-12-28,P00187,Basic Shirt 187,Clothing,-144.89,318.21,B014,Bazaar Branch 14,shiraz,mobile,4,0,cash,2024-01-26,26,20,invalid_unit_cost
S000750450,2023-05-16,C028768,Yasin,Mohammadi,yasin.mohammadi28768@example.com,9224831075.0,TEHRAN,2023-07-30,P00026,Pro Ball 26,Toys,354.05,-925.27,B003,Bazaar Branch 3,Karaj,online,8,0,card,2023-07-19,32,50,invalid_unit_price
S000750668,2025-01-15,C026257,Leila,Rostami,leila.rostami26257@example.com,9298293406.0,Tabriz,2023-10-09,P00229,Nova Coffee 229,Grocery,,785.58,B019,Bazaar Branch 19,Shiraz,mobile,2,0,card,2024-11-12,438,10,missing_unit_cost
S000750859,2023-12-24,C009381,Yasin,Mohammadi,yasin.mohammadi9381@example.com,9425699604.0,shiraz,2024-02-28,P00314,Classic Puzzle 314,Jewelry,375.06,447.37,B032,Central Branch 32,shiraz,partner,0,25,cash,2025-07-16,83,50,invalid_quantity
S000750875,2025-05-10,C011159,Maryam,Mohammadi,maryam.mohammadi11159@example.com,9682973731.0,tehran,2023-08-25,P00203,Smart Desk 203,Books,140.57,251.88,B005,South Branch 5,TEHRAN,online,6,120,Online,2025-12-08,171,50,invalid_discount_percent
S000750981,2023-12-31,C047608,Omid,Karimi,omid.karimi47608@example.com,9375044094.0,tehran,2021-11-24,P00284,Prime Coffee 284,Beauty,21.3,,B022,Outlet Branch 22,Rasht,mobile,1,25,online,2024-05-10,107,100,missing_unit_price
S000752096,2025-09-02,C000795,Neda,Hosseini,neda.hosseini795@example.com,9207873599.0,TEHRAN,2024-03-21,P00383,Basic Ball 383,Books,246.85,639.81,B032,Central Branch 32,shiraz,partner,0,10,wallet,2024-11-15,3,10,invalid_quantity
S000752705,2025-11-03,C034239,Omid,Jafari,omid.jafari34239@example.com,9733396230.0,Shiraz,2023-11-01,P00131,Pro Shirt 131,Garden,34.95,77.2,B004,Bazaar Branch 4,Rasht,partner,-1,0,card,2023-11-08,144,40,invalid_quantity
S000753333,2025-10-10,C045112,Ali,Rahimi,ali.rahimi45112@example.com,9619779267.0,Tehran,2023-02-12,P00113,Mini Coffee 113,Health,187.79,369.98,B026,Central Branch 26,Mashhad,partner,0,5,card,2025-01-31,170,75,invalid_quantity
S000753469,2024-08-07,C039994,Maryam,Mohammadi,maryam.mohammadi39994@example.com,9680972736.0,shiraz,2023-06-15,P00376,Nova Notebook 376,Pets,,99.95,B029,North Branch 29,TEHRAN,mobile,6,15,cash,2024-05-11,468,20,missing_unit_cost
S000754232,2024-01-15,C045244,Mina,Rahimi,mina.rahimi45244@example.com,9527347836.0,Karaj,2024-02-03,P00393,Mini Shirt 393,Health,58.28,,B007,Central Branch 7,Qom,partner,4,15,Online,2024-05-31,33,40,missing_unit_price
S000754368,2025-07-23,C047709,Leila,Karimi,leila.karimi47709@example.com,9423867649.0,Qom,2022-11-11,P00249,Max Sneakers 249,Grocery,309.04,808.45,B008,West Branch 8,Isfahan,store,3,10,cash,2024-07-04,80,30,duplicate_sale_id
S000754570,2024-03-12,C002200,Omid,Ahmadi,omid.ahmadi2200@example.com,9110284954.0,Qom,2020-12-21,P00115,Prime Desk 115,Music,25.03,62.93,B006,North Branch 6,tehran,online,0,10,wallet,2024-03-10,484,75,invalid_quantity
S000754802,2024-06-29,C048679,Leila,Hosseini,leila.hosseini48679@example.com,9472963446.0,Karaj,2024-07-03,P00236,Pro Puzzle 236,Pets,-157.58,186.29,B016,North Branch 16,Rasht,online,4,0,online,2025-08-05,198,100,invalid_unit_cost
S000755453,2023-04-09,C033107,Omid,Karimi,omid.karimi33107@example.com,9759878207.0,Shiraz,2021-10-13,P00120,Pro Cream 120,Furniture,105.07,-128.77,B007,Central Branch 7,Qom,partner,2,0,card,2023-10-01,69,50,invalid_unit_price
S000755807,2023-01-29,C038682,Leila,Moradi,leila.moradi38682@example.com,9695785474.0,Mashhad,2022-03-08,P00114,Prime Shirt 114,Jewelry,308.99,847.84,B021,Airport Branch 21,tehran,online,0,25,online,2024-09-07,163,75,invalid_quantity
S000755908,2024-02-14,C022498,Amir,Salehi,amir.salehi22498@example.com,9148511887.0,shiraz,2022-07-07,P00026,Pro Ball 26,Toys,354.05,925.27,B012,South Branch 12,Mashhad,online,-5,15,wallet,2024-01-01,39,100,invalid_quantity
S000756270,2023-09-04,C000635,Amir,Mohammadi,amir.mohammadi635@example.com,9544454140.0,Tehran,2023-02-26,P00257,Nova Headphones 257,Baby,,336.65,B001,Central Branch 1,Rasht,online,1,0,cash,2023-09-27,456,30,missing_unit_cost
S000756882,2025-10-25,C027273,Arman,Moradi,arman.moradi27273@example.com,9747091155.0,Tabriz,2024-09-03,P00203,Smart Desk 203,Books,140.57,251.88,B030,Airport Branch 30,Mashhad,mobile,1,120,online,2025-07-25,458,30,invalid_discount_percent
S000757044,2024-09-21,C018862,Arman,Salehi,arman.salehi18862@example.com,9626293192.0,Tabriz,2021-09-11,P00177,Eco Shirt 177,Baby,121.13,229.27,B017,Express Branch 17,tehran,online,0,20,cash,2025-08-25,331,40,invalid_quantity
S000757483,2024-01-31,C030441,Amir,Ahmadi,amir.ahmadi30441@example.com,9858683714.0,Tabriz,2020-01-05,P00458,Nova Cream 458,Travel,243.73,,B028,Express Branch 28,isfahan,partner,8,0,wallet,2024-12-17,469,20,missing_unit_price
S000758281,2024-12-06,C017786,Leila,Mohammadi,leila.mohammadi17786@example.com,9679314252.0,Rasht,2021-03-24,P00308,Plus Mixer 308,Shoes,387.27,448.11,B025,Bazaar Branch 25,Tehran,mobile,0,25,card,2023-12-29,253,50,invalid_quantity
S000759071,2025-01-07,C030079,Hana,Jafari,hana.jafari30079@example.com,9813515150.0,Isfahan,2024-04-29,P00445,Nova Desk 445,Sports,,389.09,B009,South Branch 9,isfahan,store,10,15,card,2024-01-02,232,40,missing_unit_cost
S000759111,2023-04-18,C026624,Maryam,Jafari,maryam.jafari26624@example.com,9568827791.0,shiraz,2020-12-24,P00350,Plus Notebook 350,Office,165.98,197.33,B023,Bazaar Branch 23,Rasht,mobile,-1,0,card,2025-07-14,23,50,invalid_quantity
S000759349,2025-04-05,C010220,Mina,Rahimi,mina.rahimi10220@example.com,9748616170.0,shiraz,2020-02-08,P00228,Basic Ball 228,Shoes,-158.48,377.5,B025,Bazaar Branch 25,Tehran,mobile,1,20,CARD,2023-07-20,261,75,invalid_unit_cost
S000759518,2024-03-25,C039520,Yasin,Jafari,yasin.jafari39520@example.com,9838697770.0,tehran,2022-09-10,P00381,Nova Puzzle 381,Electronics,163.77,238.64,B008,West Branch 8,Isfahan,store,0,15,Online,2025-07-13,181,50,invalid_quantity
S000760456,2024-09-27,C049948,Hana,Akbari,hana.akbari49948@example.com,9778888734.0,Mashhad,2023-07-03,P00214,Nova Cream 214,Jewelry,95.86,-187.81,B035,Mall Branch 35,isfahan,mobile,4,0,online,2025-06-19,429,10,invalid_unit_price
S000760734,2024-07-01,C029971,Hana,Rahimi,hana.rahimi29971@example.com,9237703340.0,Isfahan,2022-03-25,P00214,Nova Cream 214,Jewelry,95.86,,B036,Express Branch 36,TEHRAN,store,1,25,card,2024-05-05,114,50,missing_unit_price
S000760755,2023-05-10,C004278,Yasin,Rahimi,yasin.rahimi4278@example.com,9523926776.0,shiraz,2020-01-09,P00017,Classic Puzzle 17,Baby,318.55,672.98,B028,Express Branch 28,isfahan,partner,0,15,cash,2025-01-05,364,50,invalid_quantity
S000761872,2025-12-17,C048784,Reza,Akbari,reza.akbari48784@example.com,9531266598.0,Karaj,2020-07-11,P00245,Pro Shirt 245,Sports,,922.26,B013,Outlet Branch 13,Mashhad,mobile,1,0,wallet,2025-11-23,320,50,missing_unit_cost
S000761992,2025-07-22,C008671,Hana,Akbari,hana.akbari8671@example.com,9509338013.0,isfahan,2023-04-11,P00011,Prime Ball 11,Garden,73.98,195.05,B033,South Branch 33,isfahan,online,0,0,CARD,2024-05-09,56,10,invalid_quantity
S000762145,2025-01-22,C008547,Neda,Rostami,neda.rostami8547@example.com,9690678586.0,Mashhad,2023-11-24,P00339,Max Sneakers 339,Gaming,357.41,586.63,B026,Central Branch 26,Mashhad,partner,5,5,card,2023-05-12,372,100,duplicate_sale_id
S000762314,2025-08-28,C013357,Neda,Jafari,neda.jafari13357@example.com,9613976621.0,Isfahan,2022-03-06,P00041,Prime Puzzle 41,Electronics,176.45,458.88,B002,Mall Branch 2,Karaj,partner,-4,0,Online,2023-01-20,276,75,invalid_quantity
S000762889,2025-07-22,C015718,Arman,Jafari,arman.jafari15718@example.com,9605781943.0,Rasht,2021-09-24,P00148,Max Coffee 148,Shoes,122.39,210.51,B003,Bazaar Branch 3,Karaj,online,1,120,Online,2025-08-17,440,40,invalid_discount_percent
S000763229,2024-09-30,C035618,Maryam,Hosseini,maryam.hosseini35618@example.com,9241425083.0,Tehran,2024-10-18,P00213,Basic Sneakers 213,Health,312.76,515.89,B001,Central Branch 1,Rasht,online,0,10,wallet,2023-03-22,219,50,invalid_quantity
S000763896,2024-03-12,C024813,Neda,Hosseini,neda.hosseini24813@example.com,9960859516.0,shiraz,2021-09-23,P00407,Classic Cream 407,Clothing,-191.59,535.51,B022,Outlet Branch 22,Rasht,mobile,4,15,online,2024-09-28,91,75,invalid_unit_cost
S000763985,2025-01-03,C036437,Sara,Mohammadi,sara.mohammadi36437@example.com,9539932824.0,TEHRAN,2020-07-18,P00499,Pro Coffee 499,Gaming,373.77,,B030,Airport Branch 30,Mashhad,mobile,1,5,cash,2024-08-03,196,10,missing_unit_price
S000764466,2025-06-15,C024346,Hana,Ahmadi,hana.ahmadi24346@example.com,9386612038.0,Mashhad,2024-08-12,P00325,Pro Sneakers 325,Sports,168.9,456.16,B002,Mall Branch 2,Karaj,partner,0,25,Online,2024-03-22,107,20,invalid_quantity
S000764673,2023-05-25,C030686,Neda,Hosseini,neda.hosseini30686@example.com,9163372500.0,Qom,2022-05-16,P00041,Prime Puzzle 41,Electronics,,458.88,B028,Express Branch 28,isfahan,partner,3,5,cash,2025-12-19,69,100,missing_unit_cost
S000765459,2024-12-15,C010769,Neda,Mohammadi,neda.mohammadi10769@example.com,9385697739.0,Rasht,2021-06-04,P00139,Prime Mixer 139,Gaming,149.35,-256.99,B030,Airport Branch 30,Mashhad,mobile,10,10,cash,2025-11-09,155,50,invalid_unit_price
S000765517,2025-07-13,C000745,Leila,Akbari,leila.akbari745@example.com,9642709938.0,Qom,2022-10-10,P00413,Plus Shirt 413,Health,344.24,526.41,B039,Mall Branch 39,Shiraz,online,-1,10,card,2023-11-20,191,30,invalid_quantity
S000765703,2025-12-30,C005937,Reza,Jafari,reza.jafari5937@example.com,9586472900.0,Tehran,2022-11-09,P00112,Basic Puzzle 112,Automotive,340.55,706.63,B019,Bazaar Branch 19,Shiraz,mobile,0,10,Online,2025-11-21,185,50,invalid_quantity
S000766940,2024-10-16,C024833,Neda,Salehi,neda.salehi24833@example.com,9409536198.0,Tabriz,2020-03-26,P00053,Max Ball 53,Health,288.74,434.09,B008,West Branch 8,Isfahan,store,0,0,cash,2024-11-09,346,10,invalid_quantity
S000767236,2023-04-28,C010153,Maryam,Ahmadi,maryam.ahmadi10153@example.com,9597559662.0,Qom,2020-11-03,P00060,Basic Puzzle 60,Furniture,59.7,,B004,Bazaar Branch 4,Rasht,partner,1,0,wallet,2023-11-19,471,100,missing_unit_price
S000767474,2024-09-06,C008425,Mina,Mohammadi,mina.mohammadi8425@example.com,9961507786.0,Tabriz,2024-06-21,P00290,Nova Mixer 290,Office,,216.38,B018,North Branch 18,Tabriz,partner,2,10,cash,2025-01-26,286,50,missing_unit_cost
S000768177,2025-03-20,C040800,Ali,Salehi,ali.salehi40800@example.com,9870771521.0,Shiraz,2023-12-07,P00280,Classic Cream 280,Furniture,161.54,357.81,B035,Mall Branch 35,isfahan,mobile,0,5,Online,2024-12-25,272,10,invalid_quantity
S000768443,2023-12-15,C044388,Arman,Ahmadi,arman.ahmadi44388@example.com,9602848504.0,Tehran,2020-05-19,P00495,Prime Puzzle 495,Music,-266.31,335.43,B009,South Branch 9,isfahan,store,1,0,CARD,2024-08-16,164,20,invalid_unit_cost
S000768720,2023-03-29,C011329,Neda,Rostami,neda.rostami11329@example.com,9364710120.0,Karaj,2022-03-14,P00462,Basic Sneakers 462,Home Appliances,8.73,11.05,B035,Mall Branch 35,isfahan,mobile,-1,0,Online,2023-01-22,64,50,invalid_quantity
S000768896,2023-02-14,C012036,Reza,Akbari,reza.akbari12036@example.com,9501588636.0,Rasht,2023-03-19,P00302,Nova Shirt 302,Home Appliances,179.53,245.27,B022,Outlet Branch 22,Rasht,mobile,2,120,card,2025-09-19,165,40,invalid_discount_percent
S000769414,2023-02-07,C037958,Leila,Hosseini,leila.hosseini37958@example.com,9935690221.0,Rasht,2023-02-15,P00348,Basic Mixer 348,Shoes,134.84,361.1,B012,South Branch 12,Mashhad,online,0,0,card,2024-12-25,417,75,invalid_quantity
S000769922,2024-10-25,C037288,Maryam,Jafari,maryam.jafari37288@example.com,9629389479.0,Shiraz,2024-01-08,P00036,Eco Desk 36,Pets,374.23,991.73,B033,South Branch 33,isfahan,online,5,25,Online,2025-03-20,151,40,duplicate_sale_id
S000770275,2023-06-28,C047732,Sara,Moradi,sara.moradi47732@example.com,9953522770.0,Tabriz,2024-09-12,P00209,Max Coffee 209,Grocery,,459.46,B010,Central Branch 10,Rasht,mobile,3,25,card,2024-05-16,301,100,missing_unit_cost
S000770462,2024-06-17,C031170,Mina,Ahmadi,mina.ahmadi31170@example.com,9706763786.0,Mashhad,2021-07-12,P00320,Pro Puzzle 320,Furniture,224.03,-267.37,B007,Central Branch 7,Qom,partner,4,15,CARD,2023-11-25,18,10,invalid_unit_price
S000770487,2023-04-19,C015690,Yasin,Ahmadi,yasin.ahmadi15690@example.com,9171637492.0,Qom,2023-12-12,P00226,Mini Cream 226,Toys,358.48,,B007,Central Branch 7,Qom,partner,3,0,cash,2023-12-30,88,75,missing_unit_price
S000770651,2025-07-05,C035277,Maryam,Mohammadi,maryam.mohammadi35277@example.com,9702145760.0,Shiraz,2021-08-06,P00015,Pro Shirt 15,Music,56.2,147.54,B005,South Branch 5,TEHRAN,online,0,20,Online,2024-07-18,52,40,invalid_quantity
S000771888,2025-11-11,C017744,Sara,Rostami,sara.rostami17744@example.com,9458170146.0,Tabriz,2021-06-12,P00445,Nova Desk 445,Sports,306.96,389.09,B001,Central Branch 1,Rasht,online,0,25,Online,2025-01-12,258,75,invalid_quantity
S000771923,2024-04-25,C019853,Reza,Mohammadi,reza.mohammadi19853@example.com,9991057860.0,tehran,2024-03-14,P00104,Mini Desk 104,Beauty,185.86,431.35,B001,Central Branch 1,Rasht,online,-2,0,Online,2024-06-15,236,40,invalid_quantity
S000772990,2025-01-27,C043935,Maryam,Akbari,maryam.akbari43935@example.com,9137638181.0,isfahan,2021-01-01,P00338,Pro Puzzle 338,Travel,-237.05,369.95,B040,Outlet Branch 40,tehran,online,1,15,cash,2025-12-11,381,100,invalid_unit_cost
S000773076,2024-09-15,C048975,Sara,Salehi,sara.salehi48975@example.com,9383344267.0,shiraz,2021-05-25,P00014,Max Sneakers 14,Jewelry,,661.16,B025,Bazaar Branch 25,Tehran,mobile,1,0,wallet,2024-02-03,450,50,missing_unit_cost
S000773125,2023-08-18,C017706,Omid,Mohammadi,omid.mohammadi17706@example.com,9554961617.0,Rasht,2024-03-03,P00031,Mini Coffee 31,Garden,22.73,26.89,B001,Central Branch 1,Rasht,online,0,0,cash,2023-02-11,39,10,invalid_quantity
S000773738,2025-04-25,C013125,Omid,Mohammadi,omid.mohammadi13125@example.com,9280590086.0,Rasht,2023-06-23,P00262,Pro Ball 262,Home Appliances,241.76,,B003,Bazaar Branch 3,Karaj,online,10,0,CARD,2023-11-23,123,10,missing_unit_price
S000774362,2024-01-08,C013613,Neda,Hosseini,neda.hosseini13613@example.com,9787825883.0,Tabriz,2024-08-25,P00006,Nova Puzzle 6,Toys,236.33,478.89,B034,Express Branch 34,isfahan,partner,0,25,cash,2024-04-04,289,10,invalid_quantity
S000774903,2024-09-07,C026597,Neda,Rahimi,neda.rahimi26597@example.com,9474633742.0,Shiraz,2022-03-13,P00240,Classic Mixer 240,Furniture,231.53,472.09,B009,South Branch 9,isfahan,store,5,120,wallet,2024-04-23,440,30,invalid_discount_percent
S000775126,2024-08-27,C049653,Arman,Mohammadi,arman.mohammadi49653@example.com,9318832538.0,Shiraz,2023-12-12,P00335,Prime Shirt 335,Music,134.04,309.67,B040,Outlet Branch 40,tehran,online,-4,20,wallet,2024-03-25,147,20,invalid_quantity
S000775465,2025-02-13,C014778,Neda,Moradi,neda.moradi14778@example.com,9156649946.0,Tehran,2020-12-29,P00149,Basic Puzzle 149,Grocery,279.64,-403.61,B032,Central Branch 32,shiraz,partner,1,0,card,2025-05-15,152,30,invalid_unit_price
S000775599,2025-03-20,C022181,Sara,Rahimi,sara.rahimi22181@example.com,9873572262.0,Rasht,2021-05-08,P00404,Mini Notebook 404,Beauty,396.01,526.46,B025,Bazaar Branch 25,Tehran,mobile,0,25,Online,2023-06-18,378,10,invalid_quantity
S000775877,2025-09-24,C017501,Omid,Mohammadi,omid.mohammadi17501@example.com,9815261411.0,Shiraz,2022-08-25,P00052,Smart Coffee 52,Automotive,,285.16,B012,South Branch 12,Mashhad,online,10,15,Online,2025-04-09,232,30,missing_unit_cost
S000776836,2025-06-22,C008121,Neda,Mohammadi,neda.mohammadi8121@example.com,9122893809.0,Isfahan,2024-01-05,P00365,Basic Shirt 365,Sports,259.92,432.66,B037,Bazaar Branch 37,Tehran,online,0,10,card,2025-08-24,403,40,invalid_quantity
S000776989,2025-05-16,C023578,Amir,Akbari,amir.akbari23578@example.com,9989833990.0,TEHRAN,2020-11-29,P00213,Basic Sneakers 213,Health,312.76,,B027,Express Branch 27,shiraz,store,1,0,cash,2024-04-25,369,30,missing_unit_price
S000777537,2025-01-26,C011795,Hana,Ahmadi,hana.ahmadi11795@example.com,9944150267.0,Tehran,2021-09-12,P00473,Prime Cream 473,Health,-292.84,379.75,B009,South Branch 9,isfahan,store,5,10,cash,2024-05-13,399,75,invalid_unit_cost
S000777699,2025-02-20,C045043,Amir,Mohammadi,amir.mohammadi45043@example.com,9806745765.0,Mashhad,2024-04-10,P00103,Nova Ball 103,Books,327.2,674.75,B030,Airport Branch 30,Mashhad,mobile,3,0,online,2023-05-07,37,75,duplicate_sale_id
S000778073,2025-04-11,C047394,Yasin,Hosseini,yasin.hosseini47394@example.com,9864267492.0,TEHRAN,2024-08-31,P00249,Max Sneakers 249,Grocery,309.04,808.45,B007,Central Branch 7,Qom,partner,0,0,card,2025-04-22,39,10,invalid_quantity
S000778329,2025-01-10,C027264,Omid,Rahimi,omid.rahimi27264@example.com,9406362962.0,Shiraz,2020-05-20,P00431,Smart Coffee 431,Garden,220.23,444.28,B036,Express Branch 36,TEHRAN,store,-2,5,wallet,2023-05-18,150,30,invalid_quantity
S000778678,2023-10-09,C044081,Mina,Karimi,mina.karimi44081@example.com,9276502797.0,TEHRAN,2024-04-08,P00306,Nova Headphones 306,Toys,,180.82,B021,Airport Branch 21,tehran,online,1,25,CARD,2023-11-06,82,40,missing_unit_cost
S000779310,2024-12-08,C040865,Hana,Jafari,hana.jafari40865@example.com,9238883248.0,Qom,2024-10-02,P00292,Eco Notebook 292,Automotive,98.79,275.22,B036,Express Branch 36,TEHRAN,store,0,25,card,2025-11-07,65,40,invalid_quantity
S000780240,2023-04-17,C039068,Ali,Rostami,ali.rostami39068@example.com,9167432871.0,Tehran,2023-12-09,P00016,Plus Shirt 16,Pets,201.17,,B007,Central Branch 7,Qom,partner,1,25,card,2023-09-11,361,100,missing_unit_price
S000780468,2024-08-02,C033800,Reza,Karimi,reza.karimi33800@example.com,9214901444.0,TEHRAN,2024-06-14,P00297,Nova Puzzle 297,Baby,56.24,-100.5,B018,North Branch 18,Tabriz,partner,5,15,Online,2025-02-25,273,30,invalid_unit_price
S000780547,2024-01-22,C014013,Yasin,Rahimi,yasin.rahimi14013@example.com,9742131001.0,Tehran,2022-06-09,P00482,Classic Coffee 482,Home Appliances,63.22,175.51,B008,West Branch 8,Isfahan,store,0,0,online,2024-11-23,53,100,invalid_quantity
S000780910,2024-11-08,C039306,Mina,Rahimi,mina.rahimi39306@example.com,9758775891.0,Rasht,2024-01-14,P00049,Max Notebook 49,Grocery,105.19,180.1,B017,Express Branch 17,tehran,online,2,120,CARD,2023-04-10,338,10,invalid_discount_percent
S000781479,2024-08-20,C022583,Omid,Hosseini,omid.hosseini22583@example.com,9157004229.0,isfahan,2020-10-27,P00351,Max Notebook 351,Garden,,271.92,B028,Express Branch 28,isfahan,partner,3,0,card,2023-07-26,289,10,missing_unit_cost
S000781532,2023-02-02,C042818,Amir,Ahmadi,amir.ahmadi42818@example.com,9865236289.0,Qom,2023-11-14,P00462,Basic Sneakers 462,Home Appliances,8.73,11.05,B036,Express Branch 36,TEHRAN,store,-1,5,CARD,2025-06-05,302,75,invalid_quantity
S000781784,2023-12-16,C037701,Arman,Ahmadi,arman.ahmadi37701@example.com,9444030420.0,Rasht,2021-12-26,P00291,Eco Puzzle 291,Garden,38.57,102.84,B038,East Branch 38,Tehran,mobile,0,25,Online,2025-12-29,122,40,invalid_quantity
S000782084,2023-07-25,C015906,Omid,Rahimi,omid.rahimi15906@example.com,9601883511.0,shiraz,2023-12-05,P00016,Plus Shirt 16,Pets,-201.17,553.22,B002,Mall Branch 2,Karaj,partner,3,0,CARD,2023-08-29,434,20,invalid_unit_cost
S000783021,2025-12-19,C031067,Maryam,Rahimi,maryam.rahimi31067@example.com,9720859331.0,shiraz,2020-08-25,P00407,Classic Cream 407,Clothing,191.59,535.51,B019,Bazaar Branch 19,Shiraz,mobile,0,10,cash,2024-03-27,175,100,invalid_quantity
S000783491,2024-01-02,C017972,Hana,Jafari,hana.jafari17972@example.com,9547299366.0,Qom,2022-12-10,P00226,Mini Cream 226,Toys,358.48,,B002,Mall Branch 2,Karaj,partner,6,5,Online,2025-03-20,126,20,missing_unit_price
S000784258,2024-03-12,C014016,Arman,Moradi,arman.moradi14016@example.com,9480231563.0,tehran,2023-09-09,P00171,Classic Ball 171,Garden,303.57,643.09,B009,South Branch 9,isfahan,store,0,0,card,2023-07-16,29,75,invalid_quantity
S000784280,2024-06-13,C037829,Reza,Akbari,reza.akbari37829@example.com,9585353811.0,tehran,2022-10-12,P00411,Max Desk 411,Garden,,56.32,B037,Bazaar Branch 37,Tehran,online,1,5,wallet,2023-06-11,269,10,missing_unit_cost
S000784735,2025-12-08,C049713,Mina,Karimi,mina.karimi49713@example.com,9407445440.0,TEHRAN,2023-09-10,P00332,Nova Notebook 332,Automotive,391.91,849.23,B022,Outlet Branch 22,Rasht,mobile,-3,10,card,2025-11-14,478,100,invalid_quantity
S000785471,2023-07-03,C026023,Reza,Akbari,reza.akbari26023@example.com,9682238641.0,Isfahan,2022-01-22,P00356,Basic Desk 356,Pets,157.9,-309.83,B031,North Branch 31,Tehran,store,4,0,wallet,2025-11-22,438,20,invalid_unit_price
S000785476,2025-11-08,C042885,Amir,Hosseini,amir.hosseini42885@example.com,9822495235.0,Qom,2024-02-05,P00061,Mini Sneakers 61,Electronics,249.12,360.36,B022,Outlet Branch 22,Rasht,mobile,1,0,card,2025-12-30,147,40,duplicate_sale_id
S000785495,2025-12-19,C044652,Ali,Karimi,ali.karimi44652@example.com,9394870071.0,Mashhad,2021-08-08,P00471,Max Puzzle 471,Garden,150.94,415.48,B038,East Branch 38,Tehran,mobile,0,10,online,2023-02-28,98,50,invalid_quantity
S000786631,2025-04-27,C021726,Leila,Mohammadi,leila.mohammadi21726@example.com,9361698627.0,Isfahan,2023-12-10,P00447,Prime Puzzle 447,Clothing,-292.42,402.58,B035,Mall Branch 35,isfahan,mobile,3,20,Online,2024-12-22,310,100,invalid_unit_cost
S000786732,2025-09-12,C031264,Reza,Moradi,reza.moradi31264@example.com,9937932050.0,TEHRAN,2020-03-13,P00379,Mini Ball 379,Gaming,125.96,236.03,B009,South Branch 9,isfahan,store,0,0,CARD,2024-01-29,488,20,invalid_quantity
S000786742,2024-10-04,C007596,Amir,Karimi,amir.karimi7596@example.com,9730751558.0,Isfahan,2024-10-03,P00067,Basic Cream 67,Clothing,154.08,,B001,Central Branch 1,Rasht,online,3,20,cash,2024-02-23,373,40,missing_unit_price
S000786917,2024-02-04,C035818,Sara,Salehi,sara.salehi35818@example.com,9936855479.0,Tehran,2022-04-02,P00493,Smart Ball 493,Health,196.16,387.38,B037,Bazaar Branch 37,Tehran,online,4,120,CARD,2024-10-10,313,100,invalid_discount_percent
S000787081,2024-02-09,C043865,Hana,Rahimi,hana.rahimi43865@example.com,9285799447.0,Qom,2023-02-02,P00088,Pro Mixer 88,Shoes,,741.36,B012,South Branch 12,Mashhad,online,3,25,CARD,2024-11-12,344,75,missing_unit_cost
S000787938,2023-01-19,C023324,Yasin,Jafari,yasin.jafari23324@example.com,9918983930.0,Isfahan,2020-02-22,P00316,Basic Shirt 316,Pets,202.33,497.7,B007,Central Branch 7,Qom,partner,-4,5,wallet,2025-08-29,236,50,invalid_quantity
S000787969,2025-07-07,C034327,Arman,Karimi,arman.karimi34327@example.com,9475660659.0,tehran,2020-03-14,P00356,Basic Desk 356,Pets,157.9,309.83,B038,East Branch 38,Tehran,mobile,0,0,cash,2024-04-13,124,75,invalid_quantity
S000789206,2024-09-09,C035700,Sara,Mohammadi,sara.mohammadi35700@example.com,9972790415.0,Shiraz,2023-08-22,P00129,Max Sneakers 129,Grocery,52.81,102.47,B015,Outlet Branch 15,Isfahan,partner,0,0,cash,2024-07-07,496,30,invalid_quantity
S000789882,2023-09-14,C026592,Omid,Akbari,omid.akbari26592@example.com,9161458026.0,Tabriz,2020-06-16,P00086,Plus Cream 86,Toys,,808.57,B040,Outlet Branch 40,tehran,online,3,25,online,2025-05-18,38,75,missing_unit_cost
S000789993,2024-10-02,C026769,Omid,Jafari,omid.jafari26769@example.com,9796440343.0,Karaj,2022-04-28,P00373,Pro Puzzle 373,Health,394.19,,B010,Central Branch 10,Rasht,mobile,2,0,wallet,2024-04-22,201,50,missing_unit_price
S000790443,2023-11-28,C034548,Ali,Moradi,ali.moradi34548@example.com,9596220126.0,Tehran,2020-04-01,P00352,Nova Desk 352,Automotive,256.47,527.87,B011,Central Branch 11,TEHRAN,partner,0,10,online,2023-11-30,294,20,invalid_quantity
S000790474,2023-12-26,C034360,Omid,Salehi,omid.salehi34360@example.com,9769967083.0,tehran,2020-11-17,P00047,Eco Desk 47,Clothing,96.95,-241.24,B031,North Branch 31,Tehran,store,3,25,CARD,2023-01-29,25,75,invalid_unit_price
S000791141,2025-03-15,C018840,Arman,Jafari,arman.jafari18840@example.com,9415066967.0,Rasht,2024-05-06,P00335,Prime Shirt 335,Music,134.04,309.67,B006,North Branch 6,tehran,online,-1,0,cash,2023-12-05,435,30,invalid_quantity
S000791178,2025-04-15,C041347,Yasin,Rahimi,yasin.rahimi41347@example.com,9432131527.0,shiraz,2023-07-17,P00083,Classic Shirt 83,Books,-199.94,538.69,B020,North Branch 20,Shiraz,online,2,5,Online,2025-10-31,274,20,invalid_unit_cost
S000791680,2025-09-07,C026951,Arman,Moradi,arman.moradi26951@example.com,9471498250.0,Rasht,2020-06-16,P00390,Eco Cream 390,Office,145.86,323.51,B004,Bazaar Branch 4,Rasht,partner,0,0,online,2024-08-07,300,30,invalid_quantity
S000792683,2023-06-23,C024607,Sara,Rahimi,sara.rahimi24607@example.com,9233487814.0,Mashhad,2021-09-22,P00345,Pro Notebook 345,Sports,,887.44,B018,North Branch 18,Tabriz,partner,6,15,Online,2024-12-23,187,20,missing_unit_cost
S000792917,2025-05-23,C046763,Mina,Rostami,mina.rostami46763@example.com,9514467471.0,Shiraz,2023-04-10,P00159,Max Notebook 159,Gaming,385.34,468.39,B036,Express Branch 36,TEHRAN,store,0,15,Online,2025-11-06,303,50,invalid_quantity
S000792924,2024-02-14,C046693,Hana,Moradi,hana.moradi46693@example.com,9412044362.0,isfahan,2024-08-24,P00147,Prime Puzzle 147,Clothing,333.65,444.33,B009,South Branch 9,isfahan,store,1,120,card,2024-03-30,226,30,invalid_discount_percent
S000793244,2023-07-09,C045277,Amir,Hosseini,amir.hosseini45277@example.com,9149060938.0,TEHRAN,2021-04-20,P00045,Smart Shirt 45,Sports,146.42,,B037,Bazaar Branch 37,Tehran,online,1,0,cash,2024-03-28,300,40,missing_unit_price
S000793253,2025-09-17,C028558,Mina,Mohammadi,mina.mohammadi28558@example.com,9467193179.0,Mashhad,2021-06-02,P00422,Prime Desk 422,Home Appliances,179.61,346.09,B015,Outlet Branch 15,Isfahan,partner,1,10,Online,2025-09-07,425,75,duplicate_sale_id
S000794154,2023-09-10,C020861,Hana,Ahmadi,hana.ahmadi20861@example.com,9766666111.0,TEHRAN,2022-10-15,P00155,Plus Cream 155,Music,252.23,303.31,B029,North Branch 29,TEHRAN,mobile,0,15,online,2025-11-21,217,40,invalid_quantity
S000794344,2025-05-12,C021437,Sara,Rostami,sara.rostami21437@example.com,9397299946.0,Isfahan,2021-10-15,P00441,Basic Desk 441,Electronics,185.32,482.87,B010,Central Branch 10,Rasht,mobile,-5,15,cash,2024-05-27,435,10,invalid_quantity
S000795391,2023-01-22,C019064,Ali,Ahmadi,ali.ahmadi19064@example.com,9200437114.0,Tehran,2024-09-30,P00380,Pro Notebook 380,Furniture,132.42,291.35,B022,Outlet Branch 22,Rasht,mobile,0,0,Online,2023-07-08,256,40,invalid_quantity
S000795477,2025-09-30,C041168,Neda,Mohammadi,neda.mohammadi41168@example.com,9937592079.0,Qom,2024-08-22,P00386,Basic Desk 386,Toys,359.72,-470.14,B009,South Branch 9,isfahan,store,1,0,cash,2024-02-28,289,50,invalid_unit_price
S000795484,2025-10-07,C048557,Mina,Akbari,mina.akbari48557@example.com,9379089976.0,shiraz,2022-08-19,P00030,Basic Puzzle 30,Office,,240.91,B005,South Branch 5,TEHRAN,online,3,20,CARD,2025-01-28,210,40,missing_unit_cost
S000795725,2023-09-29,C047071,Yasin,Jafari,yasin.jafari47071@example.com,9636210471.0,Tehran,2024-03-22,P00152,Basic Desk 152,Automotive,-330.94,403.55,B016,North Branch 16,Rasht,online,3,5,CARD,2024-05-13,96,10,invalid_unit_cost
S000796495,2024-06-22,C011468,Amir,Rostami,amir.rostami11468@example.com,9894866111.0,Tehran,2021-01-28,P00050,Smart Notebook 50,Office,230.15,,B037,Bazaar Branch 37,Tehran,online,2,25,online,2025-05-30,176,40,missing_unit_price
S000796628,2024-12-20,C037023,Arman,Mohammadi,arman.mohammadi37023@example.com,9667242652.0,isfahan,2022-02-03,P00047,Eco Desk 47,Clothing,96.95,241.24,B036,Express Branch 36,TEHRAN,store,0,0,wallet,2023-08-01,76,40,invalid_quantity
S000797547,2024-11-01,C004594,Arman,Mohammadi,arman.mohammadi4594@example.com,9336771632.0,Qom,2021-07-27,P00124,Plus Coffee 124,Beauty,200.91,367.89,B024,Outlet Branch 24,TEHRAN,store,-5,0,CARD,2025-04-01,94,20,invalid_quantity
S000797865,2024-12-19,C000312,Hana,Rahimi,hana.rahimi312@example.com,9957397689.0,TEHRAN,2020-08-13,P00090,Basic Shirt 90,Office,18.52,40.15,B009,South Branch 9,isfahan,store,0,0,wallet,2024-09-28,424,50,invalid_quantity
S000798285,2024-11-29,C003496,Reza,Karimi,reza.karimi3496@example.com,9170393950.0,isfahan,2023-10-10,P00058,Classic Headphones 58,Travel,,162.67,B022,Outlet Branch 22,Rasht,mobile,3,0,cash,2023-06-20,282,10,missing_unit_cost
S000798931,2025-04-21,C026321,Hana,Rahimi,hana.rahimi26321@example.com,9163130713.0,Shiraz,2024-03-16,P00008,Pro Desk 8,Shoes,240.22,589.41,B001,Central Branch 1,Rasht,online,8,120,Online,2023-07-20,186,20,invalid_discount_percent
S000799102,2025-12-06,C038467,Neda,Hosseini,neda.hosseini38467@example.com,9123073020.0,Tehran,2024-03-31,P00217,Max Sneakers 217,Baby,105.85,160.48,B021,Airport Branch 21,tehran,online,0,10,Online,2024-11-01,433,40,invalid_quantity
S000799746,2024-05-08,C014024,Arman,Akbari,arman.akbari14024@example.com,9889706182.0,Mashhad,2023-12-18,P00450,Smart Headphones 450,Office,72.78,,B012,South Branch 12,Mashhad,online,1,0,CARD,2023-01-02,145,10,missing_unit_price
S000800272,2025-09-17,C029237,Yasin,Ahmadi,yasin.ahmadi29237@example.com,9261601625.0,Rasht,2020-10-11,P00075,Mini Shirt 75,Music,-268.13,639.04,B007,Central Branch 7,Qom,partner,3,15,CARD,2025-04-14,333,75,invalid_unit_cost
S000800339,2024-04-17,C032348,Maryam,Jafari,maryam.jafari32348@example.com,9342931660.0,Rasht,2021-03-18,P00423,Basic Coffee 423,Books,277.51,435.42,B019,Bazaar Branch 19,Shiraz,mobile,0,10,Online,2024-03-07,438,100,invalid_quantity
S000800480,2025-10-28,C028449,Omid,Jafari,omid.jafari28449@example.com,9353111205.0,Rasht,2024-10-22,P00249,Max Sneakers 249,Grocery,309.04,-808.45,B033,South Branch 33,isfahan,online,5,5,card,2025-07-14,95,10,invalid_unit_price
S000800750,2024-03-05,C017614,Omid,Hosseini,omid.hosseini17614@example.com,9565332917.0,isfahan,2021-11-23,P00492,Eco Sneakers 492,Automotive,247.47,496.34,B021,Airport Branch 21,tehran,online,-3,0,card,2024-04-15,377,75,invalid_quantity
S000801030,2025-11-13,C003095,Reza,Rostami,reza.rostami3095@example.com,9596846400.0,Tehran,2022-06-19,P00383,Basic Ball 383,Books,246.85,639.81,B025,Bazaar Branch 25,Tehran,mobile,2,5,Online,2024-09-19,448,20,duplicate_sale_id
S000801086,2024-11-13,C028078,Reza,Akbari,reza.akbari28078@example.com,9356287745.0,Mashhad,2023-05-30,P00189,Basic Notebook 189,Grocery,,410.24,B040,Outlet Branch 40,tehran,online,8,5,online,2023-11-16,135,10,missing_unit_cost
S000801576,2024-08-22,C048703,Yasin,Karimi,yasin.karimi48703@example.com,9670608896.0,Isfahan,2020-10-23,P00426,Basic Mixer 426,Toys,288.91,561.11,B040,Outlet Branch 40,tehran,online,0,0,wallet,2023-01-30,444,50,invalid_quantity
S000802813,2024-01-01,C040106,Arman,Akbari,arman.akbari40106@example.com,9123234138.0,Mashhad,2021-03-26,P00405,Prime Coffee 405,Sports,382.05,772.23,B028,Express Branch 28,isfahan,partner,0,25,CARD,2023-11-14,233,30,invalid_quantity
S000802997,2024-09-04,C013269,Arman,Akbari,arman.akbari13269@example.com,9674203426.0,Isfahan,2020-08-21,P00222,Pro Coffee 222,Home Appliances,222.49,,B028,Express Branch 28,isfahan,partner,3,10,card,2025-07-20,180,75,missing_unit_price
S000803887,2023-04-25,C041622,Ali,Hosseini,ali.hosseini41622@example.com,9431450301.0,Rasht,2024-05-07,P00171,Classic Ball 171,Garden,,643.09,B003,Bazaar Branch 3,Karaj,online,5,25,CARD,2023-06-29,160,30,missing_unit_cost
S000803953,2025-08-25,C036639,Hana,Akbari,hana.akbari36639@example.com,9417829363.0,Mashhad,2021-12-12,P00490,Classic Sneakers 490,Office,201.05,322.63,B006,North Branch 6,tehran,online,-3,15,online,2025-08-07,98,30,invalid_quantity
S000804050,2023-11-02,C000569,Maryam,Moradi,maryam.moradi569@example.com,9288436227.0,Karaj,2024-10-19,P00274,Nova Coffee 274,Jewelry,171.31,215.79,B002,Mall Branch 2,Karaj,partner,0,20,online,2024-12-20,445,50,invalid_quantity
S000804819,2023-03-21,C046267,Mina,Akbari,mina.akbari46267@example.com,9956567501.0,Mashhad,2021-12-21,P00092,Eco Notebook 92,Automotive,-132.73,337.15,B003,Bazaar Branch 3,Karaj,online,2,0,wallet,2024-10-16,77,50,invalid_unit_cost
S000804938,2023-10-29,C027735,Amir,Akbari,amir.akbari27735@example.com,9771500977.0,Isfahan,2024-07-10,P00204,Prime Sneakers 204,Beauty,184.44,355.83,B007,Central Branch 7,Qom,partner,5,120,cash,2023-10-05,83,30,invalid_discount_percent
S000805287,2025-12-01,C038065,Leila,Jafari,leila.jafari38065@example.com,9504917194.0,Tehran,2024-04-04,P00069,Eco Ball 69,Grocery,41.97,62.04,B021,Airport Branch 21,tehran,online,0,10,wallet,2025-08-30,243,30,invalid_quantity
S000805483,2025-12-12,C039170,Neda,Akbari,neda.akbari39170@example.com,9678347356.0,tehran,2021-12-03,P00004,Mini Desk 4,Beauty,211.74,-535.86,B014,Bazaar Branch 14,shiraz,mobile,3,0,online,2025-12-05,57,20,invalid_unit_price
S000806248,2023-02-28,C004044,Leila,Akbari,leila.akbari4044@example.com,9801907516.0,Rasht,2020-04-09,P00467,Nova Headphones 467,Clothing,191.58,,B004,Bazaar Branch 4,Rasht,partner,3,0,wallet,2023-07-05,271,40,missing_unit_price
S000806524,2025-06-18,C047640,Hana,Mohammadi,hana.mohammadi47640@example.com,9404146457.0,TEHRAN,2020-06-01,P00047,Eco Desk 47,Clothing,96.95,241.24,B011,Central Branch 11,TEHRAN,partner,0,25,card,2024-08-11,393,10,invalid_quantity
S000806688,2024-10-08,C031548,Hana,Moradi,hana.moradi31548@example.com,9723999959.0,Qom,2022-10-05,P00001,Mini Desk 1,Electronics,,160.11,B015,Outlet Branch 15,Isfahan,partner,2,25,cash,2025-04-29,455,50,missing_unit_cost
S000807156,2024-11-11,C042860,Ali,Rahimi,ali.rahimi42860@example.com,9712308154.0,tehran,2023-08-13,P00459,Classic Sneakers 459,Gaming,36.87,67.96,B019,Bazaar Branch 19,Shiraz,mobile,-4,0,CARD,2024-05-16,213,40,invalid_quantity
S000807761,2023-07-11,C013547,Mina,Moradi,mina.moradi13547@example.com,9773149346.0,Isfahan,2020-10-14,P00138,Classic Ball 138,Travel,388.44,982.53,B014,Bazaar Branch 14,shiraz,mobile,0,0,cash,2023-06-09,317,50,invalid_quantity
S000808807,2025-07-25,C018011,Amir,Moradi,amir.moradi18011@example.com,9899928199.0,shiraz,2020-02-11,P00287,Nova Shirt 287,Clothing,104.62,257.48,B024,Outlet Branch 24,TEHRAN,store,4,10,wallet,2023-07-13,107,50,duplicate_sale_id
S000808998,2024-07-28,C011731,Leila,Salehi,leila.salehi11731@example.com,9868916314.0,TEHRAN,2024-04-01,P00406,Nova Headphones 406,Toys,307.89,791.41,B011,Central Branch 11,TEHRAN,partner,0,15,Online,2025-05-20,211,20,invalid_quantity
S000809366,2025-03-18,C015208,Leila,Rostami,leila.rostami15208@example.com,9816849123.0,Rasht,2024-05-22,P00099,Plus Puzzle 99,Gaming,-26.79,45.95,B023,Bazaar Branch 23,Rasht,mobile,1,10,cash,2025-08-16,263,30,invalid_unit_cost
S000809489,2023-06-01,C045752,Omid,Jafari,omid.jafari45752@example.com,9879776453.0,Qom,2021-11-18,P00341,Prime Ball 341,Electronics,,321.24,B037,Bazaar Branch 37,Tehran,online,3,0,cash,2025-10-30,461,20,missing_unit_cost
S000809499,2024-04-23,C046301,Maryam,Salehi,maryam.salehi46301@example.com,9701950572.0,isfahan,2020-03-14,P00081,Eco Coffee 81,Electronics,267.58,,B022,Outlet Branch 22,Rasht,mobile,5,5,online,2023-02-17,355,100,missing_unit_price
S000810235,2025-10-31,C021233,Omid,Jafari,omid.jafari21233@example.com,9365922120.0,Mashhad,2022-07-03,P00419,Prime Cream 419,Gaming,154.82,206.51,B022,Outlet Branch 22,Rasht,mobile,0,25,CARD,2024-03-08,359,100,invalid_quantity
S000810359,2025-03-15,C014081,Neda,Ahmadi,neda.ahmadi14081@example.com,9368437858.0,Shiraz,2020-06-17,P00324,Pro Ball 324,Beauty,265.69,392.33,B013,Outlet Branch 13,Mashhad,mobile,-3,15,CARD,2025-06-28,463,50,invalid_quantity
S000810486,2025-06-25,C045129,Amir,Rahimi,amir.rahimi45129@example.com,9956429839.0,shiraz,2023-10-13,P00151,Prime Coffee 151,Garden,396.9,-465.8,B028,Express Branch 28,isfahan,partner,10,25,CARD,2025-06-13,423,10,invalid_unit_price
S000810945,2025-06-28,C023876,Leila,Hosseini,leila.hosseini23876@example.com,9765757564.0,Tehran,2021-05-27,P00440,Basic Shirt 440,Furniture,254.49,698.9,B009,South Branch 9,isfahan,store,2,120,card,2025-04-13,388,20,invalid_discount_percent
S000811472,2025-04-15,C032805,Leila,Rahimi,leila.rahimi32805@example.com,9928445164.0,Shiraz,2023-09-23,P00413,Plus Shirt 413,Health,344.24,526.41,B003,Bazaar Branch 3,Karaj,online,0,0,card,2025-11-10,390,100,invalid_quantity
S000812290,2024-03-04,C026808,Sara,Rahimi,sara.rahimi26808@example.com,9936083250.0,TEHRAN,2024-02-20,P00439,Classic Puzzle 439,Gaming,,763.39,B035,Mall Branch 35,isfahan,mobile,4,5,card,2025-06-15,417,10,missing_unit_cost
S000812709,2025-12-02,C031025,Reza,Jafari,reza.jafari31025@example.com,9371241187.0,Isfahan,2022-02-13,P00361,Classic Sneakers 361,Electronics,273.95,375.35,B014,Bazaar Branch 14,shiraz,mobile,0,10,online,2023-04-15,450,100,invalid_quantity
S000812750,2023-09-05,C015633,Reza,Jafari,reza.jafari15633@example.com,9449225671.0,Qom,2023-04-04,P00132,Basic Ball 132,Automotive,44.07,,B005,South Branch 5,TEHRAN,online,8,25,card,2023-03-08,108,75,missing_unit_price
S000813562,2023-12-04,C016179,Hana,Hosseini,hana.hosseini16179@example.com,9100129164.0,Tehran,2020-02-10,P00476,Plus Puzzle 476,Pets,358.21,718.34,B028,Express Branch 28,isfahan,partner,-1,20,Online,2023-06-18,142,10,invalid_quantity
S000813913,2024-10-18,C007470,Yasin,Karimi,yasin.karimi7470@example.com,9446465628.0,Tabriz,2024-12-03,P00347,Classic Cream 347,Clothing,-60.65,93.42,B040,Outlet Branch 40,tehran,online,2,0,card,2024-03-10,262,10,invalid_unit_cost
S000813946,2025-10-27,C003782,Ali,Akbari,ali.akbari3782@example.com,9923334686.0,Shiraz,2024-04-22,P00123,Pro Mixer 123,Books,125.88,338.14,B008,West Branch 8,Isfahan,store,0,0,card,2025-09-25,139,75,invalid_quantity
S000815091,2024-10-24,C015172,Ali,Rahimi,ali.rahimi15172@example.com,9419777781.0,shiraz,2020-05-30,P00272,Smart Coffee 272,Automotive,,320.35,B029,North Branch 29,TEHRAN,mobile,5,20,CARD,2023-12-12,349,75,missing_unit_cost
S000815183,2024-08-02,C029544,Reza,Hosseini,reza.hosseini29544@example.com,9421174568.0,Shiraz,2020-05-04,P00348,Basic Mixer 348,Shoes,134.84,361.1,B007,Central Branch 7,Qom,partner,0,10,CARD,2025-01-02,56,50,invalid_quantity
S000815489,2025-09-05,C026788,Ali,Hosseini,ali.hosseini26788@example.com,9561979901.0,Tehran,2022-09-02,P00293,Plus Sneakers 293,Health,336.86,-704.05,B007,Central Branch 7,Qom,partner,2,15,online,2023-03-13,287,100,invalid_unit_price
S000816001,2025-09-06,C021038,Mina,Salehi,mina.salehi21038@example.com,9504398711.0,shiraz,2021-09-09,P00469,Prime Desk 469,Grocery,73.29,,B031,North Branch 31,Tehran,store,3,5,cash,2023-12-19,90,40,missing_unit_price
S000816420,2024-06-28,C039085,Maryam,Ahmadi,maryam.ahmadi39085@example.com,9257740792.0,tehran,2021-10-02,P00171,Classic Ball 171,Garden,303.57,643.09,B007,Central Branch 7,Qom,partner,0,25,Online,2023-06-24,464,50,invalid_quantity
S000816584,2024-07-08,C047681,Sara,Karimi,sara.karimi47681@example.com,9725046645.0,Isfahan,2020-03-15,P00370,Max Puzzle 370,Office,394.39,608.3,B022,Outlet Branch 22,Rasht,mobile,3,20,online,2023-06-06,283,30,duplicate_sale_id
S000816765,2023-07-02,C037219,Amir,Rostami,amir.rostami37219@example.com,9176844638.0,Rasht,2020-04-20,P00435,Plus Mixer 435,Music,312.34,794.47,B013,Outlet Branch 13,Mashhad,mobile,-3,15,wallet,2024-12-28,315,100,invalid_quantity
S000816952,2025-04-13,C040355,Mina,Mohammadi,mina.mohammadi40355@example.com,9157434459.0,isfahan,2021-12-05,P00104,Mini Desk 104,Beauty,185.86,431.35,B038,East Branch 38,Tehran,mobile,2,120,cash,2024-04-18,272,30,invalid_discount_percent
S000817657,2025-07-17,C035166,Neda,Moradi,neda.moradi35166@example.com,9901280716.0,TEHRAN,2021-03-31,P00071,Classic Sneakers 71,Garden,280.34,477.06,B002,Mall Branch 2,Karaj,partner,0,0,cash,2023-12-11,361,75,invalid_quantity
S000817892,2025-06-04,C026408,Leila,Rahimi,leila.rahimi26408@example.com,9294503412.0,shiraz,2023-02-26,P00449,Mini Cream 449,Grocery,,173.91,B005,South Branch 5,TEHRAN,online,5,15,Online,2023-03-11,57,40,missing_unit_cost
S000818460,2025-02-24,C022786,Mina,Rahimi,mina.rahimi22786@example.com,9335393359.0,Tehran,2020-07-20,P00472,Pro Desk 472,Automotive,-74.87,99.86,B038,East Branch 38,Tehran,mobile,3,0,Online,2025-09-09,199,50,invalid_unit_cost
S000818894,2025-03-09,C013427,Hana,Karimi,hana.karimi13427@example.com,9496952528.0,Tabriz,2021-02-05,P00433,Prime Notebook 433,Health,187.76,358.31,B025,Bazaar Branch 25,Tehran,mobile,0,10,cash,2025-06-30,262,30,invalid_quantity
S000819252,2024-07-07,C040190,Yasin,Akbari,yasin.akbari40190@example.com,9846849959.0,Karaj,2024-04-27,P00401,Classic Puzzle 401,Electronics,154.81,,B011,Central Branch 11,TEHRAN,partner,3,0,CARD,2024-02-13,19,100,missing_unit_price
S000819968,2024-10-09,C010405,Yasin,Rahimi,yasin.rahimi10405@example.com,9883577361.0,Qom,2023-01-01,P00466,Classic Mixer 466,Toys,194.76,453.54,B036,Express Branch 36,TEHRAN,store,-4,20,card,2024-04-26,140,100,invalid_quantity
S000820131,2024-09-28,C027335,Sara,Ahmadi,sara.ahmadi27335@example.com,9322505278.0,Isfahan,2023-07-12,P00062,Prime Sneakers 62,Home Appliances,358.63,458.16,B016,North Branch 16,Rasht,online,0,10,Online,2025-12-02,14,75,invalid_quantity
S000820492,2025-12-15,C004549,Yasin,Karimi,yasin.karimi4549@example.com,9116936434.0,Rasht,2022-07-16,P00302,Nova Shirt 302,Home Appliances,179.53,-245.27,B014,Bazaar Branch 14,shiraz,mobile,6,15,CARD,2025-02-06,438,40,invalid_unit_price
S000820693,2024-04-02,C021881,Maryam,Moradi,maryam.moradi21881@example.com,9990446466.0,Rasht,2023-06-28,P00455,Nova Ball 455,Music,,60.04,B006,North Branch 6,tehran,online,6,25,Online,2025-11-29,404,20,missing_unit_cost
S000821368,2023-03-13,C019304,Reza,Ahmadi,reza.ahmadi19304@example.com,9765237337.0,isfahan,2023-06-13,P00053,Max Ball 53,Health,288.74,434.09,B036,Express Branch 36,TEHRAN,store,0,20,Online,2025-03-11,124,20,invalid_quantity
S000822503,2023-06-21,C046928,Maryam,Jafari,maryam.jafari46928@example.com,9554530701.0,Mashhad,2021-07-26,P00233,Classic Sneakers 233,Health,288.51,,B036,Express Branch 36,TEHRAN,store,1,5,wallet,2025-06-28,16,20,missing_unit_price
S000822605,2024-09-21,C004470,Ali,Rahimi,ali.rahimi4470@example.com,9771709698.0,Rasht,2021-06-13,P00048,Eco Mixer 48,Shoes,350.81,713.98,B007,Central Branch 7,Qom,partner,0,10,CARD,2025-11-10,1,50,invalid_quantity
S000822959,2025-12-02,C026365,Arman,Jafari,arman.jafari26365@example.com,9613452299.0,Tehran,2020-08-03,P00304,Max Headphones 304,Beauty,16.34,31.81,B032,Central Branch 32,shiraz,partner,2,120,cash,2023-03-12,103,50,invalid_discount_percent
S000823007,2023-09-23,C038349,Yasin,Rostami,yasin.rostami38349@example.com,9418310767.0,Karaj,2024-12-04,P00097,Eco Desk 97,Baby,-35.63,77.14,B025,Bazaar Branch 25,Tehran,mobile,4,20,card,2025-03-26,289,20,invalid_unit_cost
S000823171,2024-12-09,C049094,Neda,Ahmadi,neda.ahmadi49094@example.com,9188364785.0,Tehran,2023-03-01,P00067,Basic Cream 67,Clothing,154.08,200.69,B030,Airport Branch 30,Mashhad,mobile,-1,5,Online,2024-10-05,463,30,invalid_quantity
S000823494,2024-12-19,C028567,Sara,Moradi,sara.moradi28567@example.com,9336456307.0,Karaj,2022-07-18,P00378,Max Ball 378,Travel,,122.48,B006,North Branch 6,tehran,online,3,0,card,2025-07-23,153,100,missing_unit_cost
S000823842,2023-08-13,C020051,Amir,Rostami,amir.rostami20051@example.com,9976842049.0,tehran,2023-10-25,P00488,Basic Shirt 488,Shoes,28.99,52.72,B036,Express Branch 36,TEHRAN,store,0,15,wallet,2025-12-04,106,40,invalid_quantity
S000824361,2024-09-20,C024937,Neda,Mohammadi,neda.mohammadi24937@example.com,9221249612.0,Karaj,2022-06-13,P00337,Nova Sneakers 337,Baby,266.29,458.7,B035,Mall Branch 35,isfahan,mobile,1,0,cash,2023-08-26,217,50,duplicate_sale_id
S000825079,2025-11-01,C003040,Sara,Salehi,sara.salehi3040@example.com,9605709532.0,shiraz,2023-08-30,P00481,Pro Desk 481,Electronics,333.13,838.02,B038,East Branch 38,Tehran,mobile,0,20,cash,2023-11-11,472,50,invalid_quantity
S000825495,2023-12-10,C036274,Mina,Jafari,mina.jafari36274@example.com,9160245625.0,tehran,2023-09-12,P00312,Nova Mixer 312,Automotive,76.28,-208.66,B030,Airport Branch 30,Mashhad,mobile,1,5,Online,2023-04-16,421,40,invalid_unit_price
S000825754,2023-07-19,C020895,Omid,Jafari,omid.jafari20895@example.com,9654137583.0,Isfahan,2024-04-02,P00348,Basic Mixer 348,Shoes,134.84,,B004,Bazaar Branch 4,Rasht,partner,1,0,CARD,2023-02-19,307,20,missing_unit_price
S000826295,2024-03-11,C015571,Arman,Ahmadi,arman.ahmadi15571@example.com,9211165934.0,Rasht,2022-05-28,P00150,Smart Ball 150,Office,,480.8,B032,Central Branch 32,shiraz,partner,2,0,card,2023-04-19,94,75,missing_unit_cost
S000826316,2024-12-27,C010273,Amir,Hosseini,amir.hosseini10273@example.com,9457655625.0,Shiraz,2022-11-04,P00290,Nova Mixer 290,Office,160.58,216.38,B034,Express Branch 34,isfahan,partner,0,10,online,2023-12-19,165,40,invalid_quantity
S000826374,2024-11-25,C016626,Neda,Rahimi,neda.rahimi16626@example.com,9406507559.0,Mashhad,2022-08-17,P00405,Prime Coffee 405,Sports,382.05,772.23,B039,Mall Branch 39,Shiraz,online,-5,15,wallet,2024-05-04,269,10,invalid_quantity
S000827553,2024-10-11,C024753,Amir,Rostami,amir.rostami24753@example.com,9702386337.0,isfahan,2020-11-28,P00398,Plus Cream 398,Travel,94.68,206.26,B018,North Branch 18,Tabriz,partner,0,20,wallet,2025-01-18,206,100,invalid_quantity
S000827554,2023-01-13,C027523,Arman,Rahimi,arman.rahimi27523@example.com,9366072203.0,isfahan,2020-11-10,P00401,Classic Puzzle 401,Electronics,-154.81,387.8,B019,Bazaar Branch 19,Shiraz,mobile,2,0,online,2023-06-06,167,10,invalid_unit_cost
S000828790,2025-12-09,C018789,Reza,Salehi,reza.salehi18789@example.com,9569573358.0,Shiraz,2021-12-30,P00284,Prime Coffee 284,Beauty,21.3,39.57,B015,Outlet Branch 15,Isfahan,partner,0,15,Online,2024-07-25,426,10,invalid_quantity
S000828966,2025-04-17,C037973,Ali,Karimi,ali.karimi37973@example.com,9172062056.0,shiraz,2020-06-10,P00045,Smart Shirt 45,Sports,146.42,217.91,B002,Mall Branch 2,Karaj,partner,1,120,CARD,2023-11-25,34,100,invalid_discount_percent
S000829005,2023-11-29,C038208,Amir,Akbari,amir.akbari38208@example.com,9672619340.0,Shiraz,2024-05-04,P00034,Basic Coffee 34,Jewelry,219.46,,B021,Airport Branch 21,tehran,online,2,5,online,2025-10-10,496,100,missing_unit_price
S000829096,2024-04-17,C015373,Omid,Rostami,omid.rostami15373@example.com,9368009933.0,Shiraz,2024-09-18,P00003,Smart Desk 3,Books,,415.03,B015,Outlet Branch 15,Isfahan,partner,1,10,Online,2023-10-15,357,40,missing_unit_cost
S000829577,2023-08-10,C034274,Leila,Hosseini,leila.hosseini34274@example.com,9605996871.0,Karaj,2020-12-16,P00356,Basic Desk 356,Pets,157.9,309.83,B032,Central Branch 32,shiraz,partner,-5,0,wallet,2025-08-09,158,100,invalid_quantity
S000830027,2023-08-07,C040917,Leila,Hosseini,leila.hosseini40917@example.com,9826399204.0,Isfahan,2023-08-26,P00196,Basic Sneakers 196,Pets,123.58,287.37,B025,Bazaar Branch 25,Tehran,mobile,0,20,CARD,2025-02-04,297,10,invalid_quantity
S000830498,2025-12-24,C040799,Omid,Salehi,omid.salehi40799@example.com,9180392086.0,Isfahan,2022-12-01,P00075,Mini Shirt 75,Music,268.13,-639.04,B026,Central Branch 26,Mashhad,partner,2,10,wallet,2023-01-26,241,10,invalid_unit_price
S000831264,2024-07-09,C031530,Sara,Salehi,sara.salehi31530@example.com,9266062589.0,Rasht,2024-03-23,P00198,Smart Puzzle 198,Travel,345.04,899.9,B011,Central Branch 11,TEHRAN,partner,0,25,online,2025-03-05,68,20,invalid_quantity
S000831897,2023-06-09,C034911,Yasin,Hosseini,yasin.hosseini34911@example.com,9866460626.0,Qom,2021-03-13,P00261,Smart Desk 261,Electronics,,315.09,B019,Bazaar Branch 19,Shiraz,mobile,5,0,online,2024-04-11,185,100,missing_unit_cost
S000832101,2025-12-18,C043383,Mina,Mohammadi,mina.mohammadi43383@example.com,9912990443.0,tehran,2024-08-07,P00290,Nova Mixer 290,Office,-160.58,216.38,B017,Express Branch 17,tehran,online,4,10,online,2025-06-25,479,100,invalid_unit_cost
S000832138,2025-11-18,C005159,Ali,Mohammadi,ali.mohammadi5159@example.com,9860528097.0,Rasht,2023-04-23,P00216,Eco Shirt 216,Pets,260.19,440.09,B026,Central Branch 26,Mashhad,partner,3,20,card,2023-01-30,328,30,duplicate_sale_id
S000832256,2024-07-09,C026591,Neda,Moradi,neda.moradi26591@example.com,9195081203.0,TEHRAN,2020-11-29,P00372,Plus Ball 372,Automotive,140.76,,B040,Outlet Branch 40,tehran,online,2,10,card,2023-01-13,175,40,missing_unit_price
S000832501,2024-08-13,C014152,Maryam,Mohammadi,maryam.mohammadi14152@example.com,9271872864.0,TEHRAN,2023-03-25,P00034,Basic Coffee 34,Jewelry,219.46,377.08,B023,Bazaar Branch 23,Rasht,mobile,0,25,card,2024-11-02,260,20,invalid_quantity
S000832780,2023-11-05,C038941,Amir,Salehi,amir.salehi38941@example.com,9349362859.0,Tehran,2023-10-04,P00162,Nova Coffee 162,Home Appliances,208.87,309.83,B010,Central Branch 10,Rasht,mobile,-2,0,CARD,2025-09-05,38,20,invalid_quantity
S000833738,2024-05-13,C008760,Reza,Mohammadi,reza.mohammadi8760@example.com,9424792667.0,isfahan,2020-01-17,P00249,Max Sneakers 249,Grocery,309.04,808.45,B018,North Branch 18,Tabriz,partner,0,25,cash,2023-12-13,161,10,invalid_quantity
S000834698,2023-05-13,C020014,Omid,Mohammadi,omid.mohammadi20014@example.com,9959353865.0,TEHRAN,2024-10-02,P00478,Plus Coffee 478,Travel,,601.41,B022,Outlet Branch 22,Rasht,mobile,6,0,Online,2025-11-12,479,20,missing_unit_cost
S000834973,2023-12-22,C038305,Arman,Hosseini,arman.hosseini38305@example.com,9161464930.0,isfahan,2020-12-17,P00284,Prime Coffee 284,Beauty,21.3,39.57,B028,Express Branch 28,isfahan,partner,3,120,CARD,2025-09-14,479,50,invalid_discount_percent
S000834975,2023-07-11,C044194,Omid,Mohammadi,omid.mohammadi44194@example.com,9354271445.0,Shiraz,2023-10-06,P00202,Eco Ball 202,Home Appliances,190.62,431.24,B006,North Branch 6,tehran,online,0,25,Online,2024-01-24,418,10,invalid_quantity
S000835501,2023-10-24,C047850,Mina,Jafari,mina.jafari47850@example.com,9116103211.0,shiraz,2023-03-27,P00388,Basic Headphones 388,Shoes,302.72,-816.01,B016,North Branch 16,Rasht,online,1,0,card,2024-08-14,453,10,invalid_unit_price
S000835507,2023-04-14,C030367,Yasin,Rostami,yasin.rostami30367@example.com,9290681124.0,Shiraz,2023-09-22,P00415,Plus Mixer 415,Music,179.33,,B022,Outlet Branch 22,Rasht,mobile,4,0,Online,2025-07-22,436,10,missing_unit_price
S000835983,2023-05-01,C024593,Mina,Rostami,mina.rostami24593@example.com,9593157004.0,Karaj,2023-02-08,P00097,Eco Desk 97,Baby,35.63,77.14,B025,Bazaar Branch 25,Tehran,mobile,-4,5,Online,2024-04-08,125,100,invalid_quantity
S000836212,2025-10-31,C048395,Maryam,Rostami,maryam.rostami48395@example.com,9190752351.0,tehran,2020-04-24,P00103,Nova Ball 103,Books,327.2,674.75,B005,South Branch 5,TEHRAN,online,0,20,CARD,2024-09-12,339,50,invalid_quantity
S000836648,2025-02-27,C035386,Omid,Ahmadi,omid.ahmadi35386@example.com,9146933830.0,Qom,2021-07-29,P00326,Eco Sneakers 326,Toys,-67.56,99.81,B037,Bazaar Branch 37,Tehran,online,3,20,Online,2023-10-10,435,40,invalid_unit_cost
S000837449,2025-08-29,C015678,Amir,Akbari,amir.akbari15678@example.com,9684407227.0,tehran,2020-06-22,P00288,Smart Puzzle 288,Shoes,19.17,22.84,B030,Airport Branch 30,Mashhad,mobile,0,0,CARD,2025-12-06,458,10,invalid_quantity
S000837499,2024-02-29,C038614,Ali,Hosseini,ali.hosseini38614@example.com,9108376049.0,isfahan,2022-11-30,P00122,Max Shirt 122,Home Appliances,,431.29,B033,South Branch 33,isfahan,online,2,25,Online,2025-04-28,457,30,missing_unit_cost
S000838686,2023-10-18,C030738,Yasin,Ahmadi,yasin.ahmadi30738@example.com,9304241336.0,Rasht,2023-04-12,P00386,Basic Desk 386,Toys,359.72,470.14,B024,Outlet Branch 24,TEHRAN,store,0,5,card,2025-04-25,125,30,invalid_quantity
S000838758,2025-04-30,C033083,Yasin,Mohammadi,yasin.mohammadi33083@example.com,9382204452.0,TEHRAN,2023-02-14,P00024,Max Desk 24,Beauty,290.07,,B021,Airport Branch 21,tehran,online,1,5,cash,2024-06-22,347,50,missing_unit_price
S000839186,2025-04-10,C006348,Arman,Rostami,arman.rostami6348@example.com,9584192935.0,Karaj,2021-01-18,P00153,Plus Puzzle 153,Health,369.08,590.34,B038,East Branch 38,Tehran,mobile,-3,20,Online,2025-01-12,347,100,invalid_quantity
S000839915,2024-09-17,C031518,Leila,Akbari,leila.akbari31518@example.com,9298122779.0,Shiraz,2022-07-06,P00436,Basic Notebook 436,Pets,41.7,75.27,B036,Express Branch 36,TEHRAN,store,4,15,Online,2025-08-28,133,10,duplicate_sale_id
S000839923,2023-12-24,C001294,Reza,Akbari,reza.akbari1294@example.com,9673359435.0,Rasht,2021-10-08,P00271,Prime Ball 271,Garden,136.82,320.74,B034,Express Branch 34,isfahan,partner,0,20,card,2024-12-21,446,30,invalid_quantity
S000840300,2025-02-05,C002129,Yasin,Akbari,yasin.akbari2129@example.com,9739465782.0,Shiraz,2021-12-18,P00253,Classic Notebook 253,Health,,220.23,B003,Bazaar Branch 3,Karaj,online,4,25,wallet,2024-01-11,492,100,missing_unit_cost
S000840504,2025-02-16,C012257,Reza,Rostami,reza.rostami12257@example.com,9902369699.0,Tehran,2024-05-07,P00403,Mini Ball 403,Books,380.22,-1017.38,B003,Bazaar Branch 3,Karaj,online,3,15,online,2024-05-10,187,40,invalid_unit_price
S000840980,2025-07-22,C014406,Ali,Ahmadi,ali.ahmadi14406@example.com,9172214416.0,Tabriz,2023-09-13,P00014,Max Sneakers 14,Jewelry,272.13,661.16,B031,North Branch 31,Tehran,store,8,120,wallet,2025-10-27,133,40,invalid_discount_percent
S000841160,2023-12-27,C040831,Yasin,Mohammadi,yasin.mohammadi40831@example.com,9121473118.0,Tehran,2023-01-23,P00390,Eco Cream 390,Office,145.86,323.51,B019,Bazaar Branch 19,Shiraz,mobile,0,10,online,2023-07-16,465,30,invalid_quantity
S000841195,2025-01-24,C011531,Maryam,Hosseini,maryam.hosseini11531@example.com,9594296976.0,Karaj,2021-11-11,P00329,Eco Desk 329,Grocery,-217.65,542.59,B030,Airport Branch 30,Mashhad,mobile,4,0,online,2025-03-17,399,50,invalid_unit_cost
S000842009,2024-08-04,C043731,Neda,Ahmadi,neda.ahmadi43731@example.com,9215325669.0,TEHRAN,2021-05-01,P00204,Prime Sneakers 204,Beauty,184.44,,B022,Outlet Branch 22,Rasht,mobile,6,10,cash,2023-10-15,191,20,missing_unit_price
S000842389,2023-03-23,C015588,Yasin,Salehi,yasin.salehi15588@example.com,9112061433.0,TEHRAN,2021-10-07,P00283,Classic Headphones 283,Books,187.97,239.09,B012,South Branch 12,Mashhad,online,-4,0,CARD,2023-05-09,344,30,invalid_quantity
S000842397,2024-08-06,C014298,Yasin,Rahimi,yasin.rahimi14298@example.com,9272290479.0,Tabriz,2020-05-30,P00107,Smart Coffee 107,Clothing,286.7,387.25,B029,North Branch 29,TEHRAN,mobile,0,20,online,2025-09-22,58,100,invalid_quantity
S000843101,2023-09-05,C038251,Mina,Hosseini,mina.hosseini38251@example.com,9700008372.0,Shiraz,2024-02-09,P00222,Pro Coffee 222,Home Appliances,,604.28,B030,Airport Branch 30,Mashhad,mobile,1,0,Online,2023-07-22,373,75,missing_unit_cost
S000843634,2023-06-14,C001534,Neda,Salehi,neda.salehi1534@example.com,9545207819.0,isfahan,2020-04-03,P00399,Smart Ball 399,Gaming,139.74,282.62,B023,Bazaar Branch 23,Rasht,mobile,0,0,wallet,2024-06-29,3,10,invalid_quantity
S000844871,2025-10-10,C046511,Sara,Rostami,sara.rostami46511@example.com,9769786112.0,Qom,2023-08-15,P00289,Classic Ball 289,Grocery,184.22,500.0,B022,Outlet Branch 22,Rasht,mobile,0,0,online,2023-09-08,67,100,invalid_quantity
S000845260,2024-01-13,C018888,Amir,Akbari,amir.akbari18888@example.com,9561036859.0,TEHRAN,2021-03-14,P00223,Eco Puzzle 223,Books,330.33,,B040,Outlet Branch 40,tehran,online,3,0,Online,2023-01-12,27,100,missing_unit_price
S000845507,2025-12-27,C040384,Yasin,Jafari,yasin.jafari40384@example.com,9178412434.0,shiraz,2021-06-04,P00478,Plus Coffee 478,Travel,277.37,-601.41,B040,Outlet Branch 40,tehran,online,1,0,CARD,2024-11-25,398,20,invalid_unit_price
S000845592,2023-05-10,C003592,Reza,Moradi,reza.moradi3592@example.com,9652691461.0,TEHRAN,2024-07-07,P00464,Classic Coffee 464,Beauty,251.12,453.84,B029,North Branch 29,TEHRAN,mobile,-3,0,wallet,2023-03-23,325,40,invalid_quantity
S000845742,2025-09-11,C049687,Leila,Karimi,leila.karimi49687@example.com,9650286614.0,Mashhad,2020-06-02,P00442,Pro Mixer 442,Home Appliances,-59.04,114.59,B011,Central Branch 11,TEHRAN,partner,2,5,online,2024-03-11,295,75,invalid_unit_cost
S000845902,2024-09-06,C049793,Ali,Ahmadi,ali.ahmadi49793@example.com,9875198052.0,Rasht,2023-03-16,P00324,Pro Ball 324,Beauty,,392.33,B036,Express Branch 36,TEHRAN,store,1,25,CARD,2024-10-16,186,75,missing_unit_cost
S000846108,2024-12-11,C047457,Hana,Salehi,hana.salehi47457@example.com,9618391958.0,Mashhad,2021-05-12,P00186,Classic Headphones 186,Toys,163.2,421.84,B016,North Branch 16,Rasht,online,0,25,online,2023-08-18,152,100,invalid_quantity
S000846987,2024-12-10,C014608,Omid,Karimi,omid.karimi14608@example.com,9693517472.0,Qom,2023-12-18,P00034,Basic Coffee 34,Jewelry,219.46,377.08,B012,South Branch 12,Mashhad,online,4,120,Online,2024-08-07,12,50,invalid_discount_percent
S000847345,2023-08-25,C023808,Arman,Rostami,arman.rostami23808@example.com,9396392938.0,Tehran,2024-01-30,P00140,Prime Sneakers 140,Furniture,245.7,525.65,B007,Central Branch 7,Qom,partner,0,0,wallet,2024-07-13,271,30,invalid_quantity
S000847692,2025-02-04,C036662,Neda,Salehi,neda.salehi36662@example.com,9522079535.0,isfahan,2020-04-22,P00042,Max Mixer 42,Home Appliances,384.92,609.82,B036,Express Branch 36,TEHRAN,store,8,25,card,2023-06-16,104,30,duplicate_sale_id
S000848511,2024-01-11,C019874,Mina,Ahmadi,mina.ahmadi19874@example.com,9103445634.0,Tabriz,2020-08-15,P00080,Nova Puzzle 80,Furniture,298.24,,B009,South Branch 9,isfahan,store,2,15,card,2023-03-20,250,100,missing_unit_price
S000848582,2023-10-04,C005071,Sara,Rostami,sara.rostami5071@example.com,9668158268.0,Qom,2023-09-14,P00350,Plus Notebook 350,Office,165.98,197.33,B007,Central Branch 7,Qom,partner,0,15,online,2025-03-25,473,10,invalid_quantity
S000848703,2023-05-18,C006851,Maryam,Karimi,maryam.karimi6851@example.com,9517256515.0,Rasht,2021-08-30,P00331,Classic Coffee 331,Garden,,35.69,B031,North Branch 31,Tehran,store,4,10,cash,2023-08-02,268,30,missing_unit_cost
S000848795,2023-06-27,C027885,Sara,Mohammadi,sara.mohammadi27885@example.com,9250495405.0,Rasht,2024-01-31,P00500,Nova Headphones 500,Furniture,126.81,193.21,B022,Outlet Branch 22,Rasht,mobile,-1,10,online,2025-01-03,64,75,invalid_quantity
S000849819,2024-03-23,C026395,Leila,Salehi,leila.salehi26395@example.com,9299490212.0,Shiraz,2020-05-18,P00112,Basic Puzzle 112,Automotive,340.55,706.63,B009,South Branch 9,isfahan,store,0,0,card,2023-06-21,130,30,invalid_quantity
S000850289,2025-12-03,C025960,Hana,Moradi,hana.moradi25960@example.com,9819602033.0,isfahan,2024-11-01,P00129,Max Sneakers 129,Grocery,-52.81,102.47,B006,North Branch 6,tehran,online,1,0,card,2025-11-18,76,30,invalid_unit_cost
S000850510,2024-01-31,C000808,Ali,Rahimi,ali.rahimi808@example.com,9331652222.0,Tehran,2020-05-03,P00024,Max Desk 24,Beauty,290.07,-571.4,B028,Express Branch 28,isfahan,partner,1,0,cash,2024-07-01,330,30,invalid_unit_price
S000851056,2023-04-06,C027507,Leila,Rostami,leila.rostami27507@example.com,9265882154.0,shiraz,2020-02-29,P00223,Eco Puzzle 223,Books,330.33,632.39,B028,Express Branch 28,isfahan,partner,0,10,wallet,2025-12-17,67,75,invalid_quantity
S000851504,2025-01-30,C007319,Omid,Mohammadi,omid.mohammadi7319@example.com,9554384353.0,Rasht,2024-01-18,P00144,Prime Mixer 144,Beauty,,540.96,B021,Airport Branch 21,tehran,online,2,0,card,2024-04-29,264,100,missing_unit_cost
S000851762,2023-04-29,C047630,Mina,Jafari,mina.jafari47630@example.com,9411620178.0,Qom,2023-03-22,P00397,Classic Puzzle 397,Baby,244.94,,B027,Express Branch 27,shiraz,store,3,25,cash,2024-11-07,179,10,missing_unit_price
S000851998,2025-03-19,C032134,Leila,Akbari,leila.akbari32134@example.com,9375797460.0,Rasht,2024-04-18,P00251,Eco Shirt 251,Garden,386.68,910.55,B036,Express Branch 36,TEHRAN,store,-5,0,card,2023-11-29,312,30,invalid_quantity
S000852293,2023-04-03,C021793,Yasin,Rahimi,yasin.rahimi21793@example.com,9280197974.0,shiraz,2020-09-01,P00230,Eco Puzzle 230,Office,255.77,608.45,B032,Central Branch 32,shiraz,partner,0,25,CARD,2025-05-21,427,100,invalid_quantity
S000852994,2023-05-15,C013567,Ali,Rahimi,ali.rahimi13567@example.com,9704906712.0,Mashhad,2022-03-29,P00268,Basic Headphones 268,Shoes,248.33,507.33,B030,Airport Branch 30,Mashhad,mobile,3,120,Online,2023-10-30,434,10,invalid_discount_percent
S000853530,2025-10-03,C021262,Arman,Karimi,arman.karimi21262@example.com,9696884756.0,Mashhad,2023-12-20,P00242,Plus Puzzle 242,Home Appliances,233.24,393.81,B018,North Branch 18,Tabriz,partner,0,0,cash,2025-08-09,482,40,invalid_quantity
S000854305,2024-06-23,C010472,Neda,Moradi,neda.moradi10472@example.com,9983244196.0,Tehran,2023-01-05,P00022,Eco Coffee 22,Home Appliances,,303.68,B008,West Branch 8,Isfahan,store,1,0,card,2023-10-17,419,20,missing_unit_cost
S000854767,2023-06-10,C005253,Mina,Salehi,mina.salehi5253@example.com,9408099181.0,shiraz,2021-09-07,P00235,Max Coffee 235,Music,226.41,613.19,B038,East Branch 38,Tehran,mobile,0,10,Online,2025-02-15,406,100,invalid_quantity
S000854836,2024-01-02,C043935,Maryam,Akbari,maryam.akbari43935@example.com,9137638181.0,isfahan,2021-01-01,P00316,Basic Shirt 316,Pets,-202.33,497.7,B005,South Branch 5,TEHRAN,online,4,0,Online,2025-12-23,76,50,invalid_unit_cost
S000855013,2025-12-17,C033869,Mina,Moradi,mina.moradi33869@example.com,9448741035.0,tehran,2022-01-30,P00329,Eco Desk 329,Grocery,217.65,,B010,Central Branch 10,Rasht,mobile,1,0,online,2024-03-17,346,30,missing_unit_price
S000855201,2025-06-09,C039208,Neda,Akbari,neda.akbari39208@example.com,9677762795.0,isfahan,2024-04-03,P00070,Classic Sneakers 70,Office,333.81,640.16,B040,Outlet Branch 40,tehran,online,-1,20,CARD,2024-12-17,472,50,invalid_quantity
S000855469,2024-05-31,C011804,Mina,Karimi,mina.karimi11804@example.com,9292696243.0,shiraz,2022-03-31,P00380,Pro Notebook 380,Furniture,132.42,291.35,B034,Express Branch 34,isfahan,partner,8,0,wallet,2025-05-08,154,100,duplicate_sale_id
S000855513,2025-09-28,C011199,Neda,Karimi,neda.karimi11199@example.com,9884337693.0,TEHRAN,2024-07-25,P00234,Nova Headphones 234,Jewelry,327.65,-447.27,B032,Central Branch 32,shiraz,partner,1,15,card,2025-05-03,238,75,invalid_unit_price
S000856004,2024-11-11,C009901,Leila,Ahmadi,leila.ahmadi9901@example.com,9725787019.0,tehran,2020-10-13,P00264,Pro Desk 264,Beauty,281.41,612.86,B008,West Branch 8,Isfahan,store,0,0,CARD,2025-11-11,162,40,invalid_quantity
S000857106,2024-11-24,C049205,Reza,Rahimi,reza.rahimi49205@example.com,9448355418.0,Mashhad,2023-05-24,P00062,Prime Sneakers 62,Home Appliances,,458.16,B001,Central Branch 1,Rasht,online,3,15,Online,2024-04-27,267,40,missing_unit_cost
S000857241,2024-03-08,C001148,Leila,Hosseini,leila.hosseini1148@example.com,9674274037.0,Tehran,2023-08-06,P00145,Prime Headphones 145,Sports,196.35,266.58,B022,Outlet Branch 22,Rasht,mobile,0,20,Online,2023-03-22,80,75,invalid_quantity
S000858264,2023-10-31,C043512,Ali,Salehi,ali.salehi43512@example.com,9277433594.0,Rasht,2023-02-20,P00353,Max Headphones 353,Health,273.14,,B006,North Branch 6,tehran,online,4,20,wallet,2023-03-01,423,100,missing_unit_price
S000858404,2024-05-29,C010132,Yasin,Karimi,yasin.karimi10132@example.com,9751993721.0,shiraz,2021-01-02,P00384,Prime Desk 384,Beauty,221.06,363.12,B011,Central Branch 11,TEHRAN,partner,-4,25,online,2025-06-11,96,40,invalid_quantity
S000858478,2025-05-10,C046159,Neda,Jafari,neda.jafari46159@example.com,9284236561.0,Isfahan,2024-07-16,P00181,Nova Puzzle 181,Electronics,388.81,795.0,B033,South Branch 33,isfahan,online,0,0,Online,2025-01-03,391,50,invalid_quantity
S000859001,2023-11-28,C034129,Hana,Jafari,hana.jafari34129@example.com,9514151264.0,Karaj,2021-03-29,P00283,Classic Headphones 283,Books,187.97,239.09,B032,Central Branch 32,shiraz,partner,8,120,Online,2024-04-26,359,30,invalid_discount_percent
S000859383,2025-08-10,C031390,Reza,Karimi,reza.karimi31390@example.com,9250119767.0,Rasht,2023-03-16,P00106,Eco Headphones 106,Toys,-321.72,376.97,B017,Express Branch 17,tehran,online,3,15,Online,2024-05-15,90,75,invalid_unit_cost
S000859715,2025-09-19,C018132,Maryam,Ahmadi,maryam.ahmadi18132@example.com,9776209774.0,Tehran,2023-06-15,P00124,Plus Coffee 124,Beauty,200.91,367.89,B007,Central Branch 7,Qom,partner,0,15,online,2025-05-23,237,50,invalid_quantity
S000859907,2023-08-19,C049858,Leila,Jafari,leila.jafari49858@example.com,9928478610.0,tehran,2022-06-30,P00357,Classic Shirt 357,Baby,,832.68,B029,North Branch 29,TEHRAN,mobile,5,0,cash,2023-01-02,143,10,missing_unit_cost
S000860516,2025-06-30,C008494,Amir,Mohammadi,amir.mohammadi8494@example.com,9470093554.0,Rasht,2022-07-13,P00157,Smart Puzzle 157,Baby,225.98,-442.33,B001,Central Branch 1,Rasht,online,5,5,card,2025-10-28,16,20,invalid_unit_price
S000860952,2024-02-25,C047158,Amir,Mohammadi,amir.mohammadi47158@example.com,9330999901.0,Rasht,2020-01-17,P00040,Plus Cream 40,Furniture,273.99,678.66,B032,Central Branch 32,shiraz,partner,0,0,card,2024-12-31,260,75,invalid_quantity
S000861515,2023-08-26,C019303,Maryam,Salehi,maryam.salehi19303@example.com,9836602680.0,TEHRAN,2020-09-11,P00156,Nova Shirt 156,Pets,184.17,,B033,South Branch 33,isfahan,online,1,0,cash,2024-08-23,119,40,missing_unit_price
S000861607,2025-11-30,C023390,Amir,Salehi,amir.salehi23390@example.com,9595965574.0,Rasht,2020-01-08,P00237,Classic Puzzle 237,Baby,143.02,216.44,B004,Bazaar Branch 4,Rasht,partner,-4,0,card,2023-03-04,128,40,invalid_quantity
S000862189,2024-04-30,C023368,Hana,Jafari,hana.jafari23368@example.com,9251616973.0,Rasht,2022-04-08,P00225,Eco Headphones 225,Sports,120.55,302.55,B016,North Branch 16,Rasht,online,0,10,cash,2023-09-16,190,20,invalid_quantity
S000862708,2025-04-20,C015788,Arman,Rahimi,arman.rahimi15788@example.com,9290185319.0,tehran,2023-07-12,P00036,Eco Desk 36,Pets,,991.73,B008,West Branch 8,Isfahan,store,4,20,cash,2023-03-22,6,20,missing_unit_cost
S000863246,2025-05-15,C026292,Mina,Akbari,mina.akbari26292@example.com,9207129861.0,Shiraz,2022-08-20,P00170,Smart Puzzle 170,Office,278.29,603.83,B012,South Branch 12,Mashhad,online,2,0,cash,2024-08-25,374,30,duplicate_sale_id
S000863426,2024-09-12,C018680,Maryam,Rostami,maryam.rostami18680@example.com,9675102650.0,TEHRAN,2024-09-08,P00209,Max Coffee 209,Grocery,191.87,459.46,B032,Central Branch 32,shiraz,partner,0,15,CARD,2024-09-16,450,50,invalid_quantity
S000863930,2023-04-28,C047414,Leila,Rostami,leila.rostami47414@example.com,9964573959.0,Shiraz,2023-11-09,P00268,Basic Headphones 268,Shoes,-248.33,507.33,B005,South Branch 5,TEHRAN,online,3,5,cash,2024-07-03,327,75,invalid_unit_cost
S000864663,2024-10-19,C035138,Yasin,Jafari,yasin.jafari35138@example.com,9796165405.0,Karaj,2020-12-28,P00279,Mini Shirt 279,Gaming,295.19,674.12,B007,Central Branch 7,Qom,partner,0,5,online,2023-07-23,272,50,invalid_quantity
S000864766,2025-06-20,C031019,Sara,Salehi,sara.salehi31019@example.com,9713967526.0,shiraz,2024-07-24,P00092,Eco Notebook 92,Automotive,132.73,,B008,West Branch 8,Isfahan,store,4,5,online,2024-09-28,46,100,missing_unit_price
S000864810,2024-04-07,C032020,Amir,Moradi,amir.moradi32020@example.com,9924581539.0,shiraz,2021-08-28,P00410,Classic Mixer 410,Office,327.16,425.14,B010,Central Branch 10,Rasht,mobile,-1,10,card,2023-07-08,51,100,invalid_quantity
S000865008,2023-01-11,C019639,Arman,Hosseini,arman.hosseini19639@example.com,9243496021.0,Tabriz,2021-08-06,P00054,Basic Headphones 54,Jewelry,88.47,240.45,B018,North Branch 18,Tabriz,partner,2,120,Online,2023-12-05,23,75,invalid_discount_percent
S000865509,2024-03-06,C041120,Ali,Salehi,ali.salehi41120@example.com,9212368771.0,isfahan,2023-09-06,P00168,Nova Shirt 168,Shoes,,243.7,B007,Central Branch 7,Qom,partner,4,0,online,2023-08-06,333,30,missing_unit_cost
S000865519,2025-07-20,C043122,Arman,Hosseini,arman.hosseini43122@example.com,9174485048.0,tehran,2023-03-28,P00345,Pro Notebook 345,Sports,377.52,-887.44,B017,Express Branch 17,tehran,online,10,0,CARD,2024-03-05,383,100,invalid_unit_price
S000865900,2025-05-02,C018624,Hana,Salehi,hana.salehi18624@example.com,9749375314.0,Qom,2022-04-22,P00331,Classic Coffee 331,Garden,24.75,35.69,B007,Central Branch 7,Qom,partner,0,25,card,2023-08-09,369,20,invalid_quantity
S000867137,2023-07-23,C022211,Yasin,Moradi,yasin.moradi22211@example.com,9472197076.0,Rasht,2022-02-06,P00282,PRO BALL 282,Home Appliances,148.9,364.51,B032,Central Branch 32,shiraz,partner,0,25,cash,2025-07-26,267,20,invalid_quantity
S000868013,2025-03-08,C001770,Hana,Jafari,hana.jafari1770@example.com,9397582542.0,Tehran,2020-05-09,P00390,Eco Cream 390,Office,145.86,323.51,B006,North Branch 6,tehran,online,-2,0,online,2025-10-28,94,20,invalid_quantity
S000868017,2025-04-01,C010034,Reza,Rahimi,reza.rahimi10034@example.com,9916379797.0,Tabriz,2024-01-23,P00094,Max Desk 94,Jewelry,133.61,,B033,South Branch 33,isfahan,online,2,0,cash,2024-10-01,213,40,missing_unit_price
S000868310,2023-12-01,C026967,Ali,Mohammadi,ali.mohammadi26967@example.com,9564946025.0,tehran,2021-08-21,P00357,Classic Shirt 357,Baby,,832.68,B012,South Branch 12,Mashhad,online,1,5,CARD,2024-12-20,62,75,missing_unit_cost
S000868374,2025-04-22,C042684,Mina,Mohammadi,mina.mohammadi42684@example.com,9343136904.0,Mashhad,2022-02-06,P00468,Basic Headphones 468,Shoes,365.42,841.75,B034,Express Branch 34,isfahan,partner,0,0,Online,2023-08-01,95,100,invalid_quantity
S000868477,2023-03-30,C029996,Hana,Mohammadi,hana.mohammadi29996@example.com,9701300621.0,shiraz,2022-05-31,P00173,Max Sneakers 173,Health,-70.99,167.61,B018,North Branch 18,Tabriz,partner,3,25,wallet,2023-04-09,423,40,invalid_unit_cost
S000869611,2024-06-29,C026324,Hana,Rahimi,hana.rahimi26324@example.com,9386333086.0,Shiraz,2022-08-23,P00491,Classic Desk 491,Garden,287.98,508.98,B021,Airport Branch 21,tehran,online,0,25,cash,2024-02-27,294,75,invalid_quantity
S000870522,2024-01-10,C022012,Sara,Akbari,sara.akbari22012@example.com,9295571759.0,Mashhad,2020-02-12,P00072,Max Desk 72,Automotive,260.74,-662.34,B025,Bazaar Branch 25,Tehran,mobile,3,0,cash,2023-05-18,368,20,invalid_unit_price
S000870848,2024-08-07,C018006,Ali,Hosseini,ali.hosseini18006@example.com,9846195258.0,Qom,2024-08-09,P00093,Basic Cream 93,Health,116.63,178.97,B038,East Branch 38,Tehran,mobile,0,15,cash,2023-02-02,445,75,invalid_quantity
S000871015,2025-12-29,C009110,Mina,Karimi,mina.karimi9110@example.com,9753252286.0,shiraz,2020-06-09,P00380,Pro Notebook 380,Furniture,132.42,291.35,B039,Mall Branch 39,Shiraz,online,2,120,card,2024-01-04,55,100,invalid_discount_percent
S000871023,2024-11-18,C021414,Hana,Karimi,hana.karimi21414@example.com,9451910301.0,Tehran,2023-01-08,P00215,Mini Puzzle 215,Music,73.52,87.63,B002,Mall Branch 2,Karaj,partner,2,0,cash,2023-07-06,151,40,duplicate_sale_id
S000871111,2024-01-27,C012752,Hana,Moradi,hana.moradi12752@example.com,9203533034.0,isfahan,2022-10-02,P00058,Classic Headphones 58,Travel,,162.67,B038,East Branch 38,Tehran,mobile,8,15,cash,2023-01-15,402,30,missing_unit_cost
S000871216,2023-09-24,C046694,Arman,Akbari,arman.akbari46694@example.com,9444664824.0,Tehran,2020-06-05,P00191,Classic Notebook 191,Garden,121.31,242.46,B030,Airport Branch 30,Mashhad,mobile,-4,0,online,2023-03-06,483,20,invalid_quantity
S000871268,2025-06-05,C020541,Yasin,Moradi,yasin.moradi20541@example.com,9759188341.0,Tabriz,2024-09-10,P00214,Nova Cream 214,Jewelry,95.86,,B040,Outlet Branch 40,tehran,online,5,10,card,2024-04-25,347,40,missing_unit_price
S000872085,2023-06-21,C032976,Reza,Rahimi,reza.rahimi32976@example.com,9103861109.0,tehran,2020-07-06,P00048,Eco Mixer 48,Shoes,350.81,713.98,B022,Outlet Branch 22,Rasht,mobile,0,0,wallet,2024-10-18,353,30,invalid_quantity
S000873024,2025-12-11,C027365,Amir,Rahimi,amir.rahimi27365@example.com,9779453195.0,TEHRAN,2020-12-05,P00177,Eco Shirt 177,Baby,-121.13,229.27,B029,North Branch 29,TEHRAN,mobile,8,15,wallet,2024-03-21,446,20,invalid_unit_cost
S000873322,2023-10-25,C020997,Hana,Karimi,hana.karimi20997@example.com,9936402982.0,TEHRAN,2021-03-01,P00243,Smart Desk 243,Books,137.29,377.72,B025,Bazaar Branch 25,Tehran,mobile,0,0,wallet,2023-09-03,395,30,invalid_quantity
S000873912,2023-09-08,C001601,Hana,Rahimi,hana.rahimi1601@example.com,9518740692.0,Karaj,2023-03-29,P00197,Nova Puzzle 197,Baby,,249.41,B037,Bazaar Branch 37,Tehran,online,3,0,CARD,2025-06-02,468,100,missing_unit_cost
S000874419,2025-12-01,C045448,Maryam,Moradi,maryam.moradi45448@example.com,9163376541.0,Qom,2023-04-27,P00042,Max Mixer 42,Home Appliances,384.92,609.82,B027,Express Branch 27,shiraz,store,-4,15,wallet,2024-04-09,266,40,invalid_quantity
S000874519,2025-01-27,C009473,Amir,Mohammadi,amir.mohammadi9473@example.com,9727195855.0,isfahan,2023-11-06,P00416,Basic Cream 416,Pets,322.42,,B027,Express Branch 27,shiraz,store,4,15,wallet,2023-08-14,335,100,missing_unit_price
S000874559,2025-04-29,C026810,Arman,Moradi,arman.moradi26810@example.com,9297003342.0,shiraz,2020-01-23,P00369,Pro Desk 369,Grocery,82.64,102.81,B008,West Branch 8,Isfahan,store,0,20,cash,2023-12-24,458,30,invalid_quantity
S000875525,2023-11-20,C011130,Amir,Rahimi,amir.rahimi11130@example.com,9855702862.0,Tabriz,2021-01-09,P00335,Prime Shirt 335,Music,134.04,-309.67,B009,South Branch 9,isfahan,store,1,20,CARD,2024-04-18,278,40,invalid_unit_price
S000875796,2024-04-26,C027207,Hana,Rostami,hana.rostami27207@example.com,9355781681.0,Mashhad,2022-07-12,P00470,Nova Notebook 470,Office,126.78,262.45,B005,South Branch 5,TEHRAN,online,0,15,cash,2025-01-15,192,100,invalid_quantity
S000876713,2024-10-05,C005484,Sara,Salehi,sara.salehi5484@example.com,9944669461.0,Karaj,2024-10-31,P00326,Eco Sneakers 326,Toys,,99.81,B008,West Branch 8,Isfahan,store,2,0,CARD,2025-07-13,420,40,missing_unit_cost
S000877022,2025-04-01,C003588,Yasin,Ahmadi,yasin.ahmadi3588@example.com,9434396365.0,Mashhad,2022-08-19,P00127,Max Coffee 127,Clothing,116.97,270.98,B015,Outlet Branch 15,Isfahan,partner,1,120,Online,2023-03-06,354,30,invalid_discount_percent
S000877033,2023-07-26,C025003,Leila,Akbari,leila.akbari25003@example.com,9640723812.0,Rasht,2024-02-26,P00279,Mini Shirt 279,Gaming,295.19,674.12,B019,Bazaar Branch 19,Shiraz,mobile,0,0,CARD,2023-01-14,63,50,invalid_quantity
S000877571,2023-08-05,C015481,Leila,Jafari,leila.jafari15481@example.com,9581918158.0,Tehran,2020-05-09,P00062,Prime Sneakers 62,Home Appliances,-358.63,458.16,B014,Bazaar Branch 14,shiraz,mobile,2,0,Online,2025-05-02,467,20,invalid_unit_cost
S000877622,2023-03-16,C001335,Mina,Hosseini,mina.hosseini1335@example.com,9553376084.0,Qom,2021-05-05,P00053,Max Ball 53,Health,288.74,434.09,B027,Express Branch 27,shiraz,store,-5,0,online,2024-04-15,252,75,invalid_quantity
S000877770,2023-12-08,C009208,Neda,Jafari,neda.jafari9208@example.com,9513386234.0,isfahan,2024-10-26,P00356,Basic Desk 356,Pets,157.9,,B001,Central Branch 1,Rasht,online,2,25,wallet,2024-09-21,104,75,missing_unit_price
S000878270,2024-05-25,C045304,Reza,Rahimi,reza.rahimi45304@example.com,9751782113.0,Tehran,2020-01-29,P00424,Eco Coffee 424,Beauty,295.17,614.82,B036,Express Branch 36,TEHRAN,store,0,10,card,2023-06-17,98,10,invalid_quantity
S000878800,2023-02-21,C027346,Yasin,Akbari,yasin.akbari27346@example.com,9673114833.0,Qom,2024-08-19,P00277,Nova Shirt 277,Baby,22.67,27.89,B039,Mall Branch 39,Shiraz,online,8,10,online,2025-05-30,31,30,duplicate_sale_id
S000879507,2025-07-26,C005978,Arman,Hosseini,arman.hosseini5978@example.com,9776823445.0,isfahan,2020-11-14,P00271,Prime Ball 271,Garden,136.82,320.74,B032,Central Branch 32,shiraz,partner,0,0,card,2023-09-22,105,30,invalid_quantity
S000879514,2025-03-11,C030769,Ali,Mohammadi,ali.mohammadi30769@example.com,9615693367.0,Mashhad,2021-05-05,P00353,Max Headphones 353,Health,,584.02,B032,Central Branch 32,shiraz,partner,2,25,card,2025-01-09,81,40,missing_unit_cost
S000880528,2023-07-13,C018097,Reza,Ahmadi,reza.ahmadi18097@example.com,9140736208.0,Rasht,2023-12-20,P00437,Mini Notebook 437,Baby,218.25,-430.16,B013,Outlet Branch 13,Mashhad,mobile,1,0,card,2023-09-17,128,50,invalid_unit_price
S000880744,2023-05-28,C023856,Amir,Rahimi,amir.rahimi23856@example.com,9523818437.0,Tabriz,2020-06-26,P00254,Max Desk 254,Jewelry,239.84,534.85,B021,Airport Branch 21,tehran,online,0,0,card,2024-10-31,152,50,invalid_quantity
S000880825,2024-06-15,C012901,Sara,Mohammadi,sara.mohammadi12901@example.com,9848205047.0,tehran,2023-03-30,P00101,Smart Coffee 101,Electronics,256.43,356.86,B031,North Branch 31,Tehran,store,-2,0,cash,2025-11-17,412,75,invalid_quantity
S000881021,2023-11-16,C010062,Yasin,Akbari,yasin.akbari10062@example.com,9638244493.0,Mashhad,2020-10-21,P00288,Smart Puzzle 288,Shoes,19.17,,B011,Central Branch 11,TEHRAN,partner,1,25,Online,2023-12-21,351,100,missing_unit_price
S000881981,2025-08-09,C022853,Leila,Karimi,leila.karimi22853@example.com,9265371578.0,Shiraz,2023-10-12,P00206,Basic Shirt 206,Toys,241.09,589.63,B008,West Branch 8,Isfahan,store,0,0,card,2023-10-16,62,75,invalid_quantity
S000882118,2025-07-17,C005916,Amir,Salehi,amir.salehi5916@example.com,9119218823.0,shiraz,2023-09-25,P00154,Eco Puzzle 154,Jewelry,-130.12,324.57,B034,Express Branch 34,isfahan,partner,2,0,cash,2023-11-02,126,40,invalid_unit_cost
S000882315,2024-05-28,C004654,Neda,Akbari,neda.akbari4654@example.com,9531271977.0,Mashhad,2022-03-10,P00327,Mini Shirt 327,Clothing,,800.35,B012,South Branch 12,Mashhad,online,4,10,CARD,2024-05-27,362,75,missing_unit_cost
S000883029,2023-09-21,C035943,Mina,Ahmadi,mina.ahmadi35943@example.com,9538437297.0,shiraz,2023-03-15,P00344,Pro Mixer 344,Beauty,216.3,340.99,B003,Bazaar Branch 3,Karaj,online,4,120,Online,2025-01-16,102,10,invalid_discount_percent
S000883218,2025-05-11,C029941,Amir,Ahmadi,amir.ahmadi29941@example.com,9795409729.0,Rasht,2023-01-05,P00414,Max Mixer 414,Jewelry,179.29,279.68,B009,South Branch 9,isfahan,store,0,15,card,2023-03-14,464,50,invalid_quantity
S000884028,2024-07-03,C005568,Reza,Ahmadi,reza.ahmadi5568@example.com,9166988563.0,Tehran,2021-12-13,P00122,Max Shirt 122,Home Appliances,171.69,431.29,B023,Bazaar Branch 23,Rasht,mobile,-5,20,wallet,2023-03-14,450,100,invalid_quantity
S000884272,2024-05-05,C046403,Reza,Mohammadi,reza.mohammadi46403@example.com,9976119457.0,Shiraz,2020-08-20,P00066,Plus Puzzle 66,Toys,349.69,,B017,Express Branch 17,tehran,online,2,0,online,2025-05-15,489,30,missing_unit_price
S000884455,2023-07-28,C036112,Neda,Rostami,neda.rostami36112@example.com,9845002013.0,Shiraz,2021-05-28,P00425,Pro Mixer 425,Sports,136.16,346.38,B008,West Branch 8,Isfahan,store,0,15,cash,2024-07-27,108,30,invalid_quantity
S000885116,2024-02-02,C030303,Arman,Mohammadi,arman.mohammadi30303@example.com,9785952135.0,Shiraz,2022-04-07,P00284,Prime Coffee 284,Beauty,,39.57,B024,Outlet Branch 24,TEHRAN,store,8,5,cash,2024-08-12,475,50,missing_unit_cost
S000885531,2025-01-22,C003413,Yasin,Hosseini,yasin.hosseini3413@example.com,9204131289.0,isfahan,2021-03-23,P00162,Nova Coffee 162,Home Appliances,208.87,-309.83,B008,West Branch 8,Isfahan,store,1,20,Online,2023-02-16,66,75,invalid_unit_price
S000885692,2024-07-24,C036773,Yasin,Rahimi,yasin.rahimi36773@example.com,9410391092.0,Isfahan,2020-02-13,P00358,Prime Puzzle 358,Travel,75.76,172.32,B020,North Branch 20,Shiraz,online,0,25,cash,2025-07-17,441,100,invalid_quantity
S000886577,2023-07-22,C042729,Arman,Rostami,arman.rostami42729@example.com,9976001989.0,shiraz,2021-01-01,P00404,Mini Notebook 404,Beauty,396.01,526.46,B015,Outlet Branch 15,Isfahan,partner,1,0,card,2023-05-16,220,10,duplicate_sale_id
S000886665,2024-02-12,C043850,Yasin,Akbari,yasin.akbari43850@example.com,9647007176.0,shiraz,2024-03-27,P00301,Plus Coffee 301,Electronics,-243.45,527.52,B031,North Branch 31,Tehran,store,1,0,cash,2023-02-26,409,20,invalid_unit_cost
S000886929,2025-11-03,C016207,Hana,Karimi,hana.karimi16207@example.com,9303580789.0,Karaj,2024-01-10,P00105,Pro Puzzle 105,Sports,150.03,375.07,B024,Outlet Branch 24,TEHRAN,store,0,25,wallet,2024-05-06,143,30,invalid_quantity
S000887231,2023-04-03,C030146,Neda,Karimi,neda.karimi30146@example.com,9400268392.0,Mashhad,2020-07-05,P00319,Basic Sneakers 319,Gaming,110.8,226.34,B017,Express Branch 17,tehran,online,-2,10,CARD,2023-05-26,500,50,invalid_quantity
S000887523,2024-07-04,C022813,Maryam,Salehi,maryam.salehi22813@example.com,9234205636.0,Qom,2022-11-13,P00144,Prime Mixer 144,Beauty,344.65,,B023,Bazaar Branch 23,Rasht,mobile,3,10,card,2023-11-23,286,75,missing_unit_price
S000887917,2023-01-30,C040236,Neda,Mohammadi,neda.mohammadi40236@example.com,9450960768.0,Tehran,2022-08-04,P00298,Classic Sneakers 298,Travel,,475.55,B007,Central Branch 7,Qom,partner,1,20,card,2025-04-26,433,40,missing_unit_cost
S000888166,2023-08-24,C015111,Sara,Ahmadi,sara.ahmadi15111@example.com,9169307621.0,Rasht,2021-05-07,P00396,Prime Cream 396,Pets,286.22,618.0,B032,Central Branch 32,shiraz,partner,0,15,wallet,2023-11-22,364,50,invalid_quantity
S000889036,2025-04-30,C043562,Amir,Rahimi,amir.rahimi43562@example.com,9419546744.0,Tabriz,2021-04-30,P00059,Mini Notebook 59,Gaming,81.83,175.96,B015,Outlet Branch 15,Isfahan,partner,4,120,Online,2025-11-08,407,50,invalid_discount_percent
S000889403,2024-04-09,C028377,Yasin,Salehi,yasin.salehi28377@example.com,9903149103.0,TEHRAN,2021-11-18,P00412,Nova Ball 412,Automotive,182.91,291.96,B040,Outlet Branch 40,tehran,online,0,25,online,2025-03-02,88,75,invalid_quantity
S000890434,2025-03-02,C010625,Yasin,Mohammadi,yasin.mohammadi10625@example.com,9390496604.0,isfahan,2023-01-30,P00347,Classic Cream 347,Clothing,60.65,93.42,B022,Outlet Branch 22,Rasht,mobile,-5,0,card,2025-06-17,178,40,invalid_quantity
S000890534,2025-01-27,C021386,Maryam,Mohammadi,maryam.mohammadi21386@example.com,9712511391.0,Shiraz,2020-01-28,P00216,Eco Shirt 216,Pets,260.19,-440.09,B016,North Branch 16,Rasht,online,5,25,CARD,2024-08-02,160,50,invalid_unit_price
S000890640,2024-11-12,C039351,Neda,Karimi,neda.karimi39351@example.com,9398696497.0,Rasht,2021-06-20,P00261,Smart Desk 261,Electronics,216.51,315.09,B004,Bazaar Branch 4,Rasht,partner,0,20,Online,2023-01-19,50,40,invalid_quantity
S000890718,2023-06-29,C029173,Omid,Rostami,omid.rostami29173@example.com,9791923411.0,Tehran,2023-08-06,P00092,Eco Notebook 92,Automotive,,337.15,B039,Mall Branch 39,Shiraz,online,1,10,online,2024-03-17,389,10,missing_unit_cost
S000890774,2025-05-08,C027108,Maryam,Moradi,maryam.moradi27108@example.com,9286111085.0,Tabriz,2021-03-27,P00035,Nova Puzzle 35,Music,269.5,,B006,North Branch 6,tehran,online,1,10,online,2025-09-02,113,100,missing_unit_price
S000891212,2025-06-30,C016290,Amir,Akbari,amir.akbari16290@example.com,9712015189.0,Mashhad,2021-03-24,P00320,Pro Puzzle 320,Furniture,-224.03,267.37,B025,Bazaar Branch 25,Tehran,mobile,6,20,Online,2023-08-27,92,10,invalid_unit_cost
S000891877,2025-11-09,C045179,Amir,Ahmadi,amir.ahmadi45179@example.com,9363844896.0,Isfahan,2023-11-02,P00102,Basic Puzzle 102,Home Appliances,58.09,68.84,B025,Bazaar Branch 25,Tehran,mobile,0,0,wallet,2024-07-10,225,100,invalid_quantity
S000893114,2025-01-31,C025018,Hana,Salehi,hana.salehi25018@example.com,9144978750.0,Qom,2021-11-22,P00145,Prime Headphones 145,Sports,196.35,266.58,B021,Airport Branch 21,tehran,online,0,5,online,2025-08-01,483,10,invalid_quantity
S000893519,2023-11-10,C007132,Sara,Mohammadi,sara.mohammadi7132@example.com,9679204098.0,shiraz,2022-05-21,P00110,Prime Sneakers 110,Office,,278.01,B002,Mall Branch 2,Karaj,partner,2,10,Online,2023-10-16,389,50,missing_unit_cost
S000893637,2023-08-31,C042556,Sara,Salehi,sara.salehi42556@example.com,9641616220.0,tehran,2021-04-18,P00378,Max Ball 378,Travel,84.0,122.48,B025,Bazaar Branch 25,Tehran,mobile,-3,5,wallet,2025-05-12,40,50,invalid_quantity
S000894025,2024-11-11,C002254,Yasin,Karimi,yasin.karimi2254@example.com,9161544356.0,Shiraz,2022-11-04,P00400,Prime Puzzle 400,Furniture,151.71,,B007,Central Branch 7,Qom,partner,2,0,Online,2025-02-03,374,30,missing_unit_price
S000894351,2024-01-11,C030412,Arman,Rostami,arman.rostami30412@example.com,9392550416.0,Shiraz,2024-11-05,P00158,Prime Coffee 158,Travel,21.38,31.49,B024,Outlet Branch 24,TEHRAN,store,0,0,wallet,2025-04-21,397,20,invalid_quantity
S000894354,2023-07-03,C005053,Sara,Ahmadi,sara.ahmadi5053@example.com,9103919069.0,Shiraz,2024-02-10,P00013,Plus Notebook 13,Health,217.38,305.51,B031,North Branch 31,Tehran,store,6,0,Online,2023-06-04,123,40,duplicate_sale_id
S000895043,2025-01-17,C036441,Omid,Mohammadi,omid.mohammadi36441@example.com,9950185718.0,tehran,2021-07-18,P00290,Nova Mixer 290,Office,160.58,216.38,B018,North Branch 18,Tabriz,partner,5,120,CARD,2023-07-30,237,30,invalid_discount_percent
S000895537,2024-06-27,C029882,Ali,Salehi,ali.salehi29882@example.com,9173660637.0,tehran,2022-08-07,P00043,Prime Mixer 43,Books,59.66,-72.72,B038,East Branch 38,Tehran,mobile,1,15,wallet,2023-01-02,363,30,invalid_unit_price
S000895588,2024-07-15,C038647,Arman,Akbari,arman.akbari38647@example.com,9352492367.0,Rasht,2022-05-30,P00203,Smart Desk 203,Books,140.57,251.88,B031,North Branch 31,Tehran,store,0,5,CARD,2025-09-15,54,40,invalid_quantity
S000895759,2023-05-20,C018206,Arman,Akbari,arman.akbari18206@example.com,9309564791.0,Rasht,2023-10-23,P00374,Max Headphones 374,Jewelry,-34.93,62.7,B021,Airport Branch 21,tehran,online,4,0,CARD,2024-09-09,226,100,invalid_unit_cost
S000896320,2024-02-08,C005433,Neda,Ahmadi,neda.ahmadi5433@example.com,9146075055.0,shiraz,2021-07-23,P00270,Max Headphones 270,Office,,222.5,B033,South Branch 33,isfahan,online,2,0,card,2025-10-28,108,10,missing_unit_cost
S000896825,2023-09-26,C036994,Leila,Ahmadi,leila.ahmadi36994@example.com,9937136251.0,TEHRAN,2023-04-10,P00137,Plus Shirt 137,Baby,361.5,491.41,B026,Central Branch 26,Mashhad,partner,0,0,cash,2025-10-03,143,40,invalid_quantity
S000896840,2025-10-30,C022059,Amir,Ahmadi,amir.ahmadi22059@example.com,9752621302.0,Tehran,2020-07-27,P00380,Pro Notebook 380,Furniture,132.42,291.35,B011,Central Branch 11,TEHRAN,partner,-5,10,card,2025-12-22,283,40,invalid_quantity
S000897276,2023-03-20,C008758,Ali,Rahimi,ali.rahimi8758@example.com,9977568599.0,Mashhad,2023-05-29,P00010,Max Sneakers 10,Office,158.66,,B017,Express Branch 17,tehran,online,3,25,Online,2023-05-30,347,10,missing_unit_price
S000898062,2025-09-15,C025266,Reza,Ahmadi,reza.ahmadi25266@example.com,9237878077.0,Rasht,2022-10-08,P00303,Max Ball 303,Books,21.36,45.56,B040,Outlet Branch 40,tehran,online,0,15,cash,2023-01-31,58,40,invalid_quantity
S000899121,2025-07-15,C033962,Neda,Akbari,neda.akbari33962@example.com,9831728399.0,Rasht,2020-07-08,P00303,Max Ball 303,Books,,45.56,B033,South Branch 33,isfahan,online,1,0,Online,2025-03-23,37,50,missing_unit_cost
S000899299,2024-02-25,C034090,Ali,Jafari,ali.jafari34090@example.com,9690324024.0,TEHRAN,2022-03-18,P00476,Plus Puzzle 476,Pets,358.21,718.34,B027,Express Branch 27,shiraz,store,0,0,online,2025-11-01,158,30,invalid_quantity
S000900043,2024-11-17,C030212,Yasin,Akbari,yasin.akbari30212@example.com,9657131229.0,Isfahan,2024-03-01,P00113,Mini Coffee 113,Health,187.79,369.98,B029,North Branch 29,TEHRAN,mobile,-1,0,card,2024-06-14,222,40,invalid_quantity
S000900306,2023-10-30,C037965,Hana,Salehi,hana.salehi37965@example.com,9883607123.0,shiraz,2021-11-12,P00115,Prime Desk 115,Music,-25.03,62.93,B039,Mall Branch 39,Shiraz,online,5,5,online,2023-03-27,381,10,invalid_unit_cost
S000900527,2024-09-17,C016598,Hana,Moradi,hana.moradi16598@example.com,9833659077.0,Isfahan,2024-12-04,P00451,Max Coffee 451,Garden,384.53,,B037,Bazaar Branch 37,Tehran,online,4,5,CARD,2024-05-18,190,75,missing_unit_price
S000900536,2024-12-18,C042268,Amir,Moradi,amir.moradi42268@example.com,9527914022.0,tehran,2024-05-26,P00033,Smart Coffee 33,Health,338.72,496.36,B024,Outlet Branch 24,TEHRAN,store,0,0,wallet,2025-09-25,38,75,invalid_quantity
S000900540,2023-12-31,C012766,Yasin,Ahmadi,yasin.ahmadi12766@example.com,9341885663.0,Rasht,2021-04-05,P00370,Max Puzzle 370,Office,394.39,-608.3,B035,Mall Branch 35,isfahan,mobile,1,0,Online,2023-06-05,466,40,invalid_unit_price
S000901050,2023-11-04,C046178,Omid,Ahmadi,omid.ahmadi46178@example.com,9746465246.0,tehran,2022-08-01,P00411,Max Desk 411,Garden,25.89,56.32,B015,Outlet Branch 15,Isfahan,partner,1,120,CARD,2025-08-26,38,50,invalid_discount_percent
S000901773,2025-03-11,C003854,Hana,Jafari,hana.jafari3854@example.com,9537222341.0,Rasht,2021-12-01,P00182,Eco Cream 182,Home Appliances,349.26,822.32,B040,Outlet Branch 40,tehran,online,0,0,Online,2025-07-15,203,100,invalid_quantity
S000901922,2025-07-08,C029963,Yasin,Mohammadi,yasin.mohammadi29963@example.com,9836511590.0,Tabriz,2024-05-28,P00271,Prime Ball 271,Garden,,320.74,B020,North Branch 20,Shiraz,online,6,0,cash,2025-03-14,424,30,missing_unit_cost
S000902131,2023-03-25,C046829,Maryam,Jafari,maryam.jafari46829@example.com,9849278643.0,Isfahan,2020-05-12,P00272,Smart Coffee 272,Automotive,213.09,320.35,B005,South Branch 5,TEHRAN,online,5,0,online,2025-03-31,182,30,duplicate_sale_id
S000903010,2024-01-22,C031352,Neda,Hosseini,neda.hosseini31352@example.com,9796832739.0,tehran,2024-08-23,P00147,Prime Puzzle 147,Clothing,333.65,444.33,B022,Outlet Branch 22,Rasht,mobile,0,0,cash,2024-12-19,283,75,invalid_quantity
S000903246,2023-01-23,C027752,Leila,Jafari,leila.jafari27752@example.com,9455454036.0,Mashhad,2020-11-16,P00362,Prime Notebook 362,Home Appliances,293.28,659.94,B011,Central Branch 11,TEHRAN,partner,-5,0,CARD,2025-04-02,461,30,invalid_quantity
S000903778,2025-09-27,C043448,Sara,Mohammadi,sara.mohammadi43448@example.com,9234493262.0,isfahan,2023-05-28,P00385,Plus Notebook 385,Sports,10.15,,B040,Outlet Branch 40,tehran,online,4,15,wallet,2025-12-10,36,10,missing_unit_price
S000904247,2025-12-24,C016969,Leila,Rostami,leila.rostami16969@example.com,9994703881.0,Shiraz,2020-10-20,P00449,Mini Cream 449,Grocery,80.17,173.91,B008,West Branch 8,Isfahan,store,0,0,CARD,2023-03-12,98,30,invalid_quantity
S000904723,2025-05-03,C048192,Neda,Karimi,neda.karimi48192@example.com,9673634633.0,isfahan,2021-09-17,P00053,Max Ball 53,Health,,434.09,B009,South Branch 9,isfahan,store,2,0,online,2024-10-09,382,50,missing_unit_cost
S000904853,2024-12-18,C012096,Arman,Salehi,arman.salehi12096@example.com,9264939671.0,Tabriz,2020-12-05,P00079,Mini Mixer 79,Gaming,-10.52,15.21,B029,North Branch 29,TEHRAN,mobile,1,15,online,2024-12-19,101,50,invalid_unit_cost
S000905484,2023-04-05,C028747,Maryam,Ahmadi,maryam.ahmadi28747@example.com,9890892112.0,Karaj,2021-11-15,P00344,Pro Mixer 344,Beauty,216.3,340.99,B034,Express Branch 34,isfahan,partner,0,20,card,2024-05-29,496,20,invalid_quantity
S000905543,2023-03-18,C016938,Reza,Rostami,reza.rostami16938@example.com,9370895823.0,Isfahan,2020-02-25,P00107,Smart Coffee 107,Clothing,286.7,-387.25,B032,Central Branch 32,shiraz,partner,1,20,online,2023-08-22,203,50,invalid_unit_price
S000906449,2025-08-18,C037068,Amir,Akbari,amir.akbari37068@example.com,9938350137.0,shiraz,2020-07-29,P00358,Prime Puzzle 358,Travel,75.76,172.32,B011,Central Branch 11,TEHRAN,partner,-5,0,card,2025-02-10,390,30,invalid_quantity
S000906721,2025-01-21,C005497,Ali,Moradi,ali.moradi5497@example.com,9848278945.0,Isfahan,2023-11-10,P00176,Nova Coffee 176,Pets,271.52,372.77,B008,West Branch 8,Isfahan,store,0,0,online,2025-03-26,410,100,invalid_quantity
S000907029,2025-11-07,C024468,Reza,Karimi,reza.karimi24468@example.com,9418016653.0,Mashhad,2020-06-20,P00445,Nova Desk 445,Sports,306.96,,B005,South Branch 5,TEHRAN,online,4,15,cash,2023-02-21,156,20,missing_unit_price
S000907057,2025-06-24,C028332,Hana,Salehi,hana.salehi28332@example.com,9315169889.0,shiraz,2022-12-11,P00070,Classic Sneakers 70,Office,333.81,640.16,B009,South Branch 9,isfahan,store,4,120,cash,2025-02-17,272,20,invalid_discount_percent
S000907524,2025-09-25,C043715,Ali,Rostami,ali.rostami43715@example.com,9368662521.0,Isfahan,2023-05-10,P00446,Nova Coffee 446,Toys,,760.78,B032,Central Branch 32,shiraz,partner,4,25,card,2023-01-29,175,30,missing_unit_cost
S000907958,2024-11-26,C027884,Ali,Hosseini,ali.hosseini27884@example.com,9890967201.0,shiraz,2020-01-27,P00007,Prime Coffee 7,Clothing,118.64,318.72,B015,Outlet Branch 15,Isfahan,partner,0,0,Online,2023-12-03,328,20,invalid_quantity
S000909195,2023-05-12,C017205,Mina,Jafari,mina.jafari17205@example.com,9598258149.0,tehran,2023-05-12,P00180,Plus Coffee 180,Furniture,366.97,527.06,B014,Bazaar Branch 14,shiraz,mobile,0,10,cash,2024-08-13,393,40,invalid_quantity
S000909400,2023-07-21,C037840,Maryam,Salehi,maryam.salehi37840@example.com,9944005232.0,TEHRAN,2022-04-14,P00173,Max Sneakers 173,Health,-70.99,167.61,B005,South Branch 5,TEHRAN,online,2,25,cash,2025-08-11,153,100,invalid_unit_cost
S000909652,2023-08-16,C041175,Maryam,Mohammadi,maryam.mohammadi41175@example.com,9978269761.0,Isfahan,2020-06-27,P00464,Classic Coffee 464,Beauty,251.12,453.84,B034,Express Branch 34,isfahan,partner,-5,0,Online,2024-10-24,182,75,invalid_quantity
S000909908,2024-07-27,C016531,Omid,Rostami,omid.rostami16531@example.com,9146522833.0,TEHRAN,2021-03-16,P00345,Pro Notebook 345,Sports,377.52,887.44,B008,West Branch 8,Isfahan,store,1,5,cash,2025-09-07,81,30,duplicate_sale_id
S000910280,2025-04-20,C037106,Hana,Jafari,hana.jafari37106@example.com,9764897347.0,tehran,2020-05-01,P00012,Classic Headphones 12,Automotive,167.7,,B025,Bazaar Branch 25,Tehran,mobile,1,0,CARD,2023-09-05,415,20,missing_unit_price
S000910325,2023-10-22,C042911,Maryam,Salehi,maryam.salehi42911@example.com,9654206179.0,TEHRAN,2022-06-05,P00032,Smart Cream 32,Automotive,,344.32,B037,Bazaar Branch 37,Tehran,online,8,0,Online,2025-06-01,145,100,missing_unit_cost
S000910432,2025-11-30,C041620,Mina,Jafari,mina.jafari41620@example.com,9293724022.0,Isfahan,2023-02-11,P00316,Basic Shirt 316,Pets,202.33,497.7,B032,Central Branch 32,shiraz,partner,0,10,wallet,2024-06-08,349,50,invalid_quantity
S000910546,2024-07-07,C017501,Omid,Mohammadi,omid.mohammadi17501@example.com,9815261411.0,Shiraz,2022-08-25,P00426,Basic Mixer 426,Toys,288.91,-561.11,B021,Airport Branch 21,tehran,online,1,0,cash,2025-07-22,315,50,invalid_unit_price
S000911669,2024-04-20,C022755,Reza,Moradi,reza.moradi22755@example.com,9731759809.0,Isfahan,2021-02-08,P00272,Smart Coffee 272,Automotive,213.09,320.35,B026,Central Branch 26,Mashhad,partner,0,0,online,2024-04-04,291,75,invalid_quantity
S000912855,2025-01-15,C007484,Ali,Akbari,ali.akbari7484@example.com,9904509987.0,Karaj,2023-05-24,P00022,Eco Coffee 22,Home Appliances,177.76,303.68,B016,North Branch 16,Rasht,online,-4,25,cash,2023-10-12,468,20,invalid_quantity
S000912906,2024-06-06,C044340,Sara,Jafari,sara.jafari44340@example.com,9766366547.0,Tabriz,2021-06-27,P00063,Classic Headphones 63,Books,360.04,496.7,B032,Central Branch 32,shiraz,partner,0,0,wallet,2024-10-30,478,50,invalid_quantity
S000913064,2023-05-31,C020394,Leila,Moradi,leila.moradi20394@example.com,9638712791.0,Tehran,2021-01-09,P00375,Basic Cream 375,Music,228.29,358.53,B011,Central Branch 11,TEHRAN,partner,2,120,Online,2023-06-01,136,75,invalid_discount_percent
S000913126,2025-10-15,C009066,Maryam,Rostami,maryam.rostami9066@example.com,9182466503.0,Mashhad,2020-01-16,P00294,Basic Headphones 294,Jewelry,,141.09,B036,Express Branch 36,TEHRAN,store,6,0,wallet,2024-09-21,436,100,missing_unit_cost
S000913531,2025-07-17,C008677,Maryam,Moradi,maryam.moradi8677@example.com,9824251519.0,TEHRAN,2024-07-26,P00434,Mini Shirt 434,Jewelry,294.45,,B022,Outlet Branch 22,Rasht,mobile,3,20,wallet,2025-11-02,224,100,missing_unit_price
S000913947,2025-12-21,C019659,Reza,Karimi,reza.karimi19659@example.com,9596716171.0,Shiraz,2020-04-17,P00131,Pro Shirt 131,Garden,-34.95,77.2,B014,Bazaar Branch 14,shiraz,mobile,8,0,CARD,2024-12-18,324,30,invalid_unit_cost
S000914143,2023-05-17,C005907,Reza,Jafari,reza.jafari5907@example.com,9251116724.0,Tehran,2022-12-23,P00135,Plus Mixer 135,Music,318.36,542.98,B008,West Branch 8,Isfahan,store,0,20,Online,2025-06-27,484,50,invalid_quantity
S000915380,2023-11-26,C022772,Ali,Rostami,ali.rostami22772@example.com,9242062459.0,Rasht,2022-10-25,P00377,Mini Desk 377,Baby,246.61,686.92,B029,North Branch 29,TEHRAN,mobile,0,5,online,2023-08-28,327,10,invalid_quantity
S000915549,2024-03-12,C031260,Arman,Moradi,arman.moradi31260@example.com,9141950755.0,tehran,2022-09-19,P00116,Prime Desk 116,Pets,182.76,-477.18,B009,South Branch 9,isfahan,store,5,25,online,2024-12-23,109,50,invalid_unit_price
S000915927,2025-04-27,C008487,Omid,Moradi,omid.moradi8487@example.com,9436684605.0,Rasht,2023-10-06,P00440,Basic Shirt 440,Furniture,,698.9,B017,Express Branch 17,tehran,online,1,10,online,2024-09-08,470,20,missing_unit_cost
S000916058,2023-04-15,C027300,Leila,Hosseini,leila.hosseini27300@example.com,9571453735.0,Isfahan,2023-08-09,P00179,Pro Puzzle 179,Gaming,78.04,192.56,B027,Express Branch 27,shiraz,store,-2,15,CARD,2025-03-26,347,40,invalid_quantity
S000916617,2023-11-22,C048934,Neda,Mohammadi,neda.mohammadi48934@example.com,9582925184.0,Tehran,2020-04-06,P00285,Nova Ball 285,Sports,11.64,21.17,B024,Outlet Branch 24,TEHRAN,store,0,0,online,2023-12-02,410,75,invalid_quantity
S000916782,2025-05-23,C032636,Reza,Ahmadi,reza.ahmadi32636@example.com,9761101561.0,Tehran,2020-01-22,P00164,Max Puzzle 164,Beauty,264.63,,B008,West Branch 8,Isfahan,store,6,15,card,2023-08-23,164,75,missing_unit_price
S000917685,2024-02-05,C020798,Ali,Mohammadi,ali.mohammadi20798@example.com,9245683812.0,tehran,2024-01-25,P00037,Basic Ball 37,Baby,125.82,338.81,B027,Express Branch 27,shiraz,store,5,0,wallet,2023-07-19,116,20,duplicate_sale_id
S000917854,2025-08-27,C008256,Ali,Rahimi,ali.rahimi8256@example.com,9573318637.0,shiraz,2022-12-03,P00359,Basic Sneakers 359,Gaming,70.94,125.13,B027,Express Branch 27,shiraz,store,0,0,card,2025-05-19,472,75,invalid_quantity
S000918494,2025-02-15,C032875,Maryam,Rahimi,maryam.rahimi32875@example.com,9877312317.0,Tabriz,2022-10-13,P00472,Pro Desk 472,Automotive,-74.87,99.86,B007,Central Branch 7,Qom,partner,1,20,online,2024-12-19,331,100,invalid_unit_cost
S000918728,2023-02-23,C030867,Leila,Hosseini,leila.hosseini30867@example.com,9207644965.0,isfahan,2024-01-23,P00110,Prime Sneakers 110,Office,,278.01,B020,North Branch 20,Shiraz,online,3,10,wallet,2023-12-03,65,40,missing_unit_cost
S000919071,2024-09-15,C000789,Arman,Hosseini,arman.hosseini789@example.com,9210811807.0,Isfahan,2022-01-22,P00330,Plus Shirt 330,Office,29.9,63.27,B033,South Branch 33,isfahan,online,1,120,CARD,2023-11-29,308,100,invalid_discount_percent
S000919091,2024-01-31,C006493,Maryam,Akbari,maryam.akbari6493@example.com,9784215146.0,Karaj,2022-12-24,P00213,Basic Sneakers 213,Health,312.76,515.89,B005,South Branch 5,TEHRAN,online,0,15,online,2023-06-17,44,100,invalid_quantity
S000919261,2025-02-01,C009161,Reza,Moradi,reza.moradi9161@example.com,9904216986.0,Mashhad,2024-08-14,P00223,Eco Puzzle 223,Books,330.33,632.39,B039,Mall Branch 39,Shiraz,online,-5,20,wallet,2023-04-13,280,10,invalid_quantity
S000920033,2023-10-25,C036103,Omid,Moradi,omid.moradi36103@example.com,9667238778.0,Karaj,2022-10-09,P00327,Mini Shirt 327,Clothing,294.84,,B030,Airport Branch 30,Mashhad,mobile,2,0,online,2023-08-22,468,40,missing_unit_price
S000920328,2024-06-18,C002950,Hana,Rahimi,hana.rahimi2950@example.com,9769794920.0,Tabriz,2023-09-22,P00204,Prime Sneakers 204,Beauty,184.44,355.83,B038,East Branch 38,Tehran,mobile,0,5,cash,2025-02-28,62,75,invalid_quantity
S000920552,2024-06-27,C042886,Leila,Jafari,leila.jafari42886@example.com,9434343171.0,shiraz,2024-05-01,P00453,Basic Sneakers 453,Health,151.96,-405.64,B021,Airport Branch 21,tehran,online,2,20,cash,2023-08-14,425,10,invalid_unit_price
S000921529,2023-12-26,C034000,Mina,Moradi,mina.moradi34000@example.com,9698607867.0,Isfahan,2021-04-08,P00020,Basic Headphones 20,Furniture,,336.67,B018,North Branch 18,Tabriz,partner,2,10,Online,2023-01-23,402,75,missing_unit_cost
S000921565,2024-01-15,C044731,Sara,Mohammadi,sara.mohammadi44731@example.com,9704271649.0,Tabriz,2022-03-22,P00253,Classic Notebook 253,Health,79.31,220.23,B017,Express Branch 17,tehran,online,0,0,cash,2023-12-05,293,50,invalid_quantity
S000922464,2025-10-15,C004167,Mina,Rostami,mina.rostami4167@example.com,9363913847.0,Mashhad,2020-12-24,P00231,Mini Coffee 231,Garden,38.07,103.26,B014,Bazaar Branch 14,shiraz,mobile,-3,15,Online,2025-06-28,44,50,invalid_quantity
S000922802,2024-06-20,C008430,Arman,Mohammadi,arman.mohammadi8430@example.com,9740226364.0,TEHRAN,2020-04-02,P00383,Basic Ball 383,Books,246.85,639.81,B020,North Branch 20,Shiraz,online,0,15,Online,2025-01-28,33,10,invalid_quantity
S000923041,2023-04-08,C040084,Amir,Karimi,amir.karimi40084@example.com,9616725737.0,isfahan,2024-10-29,P00344,Pro Mixer 344,Beauty,-216.3,340.99,B001,Central Branch 1,Rasht,online,2,15,wallet,2025-12-29,298,40,invalid_unit_cost
S000923284,2023-10-17,C018952,Omid,Jafari,omid.jafari18952@example.com,9160247500.0,TEHRAN,2023-07-30,P00356,Basic Desk 356,Pets,157.9,,B019,Bazaar Branch 19,Shiraz,mobile,4,5,Online,2024-09-13,136,40,missing_unit_price
S000924039,2023-09-14,C025423,Mina,Jafari,mina.jafari25423@example.com,9144014786.0,tehran,2020-03-15,P00321,Classic Desk 321,Electronics,261.02,359.94,B016,North Branch 16,Rasht,online,0,20,card,2023-07-11,369,30,invalid_quantity
S000924330,2023-05-18,C000480,Arman,Rostami,arman.rostami480@example.com,9664461415.0,isfahan,2024-04-24,P00336,Max Mixer 336,Pets,,250.81,B015,Outlet Branch 15,Isfahan,partner,5,10,Online,2025-03-24,147,30,missing_unit_cost
S000925078,2024-05-27,C035396,Leila,Hosseini,leila.hosseini35396@example.com,9956731444.0,Isfahan,2024-04-25,P00332,Nova Notebook 332,Automotive,391.91,849.23,B014,Bazaar Branch 14,shiraz,mobile,4,120,online,2025-02-27,261,20,invalid_discount_percent
S000925276,2023-09-26,C029281,Neda,Karimi,neda.karimi29281@example.com,9624514223.0,Karaj,2020-03-21,P00151,Prime Coffee 151,Garden,396.9,465.8,B027,Express Branch 27,shiraz,store,0,0,card,2024-07-13,317,50,invalid_quantity
S000925462,2025-02-20,C036374,Omid,Rahimi,omid.rahimi36374@example.com,9675009562.0,tehran,2022-02-03,P00001,Mini Desk 1,Electronics,75.63,160.11,B018,North Branch 18,Tabriz,partner,1,20,wallet,2023-01-27,386,20,duplicate_sale_id
S000925555,2024-03-05,C036622,Yasin,Salehi,yasin.salehi36622@example.com,9181511402.0,Mashhad,2022-03-17,P00292,Eco Notebook 292,Automotive,98.79,-275.22,B003,Bazaar Branch 3,Karaj,online,1,20,cash,2025-07-12,1,30,invalid_unit_price
S000925667,2024-07-15,C015260,Mina,Salehi,mina.salehi15260@example.com,9363782822.0,Qom,2023-03-07,P00443,Smart Puzzle 443,Books,337.64,456.41,B008,West Branch 8,Isfahan,store,-5,25,Online,2023-09-18,305,40,invalid_quantity
S000926513,2025-03-19,C029396,Maryam,Rostami,maryam.rostami29396@example.com,9462862945.0,Rasht,2021-05-06,P00257,Nova Headphones 257,Baby,285.53,336.65,B006,North Branch 6,tehran,online,0,10,CARD,2025-05-30,81,30,invalid_quantity
S000926535,2024-02-14,C048867,Hana,Mohammadi,hana.mohammadi48867@example.com,9427454264.0,Tehran,2020-03-18,P00271,Prime Ball 271,Garden,136.82,,B007,Central Branch 7,Qom,partner,1,5,cash,2023-06-09,463,40,missing_unit_price
S000927131,2023-12-01,C016221,Amir,Karimi,amir.karimi16221@example.com,9927428232.0,tehran,2020-01-10,P00182,Eco Cream 182,Home Appliances,,822.32,B037,Bazaar Branch 37,Tehran,online,3,5,Online,2023-08-29,420,20,missing_unit_cost
S000927588,2023-09-21,C029277,Sara,Salehi,sara.salehi29277@example.com,9680538444.0,Tehran,2020-02-13,P00252,Smart Coffee 252,Automotive,-180.03,388.9,B017,Express Branch 17,tehran,online,1,20,CARD,2025-06-23,497,75,invalid_unit_cost
S000927750,2025-09-05,C009606,Leila,Rahimi,leila.rahimi9606@example.com,9557183973.0,Qom,2023-03-29,P00157,Smart Puzzle 157,Baby,225.98,442.33,B015,Outlet Branch 15,Isfahan,partner,0,20,Online,2024-11-02,496,40,invalid_quantity
S000928870,2023-10-25,C045353,Yasin,Karimi,yasin.karimi45353@example.com,9480988890.0,Shiraz,2020-08-24,P00157,Smart Puzzle 157,Baby,225.98,442.33,B010,Central Branch 10,Rasht,mobile,-2,0,wallet,2025-06-25,35,10,invalid_quantity
S000928987,2024-05-29,C009315,Omid,Salehi,omid.salehi9315@example.com,9780588647.0,Mashhad,2021-02-18,P00106,Eco Headphones 106,Toys,321.72,376.97,B040,Outlet Branch 40,tehran,online,0,20,cash,2023-11-23,282,10,invalid_quantity
S000929786,2025-01-12,C048977,Yasin,Salehi,yasin.salehi48977@example.com,9636678252.0,Shiraz,2021-07-27,P00385,Plus Notebook 385,Sports,10.15,,B002,Mall Branch 2,Karaj,partner,1,10,cash,2024-08-24,42,50,missing_unit_price
S000929932,2023-08-22,C008686,Reza,Ahmadi,reza.ahmadi8686@example.com,9643118976.0,Mashhad,2022-07-08,P00155,Plus Cream 155,Music,,303.31,B029,North Branch 29,TEHRAN,mobile,2,20,cash,2023-06-24,101,30,missing_unit_cost
S000930224,2023-04-08,C002926,Leila,Mohammadi,leila.mohammadi2926@example.com,9122362658.0,TEHRAN,2021-06-24,P00211,Max Cream 211,Garden,327.13,381.27,B024,Outlet Branch 24,TEHRAN,store,0,0,card,2025-07-19,248,40,invalid_quantity
S000930558,2023-07-30,C028935,Reza,Jafari,reza.jafari28935@example.com,9177750533.0,Shiraz,2020-12-07,P00110,Prime Sneakers 110,Office,158.2,-278.01,B024,Outlet Branch 24,TEHRAN,store,5,20,online,2025-10-24,414,10,invalid_unit_price
S000931085,2023-09-25,C013839,Ali,Jafari,ali.jafari13839@example.com,9814552233.0,Karaj,2022-12-03,P00425,Pro Mixer 425,Sports,136.16,346.38,B033,South Branch 33,isfahan,online,3,120,wallet,2024-12-22,262,75,invalid_discount_percent
S000931461,2024-03-04,C006483,Maryam,Hosseini,maryam.hosseini6483@example.com,9554365071.0,Mashhad,2024-07-14,P00333,Smart Shirt 333,Health,339.25,667.08,B016,North Branch 16,Rasht,online,0,25,cash,2024-05-26,266,10,invalid_quantity
S000932073,2024-08-18,C040780,Amir,Rahimi,amir.rahimi40780@example.com,9856957771.0,Tabriz,2024-09-21,P00198,Smart Puzzle 198,Travel,345.04,899.9,B020,North Branch 20,Shiraz,online,-4,10,wallet,2024-04-06,253,10,invalid_quantity
S000932135,2023-05-06,C004144,Ali,Jafari,ali.jafari4144@example.com,9713811510.0,Isfahan,2022-01-06,P00407,Classic Cream 407,Clothing,-191.59,535.51,B032,Central Branch 32,shiraz,partner,5,5,online,2024-09-20,198,40,invalid_unit_cost
S000932698,2023-08-07,C044653,Arman,Karimi,arman.karimi44653@example.com,9189083083.0,tehran,2021-12-31,P00121,Classic Puzzle 121,Electronics,268.82,442.77,B026,Central Branch 26,Mashhad,partner,0,0,CARD,2024-11-29,498,100,invalid_quantity
S000932733,2025-03-19,C042147,Arman,Salehi,arman.salehi42147@example.com,9849113059.0,Qom,2023-01-18,P00207,Basic Headphones 207,Clothing,,909.62,B015,Outlet Branch 15,Isfahan,partner,1,0,online,2023-07-21,430,50,missing_unit_cost
S000933037,2025-01-06,C041623,Reza,Moradi,reza.moradi41623@example.com,9772427072.0,shiraz,2021-05-04,P00035,Nova Puzzle 35,Music,269.5,,B025,Bazaar Branch 25,Tehran,mobile,6,0,cash,2025-09-15,118,50,missing_unit_price
S000933239,2023-07-10,C032391,Amir,Rostami,amir.rostami32391@example.com,9589321552.0,Tabriz,2024-06-07,P00137,Plus Shirt 137,Baby,361.5,491.41,B029,North Branch 29,TEHRAN,mobile,3,0,card,2024-08-04,351,40,duplicate_sale_id
S000933935,2023-09-09,C047676,Hana,Ahmadi,hana.ahmadi47676@example.com,9816842133.0,Mashhad,2021-05-08,P00141,Pro Desk 141,Electronics,166.04,422.45,B032,Central Branch 32,shiraz,partner,0,0,cash,2025-01-27,412,50,invalid_quantity
S000935172,2024-07-12,C048940,Mina,Rostami,mina.rostami48940@example.com,9966136351.0,Tehran,2023-09-12,P00296,Smart Sneakers 296,Pets,276.49,703.33,B012,South Branch 12,Mashhad,online,0,0,CARD,2024-04-24,197,10,invalid_quantity
S000935276,2023-05-06,C040936,Arman,Jafari,arman.jafari40936@example.com,9475449467.0,Mashhad,2020-09-09,P00353,Max Headphones 353,Health,273.14,584.02,B029,North Branch 29,TEHRAN,mobile,-5,5,online,2025-08-05,477,50,invalid_quantity
S000935534,2025-05-11,C014498,Sara,Karimi,sara.karimi14498@example.com,9845986306.0,Karaj,2022-07-07,P00353,Max Headphones 353,Health,,584.02,B037,Bazaar Branch 37,Tehran,online,1,10,card,2025-01-26,312,30,missing_unit_cost
S000935561,2024-11-22,C006305,Maryam,Rostami,maryam.rostami6305@example.com,9777902474.0,shiraz,2020-06-30,P00400,Prime Puzzle 400,Furniture,151.71,-240.77,B011,Central Branch 11,TEHRAN,partner,3,15,Online,2025-06-23,310,20,invalid_unit_price
S000936288,2024-05-09,C010206,Maryam,Jafari,maryam.jafari10206@example.com,9277347103.0,Karaj,2022-09-03,P00148,Max Coffee 148,Shoes,122.39,,B009,South Branch 9,isfahan,store,1,5,wallet,2024-10-14,246,30,missing_unit_price
S000936409,2023-02-02,C041029,Maryam,Rostami,maryam.rostami41029@example.com,9148679949.0,Tehran,2020-04-26,P00110,Prime Sneakers 110,Office,158.2,278.01,B014,Bazaar Branch 14,shiraz,mobile,0,0,card,2024-03-09,257,40,invalid_quantity
S000936682,2025-09-21,C042088,Ali,Salehi,ali.salehi42088@example.com,9446906364.0,Tabriz,2024-08-13,P00322,Eco Coffee 322,Home Appliances,-264.59,333.64,B013,Outlet Branch 13,Mashhad,mobile,2,5,CARD,2024-07-14,392,100,invalid_unit_cost
S000937092,2025-04-15,C010388,Omid,Salehi,omid.salehi10388@example.com,9524159697.0,isfahan,2023-06-19,P00032,Smart Cream 32,Automotive,288.21,344.32,B020,North Branch 20,Shiraz,online,1,120,Online,2023-08-09,349,40,invalid_discount_percent
S000937646,2024-02-14,C026744,Arman,Moradi,arman.moradi26744@example.com,9206584548.0,tehran,2023-10-31,P00339,Max Sneakers 339,Gaming,357.41,586.63,B029,North Branch 29,TEHRAN,mobile,0,0,wallet,2025-08-01,172,40,invalid_quantity
S000938335,2023-08-07,C004678,Maryam,Mohammadi,maryam.mohammadi4678@example.com,9300362150.0,Tabriz,2024-04-08,P00287,Nova Shirt 287,Clothing,,257.48,B017,Express Branch 17,tehran,online,1,25,online,2024-09-05,396,30,missing_unit_cost
S000938479,2025-07-03,C020086,Arman,Rahimi,arman.rahimi20086@example.com,9549118776.0,Shiraz,2022-05-16,P00394,Pro Puzzle 394,Jewelry,301.92,551.85,B029,North Branch 29,TEHRAN,mobile,-4,15,Online,2023-10-05,384,50,invalid_quantity
S000938883,2025-09-25,C041310,Ali,Moradi,ali.moradi41310@example.com,9609674588.0,Tehran,2020-04-12,P00402,Plus Mixer 402,Home Appliances,127.27,286.84,B026,Central Branch 26,Mashhad,partner,0,20,online,2023-11-11,258,50,invalid_quantity
S000939539,2025-04-14,C014184,Mina,Karimi,mina.karimi14184@example.com,9475209531.0,Rasht,2021-08-21,P00097,Eco Desk 97,Baby,35.63,,B017,Express Branch 17,tehran,online,8,25,cash,2023-04-22,400,100,missing_unit_price
S000940120,2024-07-29,C036892,Hana,Akbari,hana.akbari36892@example.com,9239567376.0,Isfahan,2024-10-15,P00475,Pro Puzzle 475,Music,76.34,120.89,B025,Bazaar Branch 25,Tehran,mobile,0,10,card,2023-09-10,318,40,invalid_quantity
S000940564,2025-01-02,C009245,Yasin,Salehi,yasin.salehi9245@example.com,9113943678.0,Qom,2024-07-19,P00111,Basic Cream 111,Garden,155.52,-295.18,B006,North Branch 6,tehran,online,2,25,online,2025-10-09,417,30,invalid_unit_price
S000941016,2024-01-28,C028550,Arman,Salehi,arman.salehi28550@example.com,9886720803.0,Rasht,2021-02-01,P00116,Prime Desk 116,Pets,182.76,477.18,B005,South Branch 5,TEHRAN,online,10,25,Online,2024-01-18,55,20,duplicate_sale_id
S000941136,2024-05-17,C018101,Sara,Ahmadi,sara.ahmadi18101@example.com,9649511003.0,Isfahan,2021-10-12,P00345,Pro Notebook 345,Sports,,887.44,B021,Airport Branch 21,tehran,online,2,0,wallet,2025-03-06,467,20,missing_unit_cost
S000941229,2023-02-05,C018100,Sara,Moradi,sara.moradi18100@example.com,9142428907.0,Qom,2022-02-24,P00396,Prime Cream 396,Pets,-286.22,618.0,B005,South Branch 5,TEHRAN,online,2,0,wallet,2024-12-01,298,30,invalid_unit_cost
S000941357,2023-08-21,C048209,Omid,Moradi,omid.moradi48209@example.com,9459108348.0,Tehran,2024-01-09,P00108,Smart Shirt 108,Shoes,359.95,495.27,B011,Central Branch 11,TEHRAN,partner,0,5,wallet,2025-01-18,128,75,invalid_quantity
S000941682,2024-02-27,C043414,Sara,Salehi,sara.salehi43414@example.com,9813378237.0,Tabriz,2022-11-01,P00022,Eco Coffee 22,Home Appliances,177.76,303.68,B034,Express Branch 34,isfahan,partner,-1,0,wallet,2024-12-11,269,10,invalid_quantity
S000942594,2023-02-07,C048445,Ali,Mohammadi,ali.mohammadi48445@example.com,9201629029.0,Rasht,2023-07-07,P00285,Nova Ball 285,Sports,11.64,21.17,B039,Mall Branch 39,Shiraz,online,0,20,Online,2025-08-20,478,100,invalid_quantity
S000942790,2024-06-30,C031008,Reza,Ahmadi,reza.ahmadi31008@example.com,9536796365.0,Tabriz,2020-03-12,P00240,Classic Mixer 240,Furniture,231.53,,B024,Outlet Branch 24,TEHRAN,store,5,0,card,2024-07-20,421,40,missing_unit_price
S000943099,2023-05-06,C016836,Ali,Moradi,ali.moradi16836@example.com,9451661912.0,Qom,2023-12-29,P00165,Nova Desk 165,Sports,232.6,637.33,B033,South Branch 33,isfahan,online,2,120,online,2024-03-11,464,75,invalid_discount_percent
S000943831,2025-05-22,C029330,Mina,Moradi,mina.moradi29330@example.com,9369900782.0,Qom,2022-05-30,P00222,Pro Coffee 222,Home Appliances,222.49,604.28,B009,South Branch 9,isfahan,store,0,10,Online,2023-10-21,458,100,invalid_quantity
S000943937,2025-12-11,C030313,Sara,Salehi,sara.salehi30313@example.com,9947956948.0,Tabriz,2021-02-19,P00152,Basic Desk 152,Automotive,,403.55,B031,North Branch 31,Tehran,store,2,25,Online,2025-02-23,22,30,missing_unit_cost
S000944885,2023-12-04,C030122,Leila,Ahmadi,leila.ahmadi30122@example.com,9792951069.0,Tabriz,2021-09-23,P00433,Prime Notebook 433,Health,187.76,358.31,B023,Bazaar Branch 23,Rasht,mobile,-3,25,cash,2023-10-31,350,30,invalid_quantity
S000945068,2025-03-07,C043212,Sara,Mohammadi,sara.mohammadi43212@example.com,9261622302.0,Mashhad,2022-02-20,P00020,Basic Headphones 20,Furniture,188.14,336.67,B030,Airport Branch 30,Mashhad,mobile,0,0,CARD,2023-03-28,325,75,invalid_quantity
S000945567,2024-11-24,C011084,Neda,Jafari,neda.jafari11084@example.com,9597460035.0,Isfahan,2023-10-15,P00168,Nova Shirt 168,Shoes,170.28,-243.7,B006,North Branch 6,tehran,online,1,20,online,2025-09-07,494,75,invalid_unit_price
S000945776,2025-12-18,C043006,Mina,Jafari,mina.jafari43006@example.com,9430454669.0,Shiraz,2020-09-25,P00479,Nova Mixer 479,Gaming,-124.51,153.77,B026,Central Branch 26,Mashhad,partner,3,0,Online,2024-10-04,218,50,invalid_unit_cost
S000946041,2025-07-18,C010092,Leila,Salehi,leila.salehi10092@example.com,9429122106.0,Qom,2022-08-21,P00137,Plus Shirt 137,Baby,361.5,,B014,Bazaar Branch 14,shiraz,mobile,1,10,online,2023-01-18,94,10,missing_unit_price
S000946305,2024-07-08,C023000,Maryam,Ahmadi,maryam.ahmadi23000@example.com,9377845519.0,Tabriz,2023-12-19,P00311,Pro Sneakers 311,Garden,87.8,245.35,B035,Mall Branch 35,isfahan,mobile,0,0,CARD,2023-06-17,29,20,invalid_quantity
S000946738,2025-06-08,C041682,Mina,Rostami,mina.rostami41682@example.com,9534554370.0,TEHRAN,2022-06-26,P00083,Classic Shirt 83,Books,,538.69,B028,Express Branch 28,isfahan,partner,5,0,CARD,2023-03-29,371,10,missing_unit_cost
S000947542,2025-09-08,C010320,Amir,Moradi,amir.moradi10320@example.com,9882251338.0,TEHRAN,2020-05-01,P00481,Pro Desk 481,Electronics,333.13,838.02,B020,North Branch 20,Shiraz,online,0,0,cash,2025-05-29,246,20,invalid_quantity
S000948088,2024-03-01,C045851,Mina,Mohammadi,mina.mohammadi45851@example.com,9485486936.0,Tehran,2022-01-28,P00146,Max Cream 146,Toys,343.18,874.03,B008,West Branch 8,Isfahan,store,-3,25,card,2024-05-25,495,20,invalid_quantity
S000948779,2023-03-10,C025774,Maryam,Rahimi,maryam.rahimi25774@example.com,9665408560.0,Isfahan,2021-02-15,P00411,Max Desk 411,Garden,25.89,56.32,B026,Central Branch 26,Mashhad,partner,0,0,wallet,2025-10-31,416,10,invalid_quantity
S000948793,2024-01-12,C018259,Neda,Ahmadi,neda.ahmadi18259@example.com,9672084199.0,Isfahan,2020-06-26,P00246,Smart Shirt 246,Toys,392.4,1056.94,B037,Bazaar Branch 37,Tehran,online,4,25,card,2024-11-20,296,20,duplicate_sale_id
S000949106,2023-10-23,C046445,Maryam,Rahimi,maryam.rahimi46445@example.com,9860875445.0,Karaj,2022-05-18,P00257,Nova Headphones 257,Baby,285.53,336.65,B021,Airport Branch 21,tehran,online,8,120,wallet,2025-03-21,410,100,invalid_discount_percent
S000949292,2023-12-19,C033412,Reza,Jafari,reza.jafari33412@example.com,9463890637.0,Tabriz,2020-06-02,P00003,Smart Desk 3,Books,148.82,,B014,Bazaar Branch 14,shiraz,mobile,3,25,card,2023-04-28,303,30,missing_unit_price
S000949539,2024-08-05,C048315,Mina,Mohammadi,mina.mohammadi48315@example.com,9364103693.0,Isfahan,2023-09-13,P00498,Prime Coffee 498,Travel,,65.61,B032,Central Branch 32,shiraz,partner,1,10,wallet,2025-08-05,105,30,missing_unit_cost
S000950016,2025-08-07,C037055,Maryam,Akbari,maryam.akbari37055@example.com,9365842994.0,tehran,2023-06-09,P00232,Max Headphones 232,Automotive,42.82,119.85,B039,Mall Branch 39,Shiraz,online,0,20,online,2023-10-04,295,40,invalid_quantity
S000950323,2024-06-05,C031989,Sara,Hosseini,sara.hosseini31989@example.com,9841683942.0,Qom,2022-12-31,P00096,Classic Headphones 96,Pets,-149.76,341.76,B019,Bazaar Branch 19,Shiraz,mobile,1,0,Online,2024-11-05,253,75,invalid_unit_cost
S000950570,2023-02-24,C003812,Arman,Salehi,arman.salehi3812@example.com,9490213781.0,Mashhad,2023-01-27,P00114,Prime Shirt 114,Jewelry,308.99,-847.84,B006,North Branch 6,tehran,online,1,20,Online,2024-06-15,174,30,invalid_unit_price
S000951253,2025-12-11,C042458,Mina,Rahimi,mina.rahimi42458@example.com,9654987695.0,TEHRAN,2020-09-06,P00123,Pro Mixer 123,Books,125.88,338.14,B011,Central Branch 11,TEHRAN,partner,0,0,Online,2024-03-12,296,100,invalid_quantity
S000951291,2023-05-04,C002417,Amir,Rostami,amir.rostami2417@example.com,9534387896.0,isfahan,2022-03-19,P00154,Eco Puzzle 154,Jewelry,130.12,324.57,B033,South Branch 33,isfahan,online,-5,20,wallet,2025-02-03,293,100,invalid_quantity
S000952340,2025-07-07,C039739,Leila,Rahimi,leila.rahimi39739@example.com,9808997875.0,Rasht,2024-09-27,P00353,Max Headphones 353,Health,,584.02,B015,Outlet Branch 15,Isfahan,partner,1,10,wallet,2023-03-26,254,75,missing_unit_cost
S000952490,2024-09-10,C037866,Mina,Mohammadi,mina.mohammadi37866@example.com,9436647760.0,Shiraz,2023-04-16,P00109,Max Headphones 109,Grocery,112.97,246.33,B038,East Branch 38,Tehran,mobile,0,10,CARD,2025-08-17,487,50,invalid_quantity
S000952543,2023-08-10,C026604,Ali,Ahmadi,ali.ahmadi26604@example.com,9708733288.0,Shiraz,2020-02-26,P00247,Plus Desk 247,Clothing,153.59,,B036,Express Branch 36,TEHRAN,store,5,15,wallet,2023-06-10,249,100,missing_unit_price
S000953727,2024-10-31,C001286,Mina,Rostami,mina.rostami1286@example.com,9758293983.0,Isfahan,2022-01-19,P00346,Smart Puzzle 346,Toys,118.21,187.79,B025,Bazaar Branch 25,Tehran,mobile,0,15,CARD,2024-05-21,416,100,invalid_quantity
S000954494,2023-04-28,C046555,Arman,Moradi,arman.moradi46555@example.com,9860745723.0,Tehran,2023-09-14,P00352,Nova Desk 352,Automotive,256.47,527.87,B018,North Branch 18,Tabriz,partner,-2,10,cash,2025-08-15,226,20,invalid_quantity
S000954870,2024-11-06,C036561,Mina,Akbari,mina.akbari36561@example.com,9580117625.0,isfahan,2024-07-31,P00488,Basic Shirt 488,Shoes,-28.99,52.72,B025,Bazaar Branch 25,Tehran,mobile,2,0,Online,2024-06-08,418,30,invalid_unit_cost
S000954964,2023-05-19,C033832,Mina,Moradi,mina.moradi33832@example.com,9522240686.0,tehran,2021-10-28,P00120,Pro Cream 120,Furniture,105.07,128.77,B027,Express Branch 27,shiraz,store,0,15,wallet,2025-09-12,348,10,invalid_quantity
S000955113,2025-08-23,C049499,Omid,Karimi,omid.karimi49499@example.com,9406599685.0,Shiraz,2023-02-28,P00439,Classic Puzzle 439,Gaming,297.94,763.39,B033,South Branch 33,isfahan,online,2,120,wallet,2023-10-21,246,10,invalid_discount_percent
S000955141,2025-07-05,C010661,Neda,Ahmadi,neda.ahmadi10661@example.com,9666986602.0,tehran,2022-11-11,P00199,Mini Headphones 199,Gaming,,746.34,B008,West Branch 8,Isfahan,store,2,0,CARD,2023-03-22,411,75,missing_unit_cost
S000955573,2024-05-26,C041320,Ali,Moradi,ali.moradi41320@example.com,9295983712.0,Qom,2022-11-17,P00332,Nova Notebook 332,Automotive,391.91,-849.23,B010,Central Branch 10,Rasht,mobile,3,5,online,2024-09-19,428,10,invalid_unit_price
S000955794,2025-09-28,C004634,Hana,Karimi,hana.karimi4634@example.com,9190572815.0,Qom,2024-09-17,P00377,Mini Desk 377,Baby,246.61,,B008,West Branch 8,Isfahan,store,2,10,CARD,2023-05-22,499,75,missing_unit_price
S000956201,2023-06-06,C021233,Omid,Jafari,omid.jafari21233@example.com,9365922120.0,Mashhad,2022-07-03,P00334,Plus Desk 334,Jewelry,341.94,421.76,B006,North Branch 6,tehran,online,0,10,CARD,2023-06-23,237,30,invalid_quantity
S000956570,2024-09-21,C004560,Neda,Karimi,neda.karimi4560@example.com,9304414385.0,tehran,2021-01-13,P00071,Classic Sneakers 71,Garden,280.34,477.06,B012,South Branch 12,Mashhad,online,3,25,CARD,2024-02-11,285,20,duplicate_sale_id
S000957438,2025-06-12,C045882,Arman,Ahmadi,arman.ahmadi45882@example.com,9473182600.0,Karaj,2021-10-24,P00089,Smart Shirt 89,Grocery,47.08,58.83,B027,Express Branch 27,shiraz,store,0,25,cash,2023-06-24,295,30,invalid_quantity
S000957697,2023-04-23,C048746,Neda,Hosseini,neda.hosseini48746@example.com,9414584080.0,Karaj,2023-04-01,P00347,Classic Cream 347,Clothing,60.65,93.42,B010,Central Branch 10,Rasht,mobile,-2,0,CARD,2024-09-20,79,75,invalid_quantity
S000957942,2024-06-15,C031065,Ali,Jafari,ali.jafari31065@example.com,9202727913.0,tehran,2022-06-06,P00003,Smart Desk 3,Books,,415.03,B007,Central Branch 7,Qom,partner,6,0,cash,2025-07-16,488,50,missing_unit_cost
S000958675,2024-10-03,C016224,Sara,Moradi,sara.moradi16224@example.com,9999073528.0,Rasht,2023-07-24,P00130,Pro Ball 130,Office,335.8,760.51,B020,North Branch 20,Shiraz,online,0,0,card,2024-10-25,480,75,invalid_quantity
S000959045,2025-01-24,C036976,Sara,Rahimi,sara.rahimi36976@example.com,9192795152.0,Shiraz,2021-12-29,P00212,Smart Puzzle 212,Automotive,203.94,,B029,North Branch 29,TEHRAN,mobile,1,0,wallet,2024-04-15,250,20,missing_unit_price
S000959417,2025-09-14,C036118,Leila,Jafari,leila.jafari36118@example.com,9212994286.0,Rasht,2024-07-03,P00122,Max Shirt 122,Home Appliances,-171.69,431.29,B005,South Branch 5,TEHRAN,online,6,5,cash,2025-01-08,340,30,invalid_unit_cost
S000959912,2023-04-12,C000644,Hana,Ahmadi,hana.ahmadi644@example.com,9179811669.0,Qom,2020-04-09,P00362,Prime Notebook 362,Home Appliances,293.28,659.94,B016,North Branch 16,Rasht,online,0,10,wallet,2025-01-28,220,100,invalid_quantity
S000960576,2023-04-12,C012179,Ali,Salehi,ali.salehi12179@example.com,9865609648.0,Mashhad,2020-05-12,P00469,Prime Desk 469,Grocery,73.29,-87.48,B005,South Branch 5,TEHRAN,online,4,15,online,2023-07-11,65,50,invalid_unit_price
S000960743,2024-02-28,C000722,Arman,Hosseini,arman.hosseini722@example.com,9124250578.0,Isfahan,2023-08-20,P00206,Basic Shirt 206,Toys,,589.63,B029,North Branch 29,TEHRAN,mobile,6,0,Online,2024-02-22,17,100,missing_unit_cost
S000960900,2023-05-16,C041023,Leila,Mohammadi,leila.mohammadi41023@example.com,9721008774.0,Rasht,2022-02-02,P00496,Basic Sneakers 496,Pets,175.81,360.45,B013,Outlet Branch 13,Mashhad,mobile,-4,0,cash,2023-09-22,147,10,invalid_quantity
S000961120,2023-11-06,C040378,Hana,Salehi,hana.salehi40378@example.com,9990786019.0,Mashhad,2023-08-24,P00172,Max Cream 172,Automotive,255.92,403.54,B002,Mall Branch 2,Karaj,partner,3,120,Online,2025-09-30,311,10,invalid_discount_percent
S000961149,2023-07-27,C025208,Ali,Mohammadi,ali.mohammadi25208@example.com,9766549539.0,isfahan,2020-04-03,P00119,Max Coffee 119,Gaming,82.15,102.14,B012,South Branch 12,Mashhad,online,0,25,online,2024-06-25,244,20,invalid_quantity
S000962296,2025-05-03,C027700,Maryam,Karimi,maryam.karimi27700@example.com,9416086078.0,Karaj,2024-10-28,P00148,Max Coffee 148,Shoes,122.39,,B005,South Branch 5,TEHRAN,online,5,20,CARD,2024-08-01,336,100,missing_unit_price
S000962386,2025-08-25,C011449,Leila,Jafari,leila.jafari11449@example.com,9450612574.0,Rasht,2022-05-17,P00087,Basic Shirt 87,Clothing,348.29,691.88,B004,Bazaar Branch 4,Rasht,partner,0,0,cash,2025-10-09,185,75,invalid_quantity
S000963544,2024-09-07,C045114,Ali,Hosseini,ali.hosseini45114@example.com,9980765420.0,Qom,2020-10-12,P00405,Prime Coffee 405,Sports,,772.23,B018,North Branch 18,Tabriz,partner,2,5,CARD,2024-09-01,226,30,missing_unit_cost
S000963623,2025-12-05,C019031,Yasin,Moradi,yasin.moradi19031@example.com,9675252514.0,Mashhad,2023-11-26,P00225,Eco Headphones 225,Sports,120.55,302.55,B035,Mall Branch 35,isfahan,mobile,0,20,card,2025-09-18,200,50,invalid_quantity
S000963964,2023-01-23,C019297,Hana,Hosseini,hana.hosseini19297@example.com,9858259808.0,tehran,2022-05-22,P00259,Classic Shirt 259,Gaming,-149.43,334.22,B018,North Branch 18,Tabriz,partner,3,20,cash,2025-10-12,436,30,invalid_unit_cost
S000964103,2024-01-09,C000631,Neda,Akbari,neda.akbari631@example.com,9445331485.0,shiraz,2022-02-18,P00020,Basic Headphones 20,Furniture,188.14,336.67,B028,Express Branch 28,isfahan,partner,-2,5,card,2024-08-10,498,10,invalid_quantity
S000964347,2025-02-18,C003401,Omid,Akbari,omid.akbari3401@example.com,9113493954.0,Isfahan,2021-11-28,P00248,Mini Ball 248,Shoes,239.95,284.96,B005,South Branch 5,TEHRAN,online,2,0,wallet,2023-07-22,268,100,duplicate_sale_id
S000964860,2024-06-19,C011218,Yasin,Akbari,yasin.akbari11218@example.com,9878178336.0,Shiraz,2024-11-11,P00320,Pro Puzzle 320,Furniture,224.03,267.37,B021,Airport Branch 21,tehran,online,0,15,Online,2023-01-07,230,100,invalid_quantity
S000965547,2025-02-26,C001669,Leila,Mohammadi,leila.mohammadi1669@example.com,9376313067.0,TEHRAN,2024-05-17,P00037,Basic Ball 37,Baby,125.82,,B023,Bazaar Branch 23,Rasht,mobile,4,25,card,2023-05-17,375,75,missing_unit_price
S000965579,2025-11-03,C015192,Amir,Rostami,amir.rostami15192@example.com,9689639433.0,Isfahan,2022-03-18,P00278,Eco Puzzle 278,Travel,164.36,-227.77,B032,Central Branch 32,shiraz,partner,4,5,wallet,2024-09-27,2,30,invalid_unit_price
S000966097,2023-02-17,C032191,Amir,Mohammadi,amir.mohammadi32191@example.com,9766117088.0,tehran,2021-06-17,P00356,Basic Desk 356,Pets,157.9,309.83,B001,Central Branch 1,Rasht,online,0,25,wallet,2023-02-21,12,75,invalid_quantity
S000966345,2024-06-11,C001244,Neda,Mohammadi,neda.mohammadi1244@example.com,9185942015.0,Karaj,2020-03-18,P00413,Plus Shirt 413,Health,,526.41,B025,Bazaar Branch 25,Tehran,mobile,3,5,wallet,2025-06-11,240,50,missing_unit_cost
S000967127,2024-11-29,C002492,Omid,Moradi,omid.moradi2492@example.com,9631529611.0,shiraz,2023-12-13,P00057,Classic Ball 57,Baby,229.73,409.52,B018,North Branch 18,Tabriz,partner,2,120,Online,2023-11-08,221,20,invalid_discount_percent
S000967306,2025-04-06,C020747,Omid,Jafari,omid.jafari20747@example.com,9569063828.0,tehran,2020-11-12,P00016,Plus Shirt 16,Pets,201.17,553.22,B034,Express Branch 34,isfahan,partner,-5,15,CARD,2024-01-12,243,50,invalid_quantity
S000967334,2025-07-29,C013790,Leila,Salehi,leila.salehi13790@example.com,9837329127.0,tehran,2024-03-29,P00060,Basic Puzzle 60,Furniture,59.7,144.88,B026,Central Branch 26,Mashhad,partner,0,25,Online,2025-02-08,166,10,invalid_quantity
S000968511,2023-05-04,C018345,Mina,Rostami,mina.rostami18345@example.com,9960181506.0,Karaj,2023-08-21,P00248,Mini Ball 248,Shoes,-239.95,284.96,B036,Express Branch 36,TEHRAN,store,1,0,online,2024-08-25,487,30,invalid_unit_cost
S000968571,2025-03-31,C035772,Amir,Mohammadi,amir.mohammadi35772@example.com,9823610977.0,Karaj,2021-06-11,P00373,Pro Puzzle 373,Health,394.19,520.69,B023,Bazaar Branch 23,Rasht,mobile,0,25,online,2025-09-20,498,30,invalid_quantity
S000968798,2023-03-31,C023663,Yasin,Ahmadi,yasin.ahmadi23663@example.com,9784962445.0,Shiraz,2020-03-03,P00039,Mini Shirt 39,Gaming,160.85,,B011,Central Branch 11,TEHRAN,partner,5,10,online,2024-09-20,232,10,missing_unit_price
S000969146,2025-01-31,C046391,Ali,Rahimi,ali.rahimi46391@example.com,9965745215.0,tehran,2023-09-02,P00324,Pro Ball 324,Beauty,,392.33,B039,Mall Branch 39,Shiraz,online,3,0,online,2023-05-03,484,10,missing_unit_cost
S000969808,2023-12-02,C040295,Ali,Hosseini,ali.hosseini40295@example.com,9720679331.0,Tabriz,2024-10-05,P00231,Mini Coffee 231,Garden,38.07,103.26,B031,North Branch 31,Tehran,store,0,0,CARD,2025-02-01,167,20,invalid_quantity
S000970509,2023-01-23,C047412,Leila,Rahimi,leila.rahimi47412@example.com,9285509854.0,Tehran,2024-01-31,P00145,Prime Headphones 145,Sports,196.35,266.58,B012,South Branch 12,Mashhad,online,-4,0,card,2023-01-30,280,10,invalid_quantity
S000970582,2025-08-01,C026731,Mina,Ahmadi,mina.ahmadi26731@example.com,9592484519.0,Qom,2020-10-06,P00012,Classic Headphones 12,Automotive,167.7,-202.09,B037,Bazaar Branch 37,Tehran,online,6,15,card,2024-04-02,48,20,invalid_unit_price
S000971045,2023-10-21,C036159,Arman,Moradi,arman.moradi36159@example.com,9776365975.0,Rasht,2022-08-17,P00453,Basic Sneakers 453,Health,151.96,405.64,B031,North Branch 31,Tehran,store,0,0,Online,2023-02-10,159,20,invalid_quantity
S000971947,2025-06-14,C016314,Omid,Hosseini,omid.hosseini16314@example.com,9134538917.0,Rasht,2022-08-28,P00282,Pro Ball 282,Home Appliances,,364.51,B027,Express Branch 27,shiraz,store,1,5,wallet,2025-02-24,336,75,missing_unit_cost
S000972049,2024-01-29,C006356,Arman,Rostami,arman.rostami6356@example.com,9528311491.0,TEHRAN,2024-09-16,P00469,Prime Desk 469,Grocery,73.29,,B022,Outlet Branch 22,Rasht,mobile,3,0,CARD,2025-05-23,198,50,missing_unit_price
S000972124,2025-02-11,C015580,Arman,Rostami,arman.rostami15580@example.com,9788663767.0,Tabriz,2024-10-14,P00405,Prime Coffee 405,Sports,382.05,772.23,B002,Mall Branch 2,Karaj,partner,3,25,CARD,2023-06-12,289,10,duplicate_sale_id
S000972282,2024-05-05,C035742,Ali,Rostami,ali.rostami35742@example.com,9329198650.0,Tehran,2021-07-12,P00438,Basic Notebook 438,Travel,332.3,715.77,B011,Central Branch 11,TEHRAN,partner,0,5,Online,2023-10-01,175,10,invalid_quantity
S000973058,2025-09-25,C024555,Amir,Salehi,amir.salehi24555@example.com,9581493059.0,Shiraz,2020-01-10,P00288,Smart Puzzle 288,Shoes,-19.17,22.84,B019,Bazaar Branch 19,Shiraz,mobile,1,25,Online,2024-09-10,294,100,invalid_unit_cost
S000973134,2025-08-12,C029747,Sara,Hosseini,sara.hosseini29747@example.com,9469830291.0,tehran,2022-11-19,P00197,Nova Puzzle 197,Baby,174.84,249.41,B016,North Branch 16,Rasht,online,1,120,card,2025-11-26,477,50,invalid_discount_percent
S000973519,2024-06-17,C034197,Ali,Hosseini,ali.hosseini34197@example.com,9634122244.0,tehran,2021-08-16,P00204,Prime Sneakers 204,Beauty,184.44,355.83,B016,North Branch 16,Rasht,online,0,10,online,2023-06-27,169,40,invalid_quantity
S000973712,2024-09-25,C033371,Ali,Rostami,ali.rostami33371@example.com,9914371778.0,shiraz,2022-07-06,P00184,Basic Sneakers 184,Beauty,129.67,278.47,B015,Outlet Branch 15,Isfahan,partner,-4,10,cash,2023-02-15,66,75,invalid_quantity
S000974748,2025-06-14,C040983,Neda,Jafari,neda.jafari40983@example.com,9576691916.0,shiraz,2021-01-20,P00377,Mini Desk 377,Baby,,686.92,B008,West Branch 8,Isfahan,store,3,20,wallet,2025-07-13,100,30,missing_unit_cost
S000974756,2025-12-10,C039483,Hana,Salehi,hana.salehi39483@example.com,9173743353.0,Karaj,2020-08-28,P00012,Classic Headphones 12,Automotive,167.7,202.09,B031,North Branch 31,Tehran,store,0,20,Online,2025-12-21,165,75,invalid_quantity
S000975300,2024-02-10,C017765,Sara,Hosseini,sara.hosseini17765@example.com,9925079878.0,isfahan,2023-07-29,P00500,Nova Headphones 500,Furniture,126.81,,B022,Outlet Branch 22,Rasht,mobile,10,0,wallet,2025-08-17,40,30,missing_unit_price
S000975585,2023-01-23,C045136,Sara,Hosseini,sara.hosseini45136@example.com,9535518741.0,Rasht,2023-06-22,P00268,Basic Headphones 268,Shoes,248.33,-507.33,B010,Central Branch 10,Rasht,mobile,1,25,online,2024-05-15,333,10,invalid_unit_price
S000975993,2023-05-05,C004404,Yasin,Moradi,yasin.moradi4404@example.com,9718126104.0,shiraz,2020-01-01,P00221,Eco Ball 221,Electronics,159.84,202.3,B032,Central Branch 32,shiraz,partner,0,0,online,2024-09-24,59,40,invalid_quantity
S000976915,2025-04-05,C044166,Hana,Ahmadi,hana.ahmadi44166@example.com,9465216034.0,Shiraz,2021-07-19,P00478,Plus Coffee 478,Travel,277.37,601.41,B011,Central Branch 11,TEHRAN,partner,-3,10,wallet,2025-02-08,275,100,invalid_quantity
S000977230,2025-10-11,C023431,Reza,Jafari,reza.jafari23431@example.com,9691836897.0,TEHRAN,2023-11-15,P00131,Pro Shirt 131,Garden,34.95,77.2,B039,Mall Branch 39,Shiraz,online,0,0,card,2025-02-02,474,30,invalid_quantity
S000977549,2024-12-19,C032931,Arman,Karimi,arman.karimi32931@example.com,9334916102.0,Tabriz,2023-09-12,P00257,Nova Headphones 257,Baby,,336.65,B016,North Branch 16,Rasht,online,1,15,CARD,2025-01-16,398,20,missing_unit_cost
S000977605,2024-12-08,C010233,Amir,Karimi,amir.karimi10233@example.com,9133371244.0,Tehran,2023-07-08,P00272,Smart Coffee 272,Automotive,-213.09,320.35,B008,West Branch 8,Isfahan,store,2,15,wallet,2024-01-02,187,20,invalid_unit_cost
S000978467,2024-01-20,C006473,Reza,Hosseini,reza.hosseini6473@example.com,9629702023.0,Karaj,2022-10-10,P00104,Mini Desk 104,Beauty,185.86,431.35,B039,Mall Branch 39,Shiraz,online,0,0,online,2025-06-12,488,100,invalid_quantity
S000978551,2023-05-22,C003010,Mina,Karimi,mina.karimi3010@example.com,9849223444.0,Isfahan,2023-04-20,P00218,Plus Sneakers 218,Travel,224.03,,B031,North Branch 31,Tehran,store,2,5,cash,2024-12-13,111,100,missing_unit_price
S000979141,2025-07-15,C029586,Hana,Rostami,hana.rostami29586@example.com,9560191305.0,Qom,2021-08-03,P00215,Mini Puzzle 215,Music,73.52,87.63,B035,Mall Branch 35,isfahan,mobile,2,120,Online,2024-01-20,429,100,invalid_discount_percent
S000979704,2024-02-07,C034829,Maryam,Moradi,maryam.moradi34829@example.com,9984069753.0,Rasht,2021-02-07,P00497,Eco Headphones 497,Baby,117.38,175.5,B040,Outlet Branch 40,tehran,online,0,0,card,2024-12-17,147,50,invalid_quantity
S000979901,2024-07-14,C017468,Hana,Mohammadi,hana.mohammadi17468@example.com,9256716883.0,Qom,2022-11-22,P00257,Nova Headphones 257,Baby,285.53,336.65,B011,Central Branch 11,TEHRAN,partner,3,0,CARD,2025-10-07,458,10,duplicate_sale_id
S000980118,2024-03-01,C031562,Ali,Akbari,ali.akbari31562@example.com,9395331230.0,shiraz,2021-08-15,P00497,Eco Headphones 497,Baby,117.38,175.5,B009,South Branch 9,isfahan,store,-1,10,CARD,2025-08-04,351,75,invalid_quantity
S000980350,2023-03-02,C047121,Mina,Ahmadi,mina.ahmadi47121@example.com,9266459969.0,Rasht,2024-10-02,P00318,Pro Ball 318,Travel,,99.48,B036,Express Branch 36,TEHRAN,store,3,5,Online,2024-08-01,288,50,missing_unit_cost
S000980588,2025-12-29,C035858,Neda,Akbari,neda.akbari35858@example.com,9436078457.0,Qom,2023-04-22,P00304,Max Headphones 304,Beauty,16.34,-31.81,B037,Bazaar Branch 37,Tehran,online,3,0,Online,2025-10-30,458,20,invalid_unit_price
S000980941,2025-05-27,C038025,Sara,Moradi,sara.moradi38025@example.com,9208619107.0,isfahan,2023-02-04,P00292,Eco Notebook 292,Automotive,98.79,275.22,B025,Bazaar Branch 25,Tehran,mobile,0,10,CARD,2024-03-05,186,50,invalid_quantity
S000981802,2023-08-30,C037209,Arman,Akbari,arman.akbari37209@example.com,9990950523.0,tehran,2023-03-31,P00227,Eco Shirt 227,Clothing,58.89,,B014,Bazaar Branch 14,shiraz,mobile,1,0,wallet,2025-02-10,23,40,missing_unit_price
S000982152,2023-04-19,C011995,Maryam,Ahmadi,maryam.ahmadi11995@example.com,9206185700.0,Isfahan,2024-05-03,P00265,Eco Mixer 265,Sports,-398.58,866.09,B006,North Branch 6,tehran,online,10,0,CARD,2024-07-23,454,40,invalid_unit_cost
S000982178,2023-12-24,C024456,Hana,Ahmadi,hana.ahmadi24456@example.com,9156191975.0,Tehran,2024-08-12,P00033,Smart Coffee 33,Health,338.72,496.36,B006,North Branch 6,tehran,online,0,0,card,2023-04-10,287,75,invalid_quantity
S000983151,2024-09-28,C017765,Sara,Hosseini,sara.hosseini17765@example.com,9925079878.0,isfahan,2023-07-29,P00076,Prime Mixer 76,Pets,,503.51,B004,Bazaar Branch 4,Rasht,partner,2,5,card,2024-04-11,452,50,missing_unit_cost
S000983321,2025-09-12,C008873,Amir,Hosseini,amir.hosseini8873@example.com,9976296466.0,isfahan,2023-12-28,P00041,Prime Puzzle 41,Electronics,176.45,458.88,B008,West Branch 8,Isfahan,store,-4,20,card,2025-04-02,416,75,invalid_quantity
S000983415,2024-10-12,C011621,Arman,Rahimi,arman.rahimi11621@example.com,9398155904.0,Isfahan,2022-06-10,P00096,Classic Headphones 96,Pets,149.76,341.76,B016,North Branch 16,Rasht,online,0,0,cash,2024-12-31,498,10,invalid_quantity
S000984652,2023-08-13,C012599,Neda,Rostami,neda.rostami12599@example.com,9185432420.0,Karaj,2022-05-13,P00493,Smart Ball 493,Health,196.16,387.38,B026,Central Branch 26,Mashhad,partner,0,15,cash,2023-04-13,112,75,invalid_quantity
S000985053,2024-07-10,C018447,Yasin,Hosseini,yasin.hosseini18447@example.com,9838866057.0,tehran,2024-01-10,P00294,Basic Headphones 294,Jewelry,58.86,,B003,Bazaar Branch 3,Karaj,online,4,0,wallet,2025-01-12,127,50,missing_unit_price
S000985148,2025-01-10,C023051,Sara,Rahimi,sara.rahimi23051@example.com,9433744880.0,TEHRAN,2023-09-21,P00206,Basic Shirt 206,Toys,241.09,589.63,B016,North Branch 16,Rasht,online,3,120,Online,2023-09-26,362,75,invalid_discount_percent
S000985591,2025-09-25,C007315,Leila,Karimi,leila.karimi7315@example.com,9608853022.0,TEHRAN,2023-01-18,P00174,Plus Puzzle 174,Jewelry,56.19,-69.75,B004,Bazaar Branch 4,Rasht,partner,2,25,card,2024-03-08,491,10,invalid_unit_price
S000985889,2025-10-07,C035479,Sara,Salehi,sara.salehi35479@example.com,9143594617.0,Qom,2023-01-11,P00058,Classic Headphones 58,Travel,73.06,162.67,B028,Express Branch 28,isfahan,partner,0,0,online,2024-04-27,269,30,invalid_quantity
S000985952,2025-05-01,C003914,Neda,Salehi,neda.salehi3914@example.com,9754324436.0,Shiraz,2024-07-23,P00028,Prime Puzzle 28,Shoes,,267.99,B040,Outlet Branch 40,tehran,online,10,5,card,2025-03-03,332,10,missing_unit_cost
S000986524,2025-03-09,C029484,Hana,Akbari,hana.akbari29484@example.com,9537120550.0,tehran,2024-05-14,P00310,Smart Coffee 310,Office,201.78,331.87,B006,North Branch 6,tehran,online,-5,25,CARD,2024-01-26,272,20,invalid_quantity
S000986699,2025-08-04,C024600,Neda,Salehi,neda.salehi24600@example.com,9542028487.0,Karaj,2020-11-05,P00290,Nova Mixer 290,Office,-160.58,216.38,B033,South Branch 33,isfahan,online,1,15,Online,2025-04-08,360,100,invalid_unit_cost
S000987126,2023-06-11,C004585,Leila,Hosseini,leila.hosseini4585@example.com,9159217839.0,tehran,2024-09-03,P00224,Smart Ball 224,Beauty,324.83,506.06,B029,North Branch 29,TEHRAN,mobile,0,10,wallet,2024-04-03,322,40,invalid_quantity
S000987678,2024-12-30,C007093,Amir,Rahimi,amir.rahimi7093@example.com,9751320617.0,shiraz,2022-06-09,P00341,Prime Ball 341,Electronics,251.88,321.24,B030,Airport Branch 30,Mashhad,mobile,2,25,wallet,2025-08-19,331,100,duplicate_sale_id
S000988304,2025-03-25,C043443,Sara,Moradi,sara.moradi43443@example.com,9500050011.0,Tehran,2023-04-10,P00061,Mini Sneakers 61,Electronics,249.12,,B031,North Branch 31,Tehran,store,8,10,card,2025-02-17,407,40,missing_unit_price
S000988363,2023-12-19,C047361,Hana,Hosseini,hana.hosseini47361@example.com,9515317055.0,Isfahan,2020-01-06,P00221,Eco Ball 221,Electronics,159.84,202.3,B001,Central Branch 1,Rasht,online,0,0,card,2024-08-10,17,20,invalid_quantity
S000988753,2023-09-10,C033595,Hana,Mohammadi,hana.mohammadi33595@example.com,9134014689.0,shiraz,2024-06-07,P00202,Eco Ball 202,Home Appliances,,431.24,B017,Express Branch 17,tehran,online,6,20,cash,2024-03-10,287,20,missing_unit_cost
S000989600,2025-01-21,C010417,Mina,Mohammadi,mina.mohammadi10417@example.com,9725377108.0,shiraz,2020-05-04,P00201,Prime Notebook 201,Electronics,162.81,426.39,B023,Bazaar Branch 23,Rasht,mobile,0,5,Online,2023-08-05,471,10,invalid_quantity
S000989727,2023-08-11,C033382,Hana,Rostami,hana.rostami33382@example.com,9460932565.0,Shiraz,2021-11-07,P00433,Prime Notebook 433,Health,187.76,358.31,B034,Express Branch 34,isfahan,partner,-3,0,card,2023-10-08,461,75,invalid_quantity
S000990594,2023-10-03,C025082,Sara,Rahimi,sara.rahimi25082@example.com,9481533971.0,TEHRAN,2024-08-22,P00006,Nova Puzzle 6,Toys,236.33,-478.89,B036,Express Branch 36,TEHRAN,store,2,15,online,2024-04-11,297,50,invalid_unit_price
S000990837,2025-10-01,C024174,Hana,Hosseini,hana.hosseini24174@example.com,9151225709.0,Karaj,2023-04-11,P00150,Smart Ball 150,Office,326.14,480.8,B039,Mall Branch 39,Shiraz,online,0,20,Online,2025-12-02,498,20,invalid_quantity
S000991155,2023-08-20,C021406,Sara,Moradi,sara.moradi21406@example.com,9515549979.0,Qom,2022-06-27,P00179,Pro Puzzle 179,Gaming,78.04,192.56,B004,Bazaar Branch 4,Rasht,partner,1,120,wallet,2023-09-28,314,40,invalid_discount_percent
S000991246,2024-06-16,C034504,Arman,Salehi,arman.salehi34504@example.com,9788544566.0,isfahan,2024-07-26,P00293,Plus Sneakers 293,Health,-336.86,704.05,B014,Bazaar Branch 14,shiraz,mobile,3,15,wallet,2025-11-08,291,100,invalid_unit_cost
S000991554,2024-06-15,C032874,Mina,Karimi,mina.karimi32874@example.com,9559385157.0,shiraz,2024-01-08,P00098,Plus Shirt 98,Travel,,50.59,B021,Airport Branch 21,tehran,online,6,25,card,2025-12-12,22,30,missing_unit_cost
S000991555,2024-04-03,C049476,Omid,Hosseini,omid.hosseini49476@example.com,9436038517.0,shiraz,2022-03-21,P00341,Prime Ball 341,Electronics,251.88,,B015,Outlet Branch 15,Isfahan,partner,3,20,card,2025-11-05,52,75,missing_unit_price
S000992074,2024-03-31,C017388,Yasin,Hosseini,yasin.hosseini17388@example.com,9107176014.0,Isfahan,2024-05-08,P00103,Nova Ball 103,Books,327.2,674.75,B017,Express Branch 17,tehran,online,0,0,Online,2023-12-23,294,75,invalid_quantity
S000992930,2025-09-14,C003635,Maryam,Rahimi,maryam.rahimi3635@example.com,9916671494.0,Isfahan,2020-01-23,P00188,Mini Puzzle 188,Shoes,21.37,36.15,B035,Mall Branch 35,isfahan,mobile,-2,25,card,2023-09-23,164,75,invalid_quantity
S000993311,2025-06-16,C032247,Ali,Ahmadi,ali.ahmadi32247@example.com,9598599046.0,Shiraz,2020-10-16,P00118,Classic Notebook 118,Travel,123.09,220.66,B013,Outlet Branch 13,Mashhad,mobile,0,0,CARD,2023-12-06,121,100,invalid_quantity
S000994355,2024-11-03,C022252,Hana,Salehi,hana.salehi22252@example.com,9216287018.0,Rasht,2020-08-28,P00226,Mini Cream 226,Toys,,818.98,B030,Airport Branch 30,Mashhad,mobile,3,15,Online,2024-11-19,328,30,missing_unit_cost
S000994548,2024-05-30,C004016,Leila,Moradi,leila.moradi4016@example.com,9719569898.0,Isfahan,2024-03-15,P00259,Classic Shirt 259,Gaming,149.43,334.22,B005,South Branch 5,TEHRAN,online,0,0,online,2024-05-07,125,75,invalid_quantity
S000994806,2024-07-18,C040619,Amir,Hosseini,amir.hosseini40619@example.com,9703116630.0,shiraz,2024-05-13,P00469,Prime Desk 469,Grocery,73.29,,B019,Bazaar Branch 19,Shiraz,mobile,2,5,Online,2024-03-09,143,50,missing_unit_price
S000995455,2023-10-26,C035120,Neda,Rostami,neda.rostami35120@example.com,9738132822.0,Mashhad,2022-04-20,P00318,Pro Ball 318,Travel,67.66,99.48,B001,Central Branch 1,Rasht,online,2,15,wallet,2024-09-25,253,50,duplicate_sale_id
S000995597,2025-10-15,C001321,Amir,Mohammadi,amir.mohammadi1321@example.com,9611267257.0,Mashhad,2024-11-18,P00420,Smart Puzzle 420,Furniture,101.83,-151.61,B029,North Branch 29,TEHRAN,mobile,3,10,wallet,2025-02-23,353,75,invalid_unit_price
S000995785,2024-08-12,C002465,Arman,Karimi,arman.karimi2465@example.com,9658404186.0,Karaj,2024-05-26,P00401,Classic Puzzle 401,Electronics,154.81,387.8,B012,South Branch 12,Mashhad,online,0,0,wallet,2024-03-04,379,20,invalid_quantity
S000995793,2023-02-05,C043651,Hana,Mohammadi,hana.mohammadi43651@example.com,9710905395.0,TEHRAN,2020-04-17,P00020,Basic Headphones 20,Furniture,-188.14,336.67,B037,Bazaar Branch 37,Tehran,online,3,0,CARD,2024-08-04,34,75,invalid_unit_cost
S000996133,2024-07-14,C025261,Mina,Jafari,mina.jafari25261@example.com,9567929559.0,Rasht,2024-11-02,P00128,Mini Coffee 128,Shoes,136.7,209.32,B037,Bazaar Branch 37,Tehran,online,-3,15,card,2024-04-05,22,40,invalid_quantity
S000997022,2024-06-11,C004500,Sara,Akbari,sara.akbari4500@example.com,9151894299.0,Karaj,2021-02-10,P00182,Eco Cream 182,Home Appliances,349.26,822.32,B010,Central Branch 10,Rasht,mobile,0,5,card,2024-06-05,273,20,invalid_quantity
S000997156,2025-11-07,C049335,Ali,Ahmadi,ali.ahmadi49335@example.com,9257290880.0,shiraz,2024-03-16,P00054,Basic Headphones 54,Jewelry,,240.45,B036,Express Branch 36,TEHRAN,store,8,0,Online,2024-08-15,33,30,missing_unit_cost
S000997162,2024-04-26,C006951,Amir,Rostami,amir.rostami6951@example.com,9700485168.0,Qom,2023-12-25,P00410,Classic Mixer 410,Office,327.16,425.14,B027,Express Branch 27,shiraz,store,8,120,Online,2023-05-14,296,10,invalid_discount_percent
S000998057,2024-08-06,C007157,Arman,Salehi,arman.salehi7157@example.com,9566543501.0,Isfahan,2024-04-29,P00453,Basic Sneakers 453,Health,151.96,,B036,Express Branch 36,TEHRAN,store,2,10,wallet,2025-04-25,332,40,missing_unit_price
S000998259,2024-07-13,C023367,Neda,Mohammadi,neda.mohammadi23367@example.com,9880574812.0,Qom,2020-06-30,P00370,Max Puzzle 370,Office,394.39,608.3,B022,Outlet Branch 22,Rasht,mobile,0,5,card,2023-04-01,426,40,invalid_quantity
S000999336,2025-03-26,C032623,Maryam,Rahimi,maryam.rahimi32623@example.com,9101465982.0,Mashhad,2020-12-14,P00457,Plus Sneakers 457,Baby,51.47,111.57,B015,Outlet Branch 15,Isfahan,partner,-2,0,online,2023-05-13,229,75,invalid_quantity
S000999496,2025-12-22,C008469,Maryam,Salehi,maryam.salehi8469@example.com,9895398019.0,Tehran,2022-08-04,P00357,Classic Shirt 357,Baby,323.67,832.68,B031,North Branch 31,Tehran,store,0,25,Online,2023-06-08,90,50,invalid_quantity
S000999957,2023-07-03,C042130,Reza,Jafari,reza.jafari42130@example.com,9582750439.0,TEHRAN,2022-07-19,P00312,Nova Mixer 312,Automotive,,208.66,B006,North Branch 6,tehran,online,2,25,online,2025-12-17,208,50,missing_unit_cost
