sale_id,sale_date,customer_id,customer_first_name,customer_last_name,customer_email,customer_phone,customer_city,customer_signup_date,product_id,product_name,category_name,unit_cost,unit_price,branch_id,branch_name,branch_city,sales_channel,quantity,discount_percent,payment_method,inventory_snapshot_date,stock_quantity,reorder_level,category_display_name,rejection_reason
S000001237,2024-08-07,C037969,Omid,Mohammadi,omid.mohammadi37969@example.com,09245969127,Shiraz,2024-07-06,P00436,Basic Notebook 436,pets,41.7,75.27,B040,Outlet Branch 40,Tehran,online,0,10,online,2023-05-08,290,75,Pets,invalid quantity
S000002474,2023-08-11,C027935,Mina,Ahmadi,mina.ahmadi27935@example.com,09683474569,Isfahan,2021-02-03,P00311,Pro Sneakers 311,garden,87.8,245.35,B038,East Branch 38,Tehran,mobile,0,25,cash,2025-08-26,176,10,Garden,invalid quantity
S000003203,2023-06-24,C011817,Mina,Karimi,mina.karimi11817@example.com,09903931888,Isfahan,2022-10-08,P00417,Basic Mixer 417,baby,166.29,246.46,B038,East Branch 38,Tehran,mobile,-5,15,cash,2024-09-02,139,20,Baby,invalid quantity
S000003711,2023-03-07,C002384,Maryam,Rostami,maryam.rostami2384@example.com,09172492053,Isfahan,2020-02-06,P00370,Max Puzzle 370,office,394.39,608.3,B008,West Branch 8,Isfahan,store,0,0,card,2023-08-12,318,40,Office,invalid quantity
S000004948,2025-04-09,C030278,Reza,Moradi,reza.moradi30278@example.com,09945321444,Tehran,2024-06-13,P00122,Max Shirt 122,home appliances,171.69,431.29,B016,North Branch 16,Rasht,online,0,25,cash,2023-11-21,170,75,Home Appliances,invalid quantity
S000006185,2025-04-19,C024073,Reza,Rostami,reza.rostami24073@example.com,09661356460,Tehran,2022-11-11,P00252,Smart Coffee 252,automotive,180.03,388.9,B030,Airport Branch 30,Mashhad,mobile,0,25,online,2024-03-01,485,10,Automotive,invalid quantity
S000006406,2023-07-14,C018705,Leila,Jafari,leila.jafari18705@example.com,09483690723,Isfahan,2022-01-19,P00304,Max Headphones 304,beauty,16.34,31.81,B019,Bazaar Branch 19,Shiraz,mobile,-3,25,online,2023-08-28,464,20,Beauty,invalid quantity
S000007422,2025-08-26,C000949,Yasin,Akbari,yasin.akbari949@example.com,09939328588,Isfahan,2020-08-18,P00065,Basic Mixer 65,sports,381.26,805.32,B026,Central Branch 26,Mashhad,partner,0,10,online,2024-02-02,466,20,Sports,invalid quantity
S000008659,2025-07-24,C033132,Omid,Hosseini,omid.hosseini33132@example.com,09155314667,Karaj,2024-07-30,P00160,Nova Coffee 160,furniture,334.31,436.72,B006,North Branch 6,Tehran,online,0,0,cash,2025-02-01,235,40,Furniture,invalid quantity
S000009609,2025-04-25,C014455,Leila,Mohammadi,leila.mohammadi14455@example.com,09933798616,Mashhad,2024-08-20,P00143,Classic Cream 143,books,280.13,530.49,B038,East Branch 38,Tehran,mobile,-4,5,cash,2025-03-15,406,10,Books,invalid quantity
S000009896,2023-10-19,C025093,Neda,Karimi,neda.karimi25093@example.com,09482751375,Tabriz,2024-12-04,P00011,Prime Ball 11,garden,73.98,195.05,B016,North Branch 16,Rasht,online,0,15,online,2025-03-07,238,10,Garden,invalid quantity
S000011133,2024-08-05,C024270,Mina,Salehi,mina.salehi24270@example.com,09212418887,Shiraz,2022-01-27,P00209,Max Coffee 209,grocery,191.87,459.46,B016,North Branch 16,Rasht,online,0,0,online,2025-09-29,467,40,Grocery,invalid quantity
S000012370,2023-01-06,C018562,Arman,Moradi,arman.moradi18562@example.com,09259452887,Isfahan,2020-10-10,P00417,Basic Mixer 417,baby,166.29,246.46,B006,North Branch 6,Tehran,online,0,0,online,2025-05-09,427,50,Baby,invalid quantity
S000012812,2025-10-18,C040798,Omid,Salehi,omid.salehi40798@example.com,09476156181,Tehran,2020-04-21,P00211,Max Cream 211,garden,327.13,381.27,B016,North Branch 16,Rasht,online,-1,0,card,2024-05-12,357,10,Garden,invalid quantity
S000013607,2024-03-03,C013779,Neda,Hosseini,neda.hosseini13779@example.com,09848154437,Mashhad,2020-06-08,P00081,Eco Coffee 81,electronics,267.58,643.87,B005,South Branch 5,Tehran,online,0,10,cash,2025-02-01,208,30,Electronics,invalid quantity
S000014844,2023-04-23,C039153,Maryam,Ahmadi,maryam.ahmadi39153@example.com,09886210919,Qom,2020-11-14,P00088,Pro Mixer 88,shoes,298.11,741.36,B026,Central Branch 26,Mashhad,partner,0,20,cash,2025-10-11,483,30,Shoes,invalid quantity
S000016015,2023-04-19,C019290,Hana,Ahmadi,hana.ahmadi19290@example.com,09288146150,Karaj,2021-12-10,P00166,Nova Notebook 166,toys,222.57,536.63,B017,Express Branch 17,Tehran,online,-1,0,online,2024-10-05,318,20,Toys,invalid quantity
S000016081,2023-10-08,C012680,Leila,Ahmadi,leila.ahmadi12680@example.com,09633119425,Rasht,2022-11-12,P00251,Eco Shirt 251,garden,386.68,910.55,B008,West Branch 8,Isfahan,store,0,15,card,2024-09-27,293,20,Garden,invalid quantity
S000017318,2024-12-28,C024852,Omid,Rahimi,omid.rahimi24852@example.com,09673385576,Isfahan,2024-07-12,P00269,Smart Desk 269,grocery,325.45,721.28,B029,North Branch 29,Tehran,mobile,0,25,card,2024-09-07,202,50,Grocery,invalid quantity
S000018555,2025-02-18,C003934,Yasin,Rostami,yasin.rostami3934@example.com,09405761709,Tehran,2023-04-16,P00267,Eco Notebook 267,clothing,260.43,311.3,B028,Express Branch 28,Isfahan,partner,0,5,card,2023-12-09,475,20,Clothing,invalid quantity
S000019218,2024-02-12,C044636,Yasin,Moradi,yasin.moradi44636@example.com,09168202111,Mashhad,2020-11-16,P00310,Smart Coffee 310,office,201.78,331.87,B011,Central Branch 11,Tehran,partner,-5,0,wallet,2025-11-23,486,30,Office,invalid quantity
S000019792,2025-05-11,C043516,Maryam,Rostami,maryam.rostami43516@example.com,09483108337,Isfahan,2024-10-01,P00034,Basic Coffee 34,jewelry,219.46,377.08,B038,East Branch 38,Tehran,mobile,0,10,online,2025-08-05,25,100,Jewelry,invalid quantity
S000021029,2023-08-27,C048656,Arman,Jafari,arman.jafari48656@example.com,09558179554,Tehran,2022-11-19,P00364,Prime Headphones 364,beauty,132.49,368.18,B026,Central Branch 26,Mashhad,partner,0,25,wallet,2023-09-16,31,75,Beauty,invalid quantity
S000022266,2024-02-07,C018416,Hana,Jafari,hana.jafari18416@example.com,09539157488,Tabriz,2022-11-24,P00052,Smart Coffee 52,automotive,204.8,285.16,B026,Central Branch 26,Mashhad,partner,0,0,cash,2023-03-08,331,10,Automotive,invalid quantity
S000022421,2025-09-02,C049343,Neda,Karimi,neda.karimi49343@example.com,09430211266,Tehran,2023-09-12,P00319,Basic Sneakers 319,gaming,110.8,226.34,B006,North Branch 6,Tehran,online,-2,10,cash,2023-08-06,232,10,Gaming,invalid quantity
S000023503,2024-05-18,C032034,Mina,Ahmadi,mina.ahmadi32034@example.com,09164018860,Rasht,2024-05-27,P00190,Max Coffee 190,office,260.09,530.99,B038,East Branch 38,Tehran,mobile,0,0,wallet,2025-06-19,436,20,Office,invalid quantity
S000024740,2024-06-24,C021994,Amir,Hosseini,amir.hosseini21994@example.com,09690517276,Tehran,2024-03-16,P00364,Prime Headphones 364,beauty,132.49,368.18,B002,Mall Branch 2,Karaj,partner,0,0,card,2023-05-15,99,30,Beauty,invalid quantity
S000025624,2024-06-12,C023834,Neda,Moradi,neda.moradi23834@example.com,09284218515,Tehran,2020-06-02,P00278,Eco Puzzle 278,travel,164.36,227.77,B031,North Branch 31,Tehran,store,-2,15,online,2023-03-06,303,50,Travel,invalid quantity
S000025977,2025-12-18,C029759,Hana,Moradi,hana.moradi29759@example.com,09421368739,Isfahan,2023-09-25,P00387,Pro Ball 387,clothing,95.04,250.48,B037,Bazaar Branch 37,Tehran,online,0,5,cash,2024-08-12,361,40,Clothing,invalid quantity
S000027214,2023-03-05,C042420,Arman,Karimi,arman.karimi42420@example.com,09651534349,Tehran,2023-09-06,P00268,Basic Headphones 268,shoes,248.33,507.33,B040,Outlet Branch 40,Tehran,online,0,0,card,2024-08-22,24,10,Shoes,invalid quantity
S000028451,2023-10-03,C000078,Sara,Ahmadi,sara.ahmadi78@example.com,09592080329,Karaj,2023-02-27,P00298,Classic Sneakers 298,travel,336.48,475.55,B036,Express Branch 36,Tehran,store,0,20,online,2025-09-25,312,40,Travel,invalid quantity
S000028827,2023-02-26,C021354,Mina,Ahmadi,mina.ahmadi21354@example.com,09524772154,Isfahan,2020-02-24,P00173,Max Sneakers 173,health,70.99,167.61,B004,Bazaar Branch 4,Rasht,partner,-2,25,online,2023-09-16,116,30,Health,invalid quantity
S000029688,2023-12-10,C031489,Yasin,Salehi,yasin.salehi31489@example.com,09290726964,Shiraz,2022-03-15,P00239,Plus Cream 239,gaming,283.27,706.9,B009,South Branch 9,Isfahan,store,0,10,cash,2024-07-03,308,20,Gaming,invalid quantity
S000030925,2023-04-23,C016284,Amir,Moradi,amir.moradi16284@example.com,09334174909,Rasht,2022-08-14,P00107,Smart Coffee 107,clothing,286.7,387.25,B005,South Branch 5,Tehran,online,0,10,cash,2025-10-26,53,30,Clothing,invalid quantity
S000032030,2023-04-25,C016131,Maryam,Rostami,maryam.rostami16131@example.com,09930294733,Shiraz,2024-12-03,P00092,Eco Notebook 92,automotive,132.73,337.15,B014,Bazaar Branch 14,Shiraz,mobile,-4,15,cash,2025-02-22,477,40,Automotive,invalid quantity
S000032162,2023-04-25,C006188,Arman,Hosseini,arman.hosseini6188@example.com,09717316531,Shiraz,2021-05-18,P00029,Smart Ball 29,grocery,145.16,224.66,B001,Central Branch 1,Rasht,online,0,0,card,2024-06-28,176,40,Grocery,invalid quantity
S000033399,2024-10-10,C006279,Mina,Salehi,mina.salehi6279@example.com,09843382582,Tehran,2020-08-19,P00172,Max Cream 172,automotive,255.92,403.54,B020,North Branch 20,Shiraz,online,0,0,cash,2025-10-24,220,40,Automotive,invalid quantity
S000034636,2024-10-22,C039485,Omid,Jafari,omid.jafari39485@example.com,09776027604,Shiraz,2024-10-22,P00448,Plus Notebook 448,shoes,301.44,406.31,B033,South Branch 33,Isfahan,online,0,10,wallet,2023-05-18,246,100,Shoes,invalid quantity
S000035233,2024-12-05,C003877,Hana,Rahimi,hana.rahimi3877@example.com,09334352988,Isfahan,2021-05-28,P00198,Smart Puzzle 198,travel,345.04,899.9,B040,Outlet Branch 40,Tehran,online,-4,10,wallet,2025-10-19,121,40,Travel,invalid quantity
S000035873,2025-12-04,C009254,Leila,Rahimi,leila.rahimi9254@example.com,09986393789,Mashhad,2023-12-12,P00286,Plus Desk 286,toys,31.38,72.28,B018,North Branch 18,Tabriz,partner,0,15,online,2024-03-02,260,100,Toys,invalid quantity
S000037110,2024-05-03,C020635,Arman,Hosseini,arman.hosseini20635@example.com,09973327168,Rasht,2021-08-14,P00393,Mini Shirt 393,health,58.28,125.04,B018,North Branch 18,Tabriz,partner,0,5,card,2024-03-06,55,30,Health,invalid quantity
S000038347,2023-03-22,C036489,Amir,Hosseini,amir.hosseini36489@example.com,09332052429,Qom,2020-10-07,P00390,Eco Cream 390,office,145.86,323.51,B039,Mall Branch 39,Shiraz,online,0,10,wallet,2025-10-02,426,30,Office,invalid quantity
S000038436,2025-09-15,C015288,Ali,Jafari,ali.jafari15288@example.com,09583755206,Tehran,2022-07-25,P00217,Max Sneakers 217,baby,105.85,160.48,B008,West Branch 8,Isfahan,store,-1,0,card,2025-12-16,492,75,Baby,invalid quantity
S000039584,2023-05-18,C048703,Yasin,Karimi,yasin.karimi48703@example.com,09670608896,Isfahan,2020-10-23,P00299,Basic Desk 299,gaming,20.33,50.31,B039,Mall Branch 39,Shiraz,online,0,0,cash,2023-12-23,175,10,Gaming,invalid quantity
S000040821,2023-03-24,C017869,Neda,Moradi,neda.moradi17869@example.com,09573125464,Karaj,2020-02-02,P00013,Plus Notebook 13,health,217.38,305.51,B029,North Branch 29,Tehran,mobile,0,20,cash,2023-08-13,6,10,Health,invalid quantity
S000041639,2025-09-11,C029638,Leila,Hosseini,leila.hosseini29638@example.com,09110459875,Isfahan,2020-02-06,P00482,Classic Coffee 482,home appliances,63.22,175.51,B031,North Branch 31,Tehran,store,-3,10,cash,2025-08-19,99,30,Home Appliances,invalid quantity
S000042058,2025-08-10,C042556,Sara,Salehi,sara.salehi42556@example.com,09641616220,Tehran,2021-04-18,P00492,Eco Sneakers 492,automotive,247.47,496.34,B033,South Branch 33,Isfahan,online,0,0,cash,2023-11-16,22,100,Automotive,invalid quantity
S000043295,2024-04-07,C007962,Yasin,Rostami,yasin.rostami7962@example.com,09262887371,Tehran,2022-03-04,P00028,Prime Puzzle 28,shoes,181.09,267.99,B012,South Branch 12,Mashhad,online,0,15,card,2023-11-02,139,10,Shoes,invalid quantity
S000044532,2023-09-18,C028711,Omid,Karimi,omid.karimi28711@example.com,09814592582,Tehran,2021-06-06,P00054,Basic Headphones 54,jewelry,88.47,240.45,B028,Express Branch 28,Isfahan,partner,0,15,card,2025-09-10,462,10,Jewelry,invalid quantity
S000044842,2024-12-21,C000831,Arman,Jafari,arman.jafari831@example.com,09341071485,Isfahan,2021-05-23,P00184,Basic Sneakers 184,beauty,129.67,278.47,B019,Bazaar Branch 19,Shiraz,mobile,-1,0,wallet,2024-04-07,429,30,Beauty,invalid quantity
S000045769,2024-04-25,C011745,Omid,Mohammadi,omid.mohammadi11745@example.com,09825780401,Rasht,2021-08-10,P00041,Prime Puzzle 41,electronics,176.45,458.88,B024,Outlet Branch 24,Tehran,store,0,10,online,2023-01-10,82,10,Electronics,invalid quantity
S000047006,2025-07-04,C045901,Arman,Karimi,arman.karimi45901@example.com,09339155022,Rasht,2023-11-28,P00445,Nova Desk 445,sports,306.96,389.09,B003,Bazaar Branch 3,Karaj,online,0,0,online,2024-10-22,187,50,Sports,invalid quantity
S000048045,2024-03-07,C041366,Sara,Akbari,sara.akbari41366@example.com,09407814417,Tehran,2022-03-23,P00193,Max Mixer 193,health,263.86,493.43,B014,Bazaar Branch 14,Shiraz,mobile,-3,10,card,2025-01-30,61,30,Health,invalid quantity
S000048243,2025-11-06,C038496,Hana,Hosseini,hana.hosseini38496@example.com,09310899770,Tehran,2024-09-10,P00002,Classic Ball 2,home appliances,205.44,250.43,B036,Express Branch 36,Tehran,store,0,10,wallet,2023-11-07,218,75,Home Appliances,invalid quantity
S000049480,2024-12-26,C027396,Omid,Moradi,omid.moradi27396@example.com,09713338301,Mashhad,2022-12-29,P00092,Eco Notebook 92,automotive,132.73,337.15,B014,Bazaar Branch 14,Shiraz,mobile,0,0,cash,2023-10-16,314,30,Automotive,invalid quantity
S000050717,2023-09-25,C004008,Maryam,Karimi,maryam.karimi4008@example.com,09742948606,Isfahan,2023-01-11,P00218,Plus Sneakers 218,travel,224.03,624.54,B002,Mall Branch 2,Karaj,partner,0,25,cash,2024-10-25,81,75,Travel,invalid quantity
S000051248,2025-03-11,C014643,Amir,Salehi,amir.salehi14643@example.com,09144659295,Mashhad,2020-01-28,P00375,Basic Cream 375,music,228.29,358.53,B026,Central Branch 26,Mashhad,partner,-4,15,online,2025-05-16,482,50,Music,invalid quantity
S000051954,2025-06-24,C001019,Sara,Ahmadi,sara.ahmadi1019@example.com,09420192227,Shiraz,2022-07-22,P00002,Classic Ball 2,home appliances,205.44,250.43,B018,North Branch 18,Tabriz,partner,0,0,card,2024-09-01,158,100,Home Appliances,invalid quantity
S000053191,2025-07-09,C034605,Mina,Rahimi,mina.rahimi34605@example.com,09291044019,Mashhad,2022-08-27,P00395,Plus Desk 395,music,293.0,541.44,B002,Mall Branch 2,Karaj,partner,0,20,online,2023-08-15,138,20,Music,invalid quantity
S000054428,2025-06-02,C036396,Amir,Moradi,amir.moradi36396@example.com,09351007929,Tehran,2022-04-01,P00037,Basic Ball 37,baby,125.82,338.81,B022,Outlet Branch 22,Rasht,mobile,0,0,wallet,2024-08-31,92,20,Baby,invalid quantity
S000054451,2024-11-07,C009741,Yasin,Salehi,yasin.salehi9741@example.com,09757082719,Isfahan,2021-09-02,P00249,Max Sneakers 249,grocery,309.04,808.45,B004,Bazaar Branch 4,Rasht,partner,-2,15,online,2023-01-28,196,100,Grocery,invalid quantity
S000055665,2023-02-18,C017866,Sara,Jafari,sara.jafari17866@example.com,09878219415,Qom,2024-01-06,P00275,Mini Mixer 275,music,9.96,27.06,B037,Bazaar Branch 37,Tehran,online,0,15,online,2023-01-26,258,30,Music,invalid quantity
S000056902,2024-09-17,C017198,Sara,Salehi,sara.salehi17198@example.com,09120285111,Mashhad,2020-04-06,P00321,Classic Desk 321,electronics,261.02,359.94,B029,North Branch 29,Tehran,mobile,0,10,online,2024-11-24,343,50,Electronics,invalid quantity
S000057654,2025-12-31,C005565,Hana,Moradi,hana.moradi5565@example.com,09219071165,Rasht,2023-01-30,P00311,Pro Sneakers 311,garden,87.8,245.35,B027,Express Branch 27,Shiraz,store,-1,0,card,2024-04-19,0,10,Garden,invalid quantity
S000058139,2023-01-02,C026840,Sara,Jafari,sara.jafari26840@example.com,09345695160,Isfahan,2023-08-12,P00365,Basic Shirt 365,sports,259.92,432.66,B032,Central Branch 32,Shiraz,partner,0,0,cash,2023-05-19,482,75,Sports,invalid quantity
S000059376,2025-02-26,C000687,Mina,Rahimi,mina.rahimi687@example.com,09629487801,Tehran,2020-05-09,P00170,Smart Puzzle 170,office,278.29,603.83,B007,Central Branch 7,Qom,partner,0,25,online,2025-11-17,277,40,Office,invalid quantity
S000060613,2023-05-01,C038367,Mina,Moradi,mina.moradi38367@example.com,09997984561,Isfahan,2021-02-02,P00065,Basic Mixer 65,sports,381.26,805.32,B008,West Branch 8,Isfahan,store,0,10,online,2025-01-27,172,75,Sports,invalid quantity
S000060857,2025-05-13,C032792,Hana,Salehi,hana.salehi32792@example.com,09156260008,Mashhad,2023-08-26,P00242,Plus Puzzle 242,home appliances,233.24,393.81,B025,Bazaar Branch 25,Tehran,mobile,-5,5,wallet,2023-09-28,46,40,Home Appliances,invalid quantity
S000061850,2025-10-05,C042278,Ali,Rostami,ali.rostami42278@example.com,09332216869,Mashhad,2021-03-19,P00083,Classic Shirt 83,books,199.94,538.69,B002,Mall Branch 2,Karaj,partner,0,0,wallet,2023-10-20,242,50,Books,invalid quantity
S000063087,2025-03-19,C048572,Omid,Jafari,omid.jafari48572@example.com,09455133592,Isfahan,2024-03-07,P00256,Basic Headphones 256,pets,293.01,614.78,B026,Central Branch 26,Mashhad,partner,0,5,online,2025-09-13,159,30,Pets,invalid quantity
S000064060,2025-06-07,C019980,Maryam,Jafari,maryam.jafari19980@example.com,09487423312,Tehran,2024-08-13,P00252,Smart Coffee 252,automotive,180.03,388.9,B023,Bazaar Branch 23,Rasht,mobile,-4,25,card,2025-08-05,107,20,Automotive,invalid quantity
S000064324,2025-01-30,C028844,Omid,Moradi,omid.moradi28844@example.com,09752662882,Isfahan,2022-03-31,P00294,Basic Headphones 294,jewelry,58.86,141.09,B014,Bazaar Branch 14,Shiraz,mobile,0,0,wallet,2024-07-02,184,10,Jewelry,invalid quantity
S000065561,2025-01-21,C042807,Yasin,Rostami,yasin.rostami42807@example.com,09722777003,Isfahan,2024-11-05,P00364,Prime Headphones 364,beauty,132.49,368.18,B017,Express Branch 17,Tehran,online,0,25,online,2025-06-08,390,30,Beauty,invalid quantity
S000066798,2024-10-15,C039187,Ali,Akbari,ali.akbari39187@example.com,09691093459,Rasht,2023-11-07,P00051,Classic Ball 51,garden,94.83,161.88,B022,Outlet Branch 22,Rasht,mobile,0,0,cash,2024-10-29,192,50,Garden,invalid quantity
S000067263,2025-12-22,C001259,Hana,Rahimi,hana.rahimi1259@example.com,09465035599,Tehran,2024-07-02,P00181,Nova Puzzle 181,electronics,388.81,795.0,B013,Outlet Branch 13,Mashhad,mobile,-3,15,online,2025-08-13,140,10,Electronics,invalid quantity
S000068035,2024-10-16,C000829,Ali,Moradi,ali.moradi829@example.com,09149372289,Mashhad,2022-01-15,P00050,Smart Notebook 50,office,230.15,636.37,B007,Central Branch 7,Qom,partner,0,25,online,2025-01-13,253,20,Office,invalid quantity
S000069272,2024-07-09,C012540,Yasin,Mohammadi,yasin.mohammadi12540@example.com,09947700659,Karaj,2023-11-02,P00139,Prime Mixer 139,gaming,149.35,256.99,B018,North Branch 18,Tabriz,partner,0,0,online,2024-06-13,408,20,Gaming,invalid quantity
S000070466,2024-01-25,C016133,Neda,Akbari,neda.akbari16133@example.com,09889487669,Tehran,2021-12-18,P00240,Classic Mixer 240,furniture,231.53,472.09,B014,Bazaar Branch 14,Shiraz,mobile,-5,25,wallet,2024-10-05,336,75,Furniture,invalid quantity
S000070509,2025-05-24,C035626,Leila,Akbari,leila.akbari35626@example.com,09599324880,Shiraz,2023-04-12,P00078,Smart Cream 78,travel,7.24,19.81,B023,Bazaar Branch 23,Rasht,mobile,0,0,online,2024-07-12,222,75,Travel,invalid quantity
S000071746,2025-04-01,C006579,Yasin,Karimi,yasin.karimi6579@example.com,09547944517,Tehran,2022-02-25,P00277,Nova Shirt 277,baby,22.67,27.89,B033,South Branch 33,Isfahan,online,0,0,cash,2023-12-04,277,100,Baby,invalid quantity
S000072983,2023-02-01,C046357,Sara,Jafari,sara.jafari46357@example.com,09824435350,Karaj,2022-09-01,P00122,Max Shirt 122,home appliances,171.69,431.29,B018,North Branch 18,Tabriz,partner,0,0,online,2023-10-04,270,40,Home Appliances,invalid quantity
S000073669,2025-08-19,C042753,Omid,Mohammadi,omid.mohammadi42753@example.com,09545331231,Tehran,2021-12-08,P00421,Classic Sneakers 421,electronics,195.9,330.92,B038,East Branch 38,Tehran,mobile,-5,0,online,2025-05-25,337,20,Electronics,invalid quantity
S000074220,2025-05-26,C024181,Amir,Ahmadi,amir.ahmadi24181@example.com,09951499995,Shiraz,2022-11-14,P00162,Nova Coffee 162,home appliances,208.87,309.83,B029,North Branch 29,Tehran,mobile,0,15,wallet,2025-12-16,242,40,Home Appliances,invalid quantity
S000075457,2023-12-01,C016025,Sara,Hosseini,sara.hosseini16025@example.com,09685949634,Isfahan,2020-06-16,P00496,Basic Sneakers 496,pets,175.81,360.45,B036,Express Branch 36,Tehran,store,0,20,card,2023-06-05,103,10,Pets,invalid quantity
S000076694,2024-03-04,C035921,Ali,Akbari,ali.akbari35921@example.com,09130063049,Karaj,2021-04-19,P00001,Mini Desk 1,electronics,75.63,160.11,B006,North Branch 6,Tehran,online,0,25,online,2023-09-20,445,50,Electronics,invalid quantity
S000076872,2025-07-09,C023757,Yasin,Jafari,yasin.jafari23757@example.com,09642334652,Qom,2020-10-30,P00455,Nova Ball 455,music,28.86,60.04,B023,Bazaar Branch 23,Rasht,mobile,-4,15,online,2024-12-17,447,75,Music,invalid quantity
S000077931,2024-12-17,C016533,Neda,Hosseini,neda.hosseini16533@example.com,09159363926,Karaj,2020-05-14,P00481,Pro Desk 481,electronics,333.13,838.02,B012,South Branch 12,Mashhad,online,0,0,card,2023-04-27,457,50,Electronics,invalid quantity
S000079168,2024-02-08,C019965,Omid,Moradi,omid.moradi19965@example.com,09841273294,Shiraz,2022-03-08,P00315,Basic Puzzle 315,music,242.26,512.27,B034,Express Branch 34,Isfahan,partner,0,0,cash,2023-05-26,130,50,Music,invalid quantity
S000080075,2023-01-17,C033868,Sara,Jafari,sara.jafari33868@example.com,09941068379,Shiraz,2022-05-20,P00107,Smart Coffee 107,clothing,286.7,387.25,B039,Mall Branch 39,Shiraz,online,-1,0,card,2023-06-23,494,50,Clothing,invalid quantity
S000080405,2025-08-19,C028590,Neda,Rahimi,neda.rahimi28590@example.com,09337424797,Tabriz,2021-03-25,P00414,Max Mixer 414,jewelry,179.29,279.68,B002,Mall Branch 2,Karaj,partner,0,0,card,2025-08-07,281,100,Jewelry,invalid quantity
S000081642,2024-03-27,C044923,Ali,Jafari,ali.jafari44923@example.com,09303184953,Mashhad,2020-08-02,P00211,Max Cream 211,garden,327.13,381.27,B011,Central Branch 11,Tehran,partner,0,25,online,2023-04-14,438,100,Garden,invalid quantity
S000082879,2025-09-07,C038782,Leila,Moradi,leila.moradi38782@example.com,09174100563,Rasht,2021-07-17,P00431,Smart Coffee 431,garden,220.23,444.28,B018,North Branch 18,Tabriz,partner,0,20,card,2025-05-03,374,30,Garden,invalid quantity
S000083278,2024-01-29,C015928,Arman,Mohammadi,arman.mohammadi15928@example.com,09518096994,Rasht,2024-10-21,P00102,Basic Puzzle 102,home appliances,58.09,68.84,B020,North Branch 20,Shiraz,online,-4,0,card,2025-11-27,181,40,Home Appliances,invalid quantity
S000084116,2023-12-06,C036507,Amir,Mohammadi,amir.mohammadi36507@example.com,09585928431,Qom,2023-03-08,P00423,Basic Coffee 423,books,277.51,435.42,B032,Central Branch 32,Shiraz,partner,0,0,card,2024-07-11,439,50,Books,invalid quantity
S000085353,2024-02-15,C027358,Amir,Rahimi,amir.rahimi27358@example.com,09107236681,Tehran,2020-08-08,P00338,Pro Puzzle 338,travel,237.05,369.95,B023,Bazaar Branch 23,Rasht,mobile,0,15,card,2023-09-05,370,10,Travel,invalid quantity
S000086481,2023-04-21,C040212,Yasin,Mohammadi,yasin.mohammadi40212@example.com,09365686234,Isfahan,2022-07-09,P00342,Pro Coffee 342,home appliances,189.24,448.09,B001,Central Branch 1,Rasht,online,-1,0,card,2023-06-06,440,50,Home Appliances,invalid quantity
S000086590,2024-03-30,C000907,Maryam,Salehi,maryam.salehi907@example.com,09211787506,Mashhad,2020-10-15,P00293,Plus Sneakers 293,health,336.86,704.05,B011,Central Branch 11,Tehran,partner,0,25,online,2025-07-14,80,30,Health,invalid quantity
S000087827,2023-03-14,C023429,Hana,Hosseini,hana.hosseini23429@example.com,09278773789,Shiraz,2020-03-13,P00324,Pro Ball 324,beauty,265.69,392.33,B028,Express Branch 28,Isfahan,partner,0,25,online,2025-05-20,112,20,Beauty,invalid quantity
S000089064,2025-01-01,C044653,Arman,Karimi,arman.karimi44653@example.com,09189083083,Tehran,2021-12-31,P00308,Plus Mixer 308,shoes,387.27,448.11,B014,Bazaar Branch 14,Shiraz,mobile,0,20,online,2025-05-23,62,30,Shoes,invalid quantity
S000089684,2024-11-24,C009247,Ali,Ahmadi,ali.ahmadi9247@example.com,09200906893,Tehran,2020-06-16,P00021,Classic Notebook 21,electronics,378.84,644.97,B023,Bazaar Branch 23,Rasht,mobile,-1,5,cash,2024-03-09,44,40,Electronics,invalid quantity
S000090301,2024-05-06,C042216,Hana,Jafari,hana.jafari42216@example.com,09314006075,Isfahan,2021-11-22,P00381,Nova Puzzle 381,electronics,163.77,238.64,B004,Bazaar Branch 4,Rasht,partner,0,0,card,2023-05-25,116,30,Electronics,invalid quantity
S000091538,2024-12-08,C027179,Reza,Rostami,reza.rostami27179@example.com,09186415458,Rasht,2021-04-09,P00446,Nova Coffee 446,toys,315.88,760.78,B037,Bazaar Branch 37,Tehran,online,0,20,cash,2023-01-28,403,40,Toys,invalid quantity
S000092775,2024-05-26,C012014,Leila,Jafari,leila.jafari12014@example.com,09481841879,Qom,2023-04-29,P00026,Pro Ball 26,toys,354.05,925.27,B039,Mall Branch 39,Shiraz,online,0,15,online,2024-05-09,283,75,Toys,invalid quantity
S000092887,2025-12-05,C006682,Amir,Ahmadi,amir.ahmadi6682@example.com,09831589220,Isfahan,2022-06-20,P00096,Classic Headphones 96,pets,149.76,341.76,B026,Central Branch 26,Mashhad,partner,-1,0,card,2024-09-10,403,50,Pets,invalid quantity
S000094012,2024-07-17,C042457,Maryam,Moradi,maryam.moradi42457@example.com,09230773846,Isfahan,2024-02-10,P00311,Pro Sneakers 311,garden,87.8,245.35,B002,Mall Branch 2,Karaj,partner,0,10,online,2025-01-18,458,40,Garden,invalid quantity
S000095249,2024-08-23,C010142,Reza,Rostami,reza.rostami10142@example.com,09472199072,Karaj,2021-05-11,P00438,Basic Notebook 438,travel,332.3,715.77,B037,Bazaar Branch 37,Tehran,online,0,5,wallet,2023-11-25,465,30,Travel,invalid quantity
S000096090,2024-01-21,C029700,Sara,Rahimi,sara.rahimi29700@example.com,09488871304,Tehran,2022-10-24,P00010,Max Sneakers 10,office,158.66,261.05,B024,Outlet Branch 24,Tehran,store,-3,15,card,2024-06-03,475,50,Office,invalid quantity
S000096486,2025-04-05,C037523,Yasin,Ahmadi,yasin.ahmadi37523@example.com,09838213233,Isfahan,2024-08-09,P00175,Smart Sneakers 175,music,258.3,449.81,B003,Bazaar Branch 3,Karaj,online,0,20,cash,2023-09-16,403,40,Music,invalid quantity
S000097723,2025-09-11,C002974,Mina,Ahmadi,mina.ahmadi2974@example.com,09911034961,Isfahan,2020-09-14,P00275,Mini Mixer 275,music,9.96,27.06,B016,North Branch 16,Rasht,online,0,25,card,2024-05-10,444,10,Music,invalid quantity
S000098960,2024-04-08,C007748,Yasin,Rostami,yasin.rostami7748@example.com,09459406036,Tehran,2020-11-06,P00216,Eco Shirt 216,pets,260.19,440.09,B015,Outlet Branch 15,Isfahan,partner,0,15,card,2025-07-13,106,30,Pets,invalid quantity
S000099293,2023-12-30,C007693,Leila,Karimi,leila.karimi7693@example.com,09132724417,Tabriz,2021-01-31,P00482,Classic Coffee 482,home appliances,63.22,175.51,B026,Central Branch 26,Mashhad,partner,-2,15,wallet,2024-10-09,296,10,Home Appliances,invalid quantity
S000100197,2025-12-21,C020177,Maryam,Rostami,maryam.rostami20177@example.com,09303236911,Tehran,2023-09-21,P00078,Smart Cream 78,travel,7.24,19.81,B023,Bazaar Branch 23,Rasht,mobile,0,20,card,2025-06-01,358,20,Travel,invalid quantity
S000101434,2023-02-21,C047041,Mina,Rahimi,mina.rahimi47041@example.com,09722944570,Tehran,2021-01-14,P00491,Classic Desk 491,garden,287.98,508.98,B030,Airport Branch 30,Mashhad,mobile,0,0,wallet,2024-12-30,127,10,Garden,invalid quantity
S000102496,2023-04-29,C008723,Sara,Jafari,sara.jafari8723@example.com,09254383400,Tabriz,2021-04-03,P00433,Prime Notebook 433,health,187.76,358.31,B032,Central Branch 32,Shiraz,partner,-3,25,card,2023-01-12,428,75,Health,invalid quantity
S000102671,2024-07-19,C046263,Maryam,Akbari,maryam.akbari46263@example.com,09745704440,Shiraz,2020-10-24,P00008,Pro Desk 8,shoes,240.22,589.41,B031,North Branch 31,Tehran,store,0,10,wallet,2024-10-20,4,30,Shoes,invalid quantity
S000103908,2025-02-17,C023182,Omid,Moradi,omid.moradi23182@example.com,09974383742,Tabriz,2022-07-31,P00476,Plus Puzzle 476,pets,358.21,718.34,B005,South Branch 5,Tehran,online,0,5,online,2024-11-22,148,20,Pets,invalid quantity
S000105145,2024-02-28,C031438,Ali,Moradi,ali.moradi31438@example.com,09453202295,Tehran,2022-02-03,P00275,Mini Mixer 275,music,9.96,27.06,B037,Bazaar Branch 37,Tehran,online,0,15,online,2025-12-16,278,40,Music,invalid quantity
S000105699,2024-06-24,C025930,Hana,Hosseini,hana.hosseini25930@example.com,09472752422,Karaj,2023-10-23,P00371,Mini Desk 371,garden,5.51,11.67,B026,Central Branch 26,Mashhad,partner,-5,15,online,2024-04-20,235,20,Garden,invalid quantity
S000106382,2023-11-21,C013823,Arman,Ahmadi,arman.ahmadi13823@example.com,09334148978,Tabriz,2021-11-07,P00059,Mini Notebook 59,gaming,81.83,175.96,B004,Bazaar Branch 4,Rasht,partner,0,10,wallet,2025-06-04,257,30,Gaming,invalid quantity
S000107619,2025-05-24,C039723,Amir,Moradi,amir.moradi39723@example.com,09958518625,Karaj,2022-11-06,P00297,Nova Puzzle 297,baby,56.24,100.5,B009,South Branch 9,Isfahan,store,0,5,cash,2023-06-08,365,50,Baby,invalid quantity
S000108856,2023-05-01,C002488,Mina,Moradi,mina.moradi2488@example.com,09636691235,Qom,2022-07-22,P00458,Nova Cream 458,travel,243.73,604.02,B006,North Branch 6,Tehran,online,0,10,online,2024-07-27,152,50,Travel,invalid quantity
S000108902,2023-02-14,C026735,Omid,Moradi,omid.moradi26735@example.com,09631957558,Mashhad,2021-05-25,P00218,Plus Sneakers 218,travel,224.03,624.54,B002,Mall Branch 2,Karaj,partner,-3,0,wallet,2024-04-19,39,50,Travel,invalid quantity
S000110093,2025-11-27,C031283,Arman,Rostami,arman.rostami31283@example.com,09192323577,Tabriz,2022-12-13,P00458,Nova Cream 458,travel,243.73,604.02,B020,North Branch 20,Shiraz,online,0,0,card,2024-03-08,218,50,Travel,invalid quantity
S000111330,2023-07-12,C027055,Omid,Ahmadi,omid.ahmadi27055@example.com,09280161020,Karaj,2023-02-14,P00417,Basic Mixer 417,baby,166.29,246.46,B001,Central Branch 1,Rasht,online,0,25,wallet,2024-12-21,250,20,Baby,invalid quantity
S000112105,2024-07-22,C023226,Hana,Jafari,hana.jafari23226@example.com,09864882405,Tehran,2024-03-24,P00037,Basic Ball 37,baby,125.82,338.81,B019,Bazaar Branch 19,Shiraz,mobile,-4,0,online,2024-06-22,39,20,Baby,invalid quantity
S000112567,2023-11-06,C026404,Mina,Moradi,mina.moradi26404@example.com,09732915875,Tehran,2020-03-03,P00423,Basic Coffee 423,books,277.51,435.42,B035,Mall Branch 35,Isfahan,mobile,0,0,online,2024-06-20,245,50,Books,invalid quantity
S000113804,2025-10-14,C018497,Ali,Rahimi,ali.rahimi18497@example.com,09995045212,Isfahan,2024-03-17,P00480,Plus Desk 480,furniture,166.69,265.11,B037,Bazaar Branch 37,Tehran,online,0,0,online,2025-09-25,93,50,Furniture,invalid quantity
S000115041,2025-10-08,C032333,Leila,Karimi,leila.karimi32333@example.com,09112195556,Tehran,2023-10-18,P00252,Smart Coffee 252,automotive,180.03,388.9,B022,Outlet Branch 22,Rasht,mobile,0,0,card,2023-08-04,54,50,Automotive,invalid quantity
S000115308,2023-12-12,C039661,Amir,Ahmadi,amir.ahmadi39661@example.com,09285505587,Isfahan,2021-01-03,P00375,Basic Cream 375,music,228.29,358.53,B010,Central Branch 10,Rasht,mobile,-3,0,card,2024-05-04,387,10,Music,invalid quantity
S000116278,2025-12-28,C013568,Yasin,Rostami,yasin.rostami13568@example.com,09757747584,Karaj,2024-02-16,P00107,Smart Coffee 107,clothing,286.7,387.25,B009,South Branch 9,Isfahan,store,0,5,card,2025-03-23,392,10,Clothing,invalid quantity
S000117515,2023-04-20,C006485,Hana,Rostami,hana.rostami6485@example.com,09714267952,Tehran,2022-02-03,P00312,Nova Mixer 312,automotive,76.28,208.66,B036,Express Branch 36,Tehran,store,0,5,card,2024-02-12,219,75,Automotive,invalid quantity
S000118511,2023-02-12,C035845,Ali,Karimi,ali.karimi35845@example.com,09380440676,Shiraz,2020-12-09,P00193,Max Mixer 193,health,263.86,493.43,B032,Central Branch 32,Shiraz,partner,-4,15,card,2024-06-22,366,100,Health,invalid quantity
S000118752,2023-11-04,C040786,Omid,Rahimi,omid.rahimi40786@example.com,09254435033,Tehran,2021-11-09,P00416,Basic Cream 416,pets,322.42,533.41,B019,Bazaar Branch 19,Shiraz,mobile,0,0,online,2024-05-05,416,20,Pets,invalid quantity
S000119989,2023-10-24,C041684,Reza,Mohammadi,reza.mohammadi41684@example.com,09405515760,Tehran,2022-04-11,P00330,Plus Shirt 330,office,29.9,63.27,B025,Bazaar Branch 25,Tehran,mobile,0,0,card,2023-07-12,247,50,Office,invalid quantity
S000121226,2025-02-06,C031794,Amir,Rostami,amir.rostami31794@example.com,09176530226,Tehran,2023-07-18,P00377,Mini Desk 377,baby,246.61,686.92,B034,Express Branch 34,Isfahan,partner,0,0,card,2025-07-30,95,75,Baby,invalid quantity
S000121714,2025-01-15,C001665,Arman,Hosseini,arman.hosseini1665@example.com,09192756659,Karaj,2020-09-23,P00084,Smart Desk 84,beauty,17.93,30.03,B025,Bazaar Branch 25,Tehran,mobile,-3,20,card,2025-02-04,402,100,Beauty,invalid quantity
S000122463,2024-07-10,C013544,Arman,Hosseini,arman.hosseini13544@example.com,09500640996,Isfahan,2021-11-19,P00135,Plus Mixer 135,music,318.36,542.98,B005,South Branch 5,Tehran,online,0,10,cash,2025-03-30,13,10,Music,invalid quantity
S000123700,2025-02-10,C001044,Mina,Rahimi,mina.rahimi1044@example.com,09598514021,Tehran,2020-07-23,P00368,Basic Sneakers 368,shoes,190.32,413.01,B034,Express Branch 34,Isfahan,partner,0,20,wallet,2024-01-26,408,40,Shoes,invalid quantity
S000124917,2025-05-30,C043048,Reza,Akbari,reza.akbari43048@example.com,09791082111,Mashhad,2020-07-31,P00027,Prime Mixer 27,clothing,183.73,503.78,B007,Central Branch 7,Qom,partner,-5,10,online,2025-07-10,147,100,Clothing,invalid quantity
S000124937,2023-04-16,C004817,Reza,Rostami,reza.rostami4817@example.com,09347826908,Tabriz,2022-10-10,P00066,Plus Puzzle 66,toys,349.69,851.85,B035,Mall Branch 35,Isfahan,mobile,0,15,card,2025-02-25,492,40,Toys,invalid quantity
S000126174,2025-10-06,C036318,Hana,Rahimi,hana.rahimi36318@example.com,09513826937,Tabriz,2021-06-20,P00056,Classic Puzzle 56,pets,174.98,448.88,B001,Central Branch 1,Rasht,online,0,0,card,2025-12-07,452,40,Pets,invalid quantity
S000127411,2024-01-11,C003497,Mina,Hosseini,mina.hosseini3497@example.com,09575880586,Isfahan,2023-07-30,P00209,Max Coffee 209,grocery,191.87,459.46,B016,North Branch 16,Rasht,online,0,20,wallet,2023-06-04,160,40,Grocery,invalid quantity
S000128120,2024-01-26,C038221,Amir,Mohammadi,amir.mohammadi38221@example.com,09858413484,Shiraz,2023-07-22,P00492,Eco Sneakers 492,automotive,247.47,496.34,B016,North Branch 16,Rasht,online,-5,0,card,2023-05-18,213,20,Automotive,invalid quantity
S000128648,2024-05-28,C047655,Hana,Rostami,hana.rostami47655@example.com,09168015670,Tehran,2021-07-11,P00381,Nova Puzzle 381,electronics,163.77,238.64,B022,Outlet Branch 22,Rasht,mobile,0,15,online,2025-11-28,195,50,Electronics,invalid quantity
S000129885,2025-02-01,C013128,Maryam,Jafari,maryam.jafari13128@example.com,09713510483,Tehran,2023-09-23,P00448,Plus Notebook 448,shoes,301.44,406.31,B011,Central Branch 11,Tehran,partner,0,0,card,2024-02-01,84,20,Shoes,invalid quantity
S000131122,2025-10-27,C022863,Neda,Karimi,neda.karimi22863@example.com,09891085167,Tabriz,2020-03-30,P00217,Max Sneakers 217,baby,105.85,160.48,B034,Express Branch 34,Isfahan,partner,0,20,cash,2023-07-23,65,75,Baby,invalid quantity
S000131323,2024-02-12,C025584,Reza,Hosseini,reza.hosseini25584@example.com,09383631085,Tehran,2020-12-11,P00217,Max Sneakers 217,baby,105.85,160.48,B006,North Branch 6,Tehran,online,-5,25,online,2025-04-22,227,75,Baby,invalid quantity
S000132359,2025-05-27,C000773,Neda,Jafari,neda.jafari773@example.com,09985673417,Shiraz,2022-10-10,P00049,Max Notebook 49,grocery,105.19,180.1,B010,Central Branch 10,Rasht,mobile,0,0,wallet,2025-10-14,184,20,Grocery,invalid quantity
S000133596,2024-04-27,C036438,Mina,Salehi,mina.salehi36438@example.com,09617285058,Isfahan,2024-07-10,P00143,Classic Cream 143,books,280.13,530.49,B012,South Branch 12,Mashhad,online,0,5,online,2023-11-14,59,75,Books,invalid quantity
S000134526,2025-10-17,C020097,Yasin,Jafari,yasin.jafari20097@example.com,09132366631,Tehran,2021-09-30,P00310,Smart Coffee 310,office,201.78,331.87,B028,Express Branch 28,Isfahan,partner,-4,20,online,2025-07-27,170,50,Office,invalid quantity
S000134833,2025-03-04,C001479,Reza,Karimi,reza.karimi1479@example.com,09307511166,Shiraz,2020-03-07,P00012,Classic Headphones 12,automotive,167.7,202.09,B009,South Branch 9,Isfahan,store,0,0,card,2024-10-07,4,40,Automotive,invalid quantity
S000136070,2023-10-23,C039217,Mina,Karimi,mina.karimi39217@example.com,09626272834,Shiraz,2021-09-10,P00430,Nova Puzzle 430,office,49.37,56.85,B019,Bazaar Branch 19,Shiraz,mobile,0,0,cash,2024-05-22,334,75,Office,invalid quantity
S000137307,2023-06-11,C038320,Reza,Mohammadi,reza.mohammadi38320@example.com,09232840215,Qom,2020-01-01,P00306,Nova Headphones 306,toys,78.17,180.82,B032,Central Branch 32,Shiraz,partner,0,0,online,2025-08-27,54,20,Toys,invalid quantity
S000137729,2023-09-29,C010795,Neda,Rostami,neda.rostami10795@example.com,09789727196,Isfahan,2021-12-27,P00006,Nova Puzzle 6,toys,236.33,478.89,B029,North Branch 29,Tehran,mobile,-5,0,card,2023-06-08,201,20,Toys,invalid quantity
S000138544,2023-12-07,C038856,Arman,Karimi,arman.karimi38856@example.com,09653065929,Shiraz,2023-06-20,P00119,Max Coffee 119,gaming,82.15,102.14,B003,Bazaar Branch 3,Karaj,online,0,0,wallet,2023-11-07,479,20,Gaming,invalid quantity
S000139781,2025-08-26,C045536,Mina,Rostami,mina.rostami45536@example.com,09740200562,Shiraz,2023-08-29,P00196,Basic Sneakers 196,pets,123.58,287.37,B014,Bazaar Branch 14,Shiraz,mobile,0,25,cash,2025-05-15,293,100,Pets,invalid quantity
S000140932,2024-11-14,C047446,Arman,Akbari,arman.akbari47446@example.com,09744393243,Tehran,2022-05-30,P00145,Prime Headphones 145,sports,196.35,266.58,B026,Central Branch 26,Mashhad,partner,-5,0,card,2025-11-20,360,50,Sports,invalid quantity
S000141018,2023-04-17,C016297,Sara,Mohammadi,sara.mohammadi16297@example.com,09929190793,Isfahan,2022-01-15,P00351,Max Notebook 351,garden,191.99,271.92,B038,East Branch 38,Tehran,mobile,0,0,online,2025-04-04,156,100,Garden,invalid quantity
S000142255,2023-05-21,C013415,Yasin,Moradi,yasin.moradi13415@example.com,09987670650,Tehran,2021-05-03,P00143,Classic Cream 143,books,280.13,530.49,B035,Mall Branch 35,Isfahan,mobile,0,25,cash,2024-03-08,195,40,Books,invalid quantity
S000143492,2025-09-22,C033719,Arman,Salehi,arman.salehi33719@example.com,09742291536,Shiraz,2021-05-02,P00326,Eco Sneakers 326,toys,67.56,99.81,B033,South Branch 33,Isfahan,online,0,20,card,2023-05-23,182,30,Toys,invalid quantity
S000144135,2024-02-09,C047438,Omid,Salehi,omid.salehi47438@example.com,09513189822,Isfahan,2024-09-30,P00229,Nova Coffee 229,grocery,310.04,785.58,B003,Bazaar Branch 3,Karaj,online,-2,25,online,2024-10-14,208,30,Grocery,invalid quantity
S000144729,2023-01-17,C042348,Ali,Karimi,ali.karimi42348@example.com,09567920724,Isfahan,2024-05-31,P00434,Mini Shirt 434,jewelry,294.45,422.67,B027,Express Branch 27,Shiraz,store,0,0,cash,2024-05-14,254,100,Jewelry,invalid quantity
S000145966,2024-04-23,C008597,Maryam,Mohammadi,maryam.mohammadi8597@example.com,09199767426,Shiraz,2021-05-03,P00009,Smart Sneakers 9,grocery,111.74,136.39,B026,Central Branch 26,Mashhad,partner,0,20,online,2023-05-23,309,100,Grocery,invalid quantity
S000147203,2024-01-03,C023915,Reza,Rostami,reza.rostami23915@example.com,09249764169,Tehran,2024-09-18,P00315,Basic Puzzle 315,music,242.26,512.27,B002,Mall Branch 2,Karaj,partner,0,0,cash,2025-07-09,254,20,Music,invalid quantity
S000147338,2024-09-13,C043230,Yasin,Karimi,yasin.karimi43230@example.com,09640064963,Tabriz,2023-10-02,P00500,Nova Headphones 500,furniture,126.81,193.21,B034,Express Branch 34,Isfahan,partner,-3,15,online,2024-08-24,444,10,Furniture,invalid quantity
S000148440,2023-06-19,C041214,Yasin,Ahmadi,yasin.ahmadi41214@example.com,09304534036,Tehran,2021-05-31,P00239,Plus Cream 239,gaming,283.27,706.9,B002,Mall Branch 2,Karaj,partner,0,20,card,2024-04-27,438,100,Gaming,invalid quantity
S000149677,2023-10-01,C029335,Neda,Moradi,neda.moradi29335@example.com,09907044228,Mashhad,2020-02-25,P00193,Max Mixer 193,health,263.86,493.43,B037,Bazaar Branch 37,Tehran,online,0,25,wallet,2023-01-05,5,50,Health,invalid quantity
S000150541,2023-10-02,C008138,Arman,Salehi,arman.salehi8138@example.com,09140739923,Tehran,2020-03-31,P00275,Mini Mixer 275,music,9.96,27.06,B035,Mall Branch 35,Isfahan,mobile,-4,20,online,2024-04-16,469,40,Music,invalid quantity
S000150914,2023-11-23,C038666,Amir,Karimi,amir.karimi38666@example.com,09773368438,Tehran,2022-07-13,P00312,Nova Mixer 312,automotive,76.28,208.66,B004,Bazaar Branch 4,Rasht,partner,0,0,card,2025-01-10,320,75,Automotive,invalid quantity
S000152151,2023-03-28,C003435,Maryam,Salehi,maryam.salehi3435@example.com,09576368989,Shiraz,2024-06-19,P00286,Plus Desk 286,toys,31.38,72.28,B039,Mall Branch 39,Shiraz,online,0,15,online,2024-08-24,13,100,Toys,invalid quantity
S000153388,2023-04-23,C045217,Yasin,Ahmadi,yasin.ahmadi45217@example.com,09109261305,Mashhad,2024-04-06,P00457,Plus Sneakers 457,baby,51.47,111.57,B034,Express Branch 34,Isfahan,partner,0,0,card,2023-06-21,285,30,Baby,invalid quantity
S000153744,2023-11-06,C023857,Omid,Mohammadi,omid.mohammadi23857@example.com,09986200164,Qom,2024-09-24,P00213,Basic Sneakers 213,health,312.76,515.89,B025,Bazaar Branch 25,Tehran,mobile,-4,20,online,2025-07-19,92,50,Health,invalid quantity
S000154625,2023-04-15,C037149,Neda,Rostami,neda.rostami37149@example.com,09765088973,Isfahan,2024-01-19,P00120,Pro Cream 120,furniture,105.07,128.77,B009,South Branch 9,Isfahan,store,0,10,card,2023-11-07,446,10,Furniture,invalid quantity
S000155862,2025-02-16,C012414,Neda,Akbari,neda.akbari12414@example.com,09826047270,Tehran,2021-10-22,P00441,Basic Desk 441,electronics,185.32,482.87,B002,Mall Branch 2,Karaj,partner,0,0,card,2024-05-15,317,100,Electronics,invalid quantity
S000156947,2024-01-06,C034220,Arman,Rostami,arman.rostami34220@example.com,09477905209,Isfahan,2022-01-27,P00466,Classic Mixer 466,toys,194.76,453.54,B016,North Branch 16,Rasht,online,-1,25,online,2023-01-11,374,100,Toys,invalid quantity
S000157099,2025-05-28,C001395,Maryam,Karimi,maryam.karimi1395@example.com,09699602642,Rasht,2023-02-17,P00461,Basic Puzzle 461,electronics,340.36,576.15,B018,North Branch 18,Tabriz,partner,0,0,card,2025-03-22,174,100,Electronics,invalid quantity
S000158336,2023-03-05,C007537,Yasin,Jafari,yasin.jafari7537@example.com,09404276135,Isfahan,2021-05-03,P00115,Prime Desk 115,music,25.03,62.93,B014,Bazaar Branch 14,Shiraz,mobile,0,0,card,2025-03-08,377,40,Music,invalid quantity
S000159573,2023-10-22,C024969,Maryam,Akbari,maryam.akbari24969@example.com,09531748249,Tabriz,2023-06-18,P00490,Classic Sneakers 490,office,201.05,322.63,B023,Bazaar Branch 23,Rasht,mobile,0,0,card,2024-02-02,265,50,Office,invalid quantity
S000160150,2024-04-15,C020068,Reza,Salehi,reza.salehi20068@example.com,09380858975,Tehran,2023-01-01,P00406,Nova Headphones 406,toys,307.89,791.41,B010,Central Branch 10,Rasht,mobile,-5,10,card,2024-12-12,399,100,Toys,invalid quantity
S000160810,2024-03-06,C018810,Sara,Akbari,sara.akbari18810@example.com,09339554165,Shiraz,2024-06-04,P00472,Pro Desk 472,automotive,74.87,99.86,B029,North Branch 29,Tehran,mobile,0,5,card,2025-05-17,461,10,Automotive,invalid quantity
S000162047,2024-05-17,C038552,Yasin,Ahmadi,yasin.ahmadi38552@example.com,09337777437,Rasht,2024-11-19,P00258,Basic Headphones 258,travel,339.57,654.66,B019,Bazaar Branch 19,Shiraz,mobile,0,0,online,2024-12-31,43,100,Travel,invalid quantity
S000163284,2025-07-03,C031327,Amir,Akbari,amir.akbari31327@example.com,09817437914,Tabriz,2022-05-03,P00441,Basic Desk 441,electronics,185.32,482.87,B040,Outlet Branch 40,Tehran,online,0,5,online,2024-03-10,219,50,Electronics,invalid quantity
S000163353,2023-12-28,C000500,Neda,Mohammadi,neda.mohammadi500@example.com,09751396498,Tehran,2021-10-02,P00003,Smart Desk 3,books,148.82,415.03,B040,Outlet Branch 40,Tehran,online,-2,5,card,2023-06-09,45,75,Books,invalid quantity
S000164521,2024-10-31,C003264,Maryam,Jafari,maryam.jafari3264@example.com,09454506806,Karaj,2024-04-30,P00281,Basic Puzzle 281,electronics,55.09,127.69,B027,Express Branch 27,Shiraz,store,0,0,online,2024-03-17,261,10,Electronics,invalid quantity
S000165758,2025-10-14,C036859,Neda,Akbari,neda.akbari36859@example.com,09186741794,Shiraz,2022-12-09,P00046,Nova Notebook 46,toys,350.7,730.29,B020,North Branch 20,Shiraz,online,0,0,card,2025-04-16,0,100,Toys,invalid quantity
S000166556,2024-04-28,C009313,Maryam,Salehi,maryam.salehi9313@example.com,09452077712,Tehran,2022-03-13,P00086,Plus Cream 86,toys,326.49,808.57,B008,West Branch 8,Isfahan,store,-2,0,card,2025-07-14,108,40,Toys,invalid quantity
S000166995,2023-01-08,C008312,Maryam,Akbari,maryam.akbari8312@example.com,09649749145,Tehran,2023-09-03,P00104,Mini Desk 104,beauty,185.86,431.35,B004,Bazaar Branch 4,Rasht,partner,0,0,online,2023-06-18,158,30,Beauty,invalid quantity
S000168232,2024-05-27,C035882,Maryam,Moradi,maryam.moradi35882@example.com,09843768843,Tehran,2021-04-14,P00201,Prime Notebook 201,electronics,162.81,426.39,B032,Central Branch 32,Shiraz,partner,0,0,card,2025-12-14,196,10,Electronics,invalid quantity
S000169469,2024-07-17,C025548,Neda,Jafari,neda.jafari25548@example.com,09218053585,Shiraz,2022-12-02,P00344,Pro Mixer 344,beauty,216.3,340.99,B025,Bazaar Branch 25,Tehran,mobile,0,15,card,2025-06-04,180,75,Beauty,invalid quantity
S000169759,2023-05-27,C006039,Mina,Rostami,mina.rostami6039@example.com,09670756740,Qom,2024-03-21,P00431,Smart Coffee 431,garden,220.23,444.28,B034,Express Branch 34,Isfahan,partner,-4,0,cash,2024-02-13,471,75,Garden,invalid quantity
S000170706,2023-08-22,C007050,Arman,Jafari,arman.jafari7050@example.com,09521893929,Shiraz,2021-11-01,P00243,Smart Desk 243,books,137.29,377.72,B027,Express Branch 27,Shiraz,store,0,5,card,2025-09-20,34,20,Books,invalid quantity
S000171943,2025-07-08,C047599,Arman,Rahimi,arman.rahimi47599@example.com,09502469495,Tehran,2022-05-20,P00267,Eco Notebook 267,clothing,260.43,311.3,B039,Mall Branch 39,Shiraz,online,0,15,online,2024-04-05,33,30,Clothing,invalid quantity
S000172962,2025-04-06,C045829,Reza,Mohammadi,reza.mohammadi45829@example.com,09528353958,Tehran,2020-09-22,P00461,Basic Puzzle 461,electronics,340.36,576.15,B037,Bazaar Branch 37,Tehran,online,-3,0,card,2023-05-14,423,30,Electronics,invalid quantity
S000173180,2024-07-15,C038004,Ali,Moradi,ali.moradi38004@example.com,09247360417,Shiraz,2023-10-31,P00365,Basic Shirt 365,sports,259.92,432.66,B012,South Branch 12,Mashhad,online,0,5,wallet,2025-03-01,189,50,Sports,invalid quantity
S000174417,2024-02-21,C029978,Maryam,Rahimi,maryam.rahimi29978@example.com,09573998271,Tehran,2021-03-25,P00328,Classic Sneakers 328,shoes,211.53,335.25,B006,North Branch 6,Tehran,online,0,0,online,2024-12-06,238,40,Shoes,invalid quantity
S000175654,2023-05-30,C003250,Omid,Moradi,omid.moradi3250@example.com,09454525036,Rasht,2024-01-14,P00006,Nova Puzzle 6,toys,236.33,478.89,B008,West Branch 8,Isfahan,store,0,0,cash,2023-05-29,342,10,Toys,invalid quantity
S000176165,2025-04-29,C046704,Sara,Karimi,sara.karimi46704@example.com,09723121691,Shiraz,2023-07-18,P00020,Basic Headphones 20,furniture,188.14,336.67,B013,Outlet Branch 13,Mashhad,mobile,-1,10,online,2023-07-18,450,30,Furniture,invalid quantity
S000176891,2024-05-10,C017288,Mina,Hosseini,mina.hosseini17288@example.com,09684188933,Isfahan,2023-06-28,P00109,Max Headphones 109,grocery,112.97,246.33,B003,Bazaar Branch 3,Karaj,online,0,0,online,2024-10-12,52,10,Grocery,invalid quantity
S000178128,2023-06-07,C006107,Arman,Ahmadi,arman.ahmadi6107@example.com,09642954188,Tabriz,2022-06-09,P00260,Pro Puzzle 260,furniture,232.98,402.89,B007,Central Branch 7,Qom,partner,0,15,wallet,2025-05-23,330,50,Furniture,invalid quantity
S000179365,2024-06-12,C046468,Hana,Rahimi,hana.rahimi46468@example.com,09290477577,Karaj,2023-10-28,P00499,Pro Coffee 499,gaming,373.77,660.87,B010,Central Branch 10,Rasht,mobile,0,10,cash,2024-04-21,408,75,Gaming,invalid quantity
S000179368,2025-10-10,C039184,Sara,Hosseini,sara.hosseini39184@example.com,09449658421,Karaj,2024-09-15,P00419,Prime Cream 419,gaming,154.82,206.51,B040,Outlet Branch 40,Tehran,online,-4,0,card,2025-05-26,404,50,Gaming,invalid quantity
S000180602,2023-05-11,C001243,Yasin,Jafari,yasin.jafari1243@example.com,09194640346,Tehran,2021-06-22,P00310,Smart Coffee 310,office,201.78,331.87,B034,Express Branch 34,Isfahan,partner,0,0,card,2023-12-19,147,75,Office,invalid quantity
S000181839,2025-05-25,C019717,Amir,Ahmadi,amir.ahmadi19717@example.com,09535768984,Isfahan,2024-04-12,P00019,Pro Coffee 19,gaming,77.76,112.44,B012,South Branch 12,Mashhad,online,0,25,card,2023-12-24,361,40,Gaming,invalid quantity
S000182571,2023-12-25,C040085,Amir,Jafari,amir.jafari40085@example.com,09800783309,Shiraz,2024-05-25,P00096,Classic Headphones 96,pets,149.76,341.76,B006,North Branch 6,Tehran,online,-3,5,wallet,2024-10-26,419,30,Pets,invalid quantity
S000183076,2023-08-20,C018141,Yasin,Rahimi,yasin.rahimi18141@example.com,09963183877,Shiraz,2023-12-15,P00404,Mini Notebook 404,beauty,396.01,526.46,B039,Mall Branch 39,Shiraz,online,0,20,online,2025-03-14,84,50,Beauty,invalid quantity
S000184313,2023-10-06,C040830,Leila,Ahmadi,leila.ahmadi40830@example.com,09108778325,Qom,2022-09-13,P00046,Nova Notebook 46,toys,350.7,730.29,B009,South Branch 9,Isfahan,store,0,0,cash,2025-01-04,122,30,Toys,invalid quantity
S000185550,2023-04-04,C047900,Mina,Mohammadi,mina.mohammadi47900@example.com,09233062035,Qom,2024-04-13,P00180,Plus Coffee 180,furniture,366.97,527.06,B036,Express Branch 36,Tehran,store,0,15,wallet,2023-06-01,13,30,Furniture,invalid quantity
S000185774,2023-12-01,C015757,Reza,Ahmadi,reza.ahmadi15757@example.com,09781154408,Rasht,2023-12-01,P00484,Classic Mixer 484,beauty,335.8,844.89,B019,Bazaar Branch 19,Shiraz,mobile,-2,0,card,2025-05-12,186,75,Beauty,invalid quantity
S000186787,2023-12-27,C020126,Leila,Moradi,leila.moradi20126@example.com,09231800379,Tehran,2024-08-02,P00411,Max Desk 411,garden,25.89,56.32,B009,South Branch 9,Isfahan,store,0,20,online,2025-04-16,232,20,Garden,invalid quantity
S000188024,2023-06-28,C016176,Leila,Mohammadi,leila.mohammadi16176@example.com,09322953063,Shiraz,2022-10-20,P00195,Prime Sneakers 195,music,201.28,495.46,B017,Express Branch 17,Tehran,online,0,0,online,2023-01-03,117,10,Music,invalid quantity
S000188977,2023-02-02,C026230,Ali,Jafari,ali.jafari26230@example.com,09432970461,Mashhad,2024-08-13,P00138,Classic Ball 138,travel,388.44,982.53,B023,Bazaar Branch 23,Rasht,mobile,-2,20,wallet,2023-03-19,128,40,Travel,invalid quantity
S000189261,2023-10-08,C041559,Reza,Salehi,reza.salehi41559@example.com,09387747341,Tehran,2023-03-29,P00123,Pro Mixer 123,books,125.88,338.14,B037,Bazaar Branch 37,Tehran,online,0,0,card,2023-09-14,90,30,Books,invalid quantity
S000190498,2025-04-12,C046476,Neda,Ahmadi,neda.ahmadi46476@example.com,09783060703,Mashhad,2021-07-25,P00421,Classic Sneakers 421,electronics,195.9,330.92,B032,Central Branch 32,Shiraz,partner,0,15,online,2024-11-04,434,50,Electronics,invalid quantity
S000191735,2023-01-07,C007771,Hana,Rahimi,hana.rahimi7771@example.com,09568037536,Qom,2023-11-22,P00352,Nova Desk 352,automotive,256.47,527.87,B040,Outlet Branch 40,Tehran,online,0,10,wallet,2023-06-21,240,75,Automotive,invalid quantity
S000192180,2023-01-09,C006904,Amir,Mohammadi,amir.mohammadi6904@example.com,09279551855,Isfahan,2020-12-25,P00364,Prime Headphones 364,beauty,132.49,368.18,B024,Outlet Branch 24,Tehran,store,-4,20,wallet,2025-11-19,395,40,Beauty,invalid quantity
S000192972,2024-09-05,C047694,Hana,Hosseini,hana.hosseini47694@example.com,09299528689,Karaj,2023-10-16,P00030,Basic Puzzle 30,office,146.01,240.91,B001,Central Branch 1,Rasht,online,0,0,online,2025-08-06,304,30,Office,invalid quantity
S000194209,2024-04-18,C009405,Amir,Jafari,amir.jafari9405@example.com,09807586230,Mashhad,2020-08-28,P00079,Mini Mixer 79,gaming,10.52,15.21,B015,Outlet Branch 15,Isfahan,partner,0,5,cash,2025-01-30,498,75,Gaming,invalid quantity
S000195383,2025-08-11,C014784,Ali,Rahimi,ali.rahimi14784@example.com,09598567258,Shiraz,2021-12-31,P00342,Pro Coffee 342,home appliances,189.24,448.09,B029,North Branch 29,Tehran,mobile,-5,15,wallet,2023-06-23,252,40,Home Appliances,invalid quantity
S000195446,2024-10-12,C032916,Yasin,Ahmadi,yasin.ahmadi32916@example.com,09680740416,Shiraz,2022-02-11,P00198,Smart Puzzle 198,travel,345.04,899.9,B010,Central Branch 10,Rasht,mobile,0,15,cash,2023-07-30,89,10,Travel,invalid quantity
S000196683,2023-01-14,C038661,Mina,Rostami,mina.rostami38661@example.com,09449580062,Tehran,2021-12-13,P00149,Basic Puzzle 149,grocery,279.64,403.61,B019,Bazaar Branch 19,Shiraz,mobile,0,25,wallet,2025-12-10,316,30,Grocery,invalid quantity
S000197920,2023-11-06,C042164,Omid,Mohammadi,omid.mohammadi42164@example.com,09441853132,Shiraz,2024-04-13,P00081,Eco Coffee 81,electronics,267.58,643.87,B015,Outlet Branch 15,Isfahan,partner,0,5,online,2024-02-27,356,50,Electronics,invalid quantity
S000198586,2025-05-20,C048693,Sara,Akbari,sara.akbari48693@example.com,09118492981,Mashhad,2020-01-08,P00456,Pro Desk 456,pets,341.2,753.86,B002,Mall Branch 2,Karaj,partner,-2,5,card,2023-02-14,7,100,Pets,invalid quantity
S000199157,2024-01-18,C038909,Omid,Rostami,omid.rostami38909@example.com,09618770305,Shiraz,2024-01-19,P00131,Pro Shirt 131,garden,34.95,77.2,B029,North Branch 29,Tehran,mobile,0,10,wallet,2025-05-16,446,40,Garden,invalid quantity
S000200394,2023-05-23,C035819,Yasin,Moradi,yasin.moradi35819@example.com,09135913677,Mashhad,2022-09-22,P00122,Max Shirt 122,home appliances,171.69,431.29,B018,North Branch 18,Tabriz,partner,0,25,online,2024-10-14,327,40,Home Appliances,invalid quantity
S000201631,2023-06-02,C007771,Hana,Rahimi,hana.rahimi7771@example.com,09568037536,Qom,2023-11-22,P00450,Smart Headphones 450,office,72.78,172.51,B024,Outlet Branch 24,Tehran,store,0,0,cash,2023-11-26,454,75,Office,invalid quantity
S000201789,2023-12-24,C014795,Arman,Moradi,arman.moradi14795@example.com,09222894225,Isfahan,2021-08-18,P00124,Plus Coffee 124,beauty,200.91,367.89,B039,Mall Branch 39,Shiraz,online,-5,10,card,2024-12-17,468,10,Beauty,invalid quantity
S000202868,2024-10-23,C009416,Mina,Mohammadi,mina.mohammadi9416@example.com,09481872416,Karaj,2021-11-19,P00207,Basic Headphones 207,clothing,326.51,909.62,B014,Bazaar Branch 14,Shiraz,mobile,0,0,cash,2023-06-28,127,75,Clothing,invalid quantity
S000204105,2025-04-13,C046258,Hana,Karimi,hana.karimi46258@example.com,09312817400,Mashhad,2020-06-07,P00311,Pro Sneakers 311,garden,87.8,245.35,B018,North Branch 18,Tabriz,partner,0,0,cash,2025-05-20,117,40,Garden,invalid quantity
S000204992,2023-02-13,C000334,Ali,Salehi,ali.salehi334@example.com,09702998820,Tabriz,2021-06-11,P00213,Basic Sneakers 213,health,312.76,515.89,B024,Outlet Branch 24,Tehran,store,-3,20,online,2023-02-10,42,50,Health,invalid quantity
S000205342,2025-06-07,C021522,Hana,Akbari,hana.akbari21522@example.com,09626101431,Tabriz,2023-10-28,P00279,Mini Shirt 279,gaming,295.19,674.12,B033,South Branch 33,Isfahan,online,0,25,card,2024-05-12,199,40,Gaming,invalid quantity
S000206579,2025-02-24,C041865,Maryam,Moradi,maryam.moradi41865@example.com,09867193510,Karaj,2024-04-13,P00476,Plus Puzzle 476,pets,358.21,718.34,B016,North Branch 16,Rasht,online,0,5,card,2025-11-11,302,10,Pets,invalid quantity
S000207816,2025-05-10,C002191,Yasin,Akbari,yasin.akbari2191@example.com,09402055699,Tehran,2020-11-26,P00135,Plus Mixer 135,music,318.36,542.98,B040,Outlet Branch 40,Tehran,online,0,20,cash,2025-12-26,49,75,Music,invalid quantity
S000208195,2024-08-04,C016330,Sara,Moradi,sara.moradi16330@example.com,09484268327,Qom,2024-09-29,P00331,Classic Coffee 331,garden,24.75,35.69,B015,Outlet Branch 15,Isfahan,partner,-2,0,online,2025-12-24,387,100,Garden,invalid quantity
S000209053,2024-12-03,C049141,Maryam,Hosseini,maryam.hosseini49141@example.com,09316882343,Qom,2022-06-12,P00074,Classic Sneakers 74,jewelry,157.44,302.63,B006,North Branch 6,Tehran,online,0,0,wallet,2025-10-13,385,10,Jewelry,invalid quantity
S000210290,2024-03-17,C010738,Yasin,Karimi,yasin.karimi10738@example.com,09488158326,Tabriz,2022-06-18,P00025,Basic Mixer 25,sports,298.56,749.92,B032,Central Branch 32,Shiraz,partner,0,0,card,2024-12-06,191,75,Sports,invalid quantity
S000211398,2025-09-19,C022407,Sara,Rostami,sara.rostami22407@example.com,09616902382,Shiraz,2024-05-22,P00496,Basic Sneakers 496,pets,175.81,360.45,B007,Central Branch 7,Qom,partner,-3,5,wallet,2023-04-18,214,10,Pets,invalid quantity
S000211527,2024-08-03,C049709,Maryam,Ahmadi,maryam.ahmadi49709@example.com,09514725280,Shiraz,2023-02-27,P00254,Max Desk 254,jewelry,239.84,534.85,B038,East Branch 38,Tehran,mobile,0,10,wallet,2024-08-11,417,20,Jewelry,invalid quantity
S000212764,2024-07-17,C044557,Sara,Hosseini,sara.hosseini44557@example.com,09962077449,Rasht,2020-05-07,P00335,Prime Shirt 335,music,134.04,309.67,B037,Bazaar Branch 37,Tehran,online,0,10,online,2025-04-20,493,100,Music,invalid quantity
S000214001,2025-04-18,C037530,Arman,Karimi,arman.karimi37530@example.com,09508312324,Mashhad,2020-03-03,P00378,Max Ball 378,travel,84.0,122.48,B022,Outlet Branch 22,Rasht,mobile,0,0,wallet,2025-05-20,324,75,Travel,invalid quantity
S000214601,2023-03-27,C033752,Yasin,Rahimi,yasin.rahimi33752@example.com,09951690920,Qom,2023-03-02,P00215,Mini Puzzle 215,music,73.52,87.63,B009,South Branch 9,Isfahan,store,-1,0,online,2023-06-09,470,40,Music,invalid quantity
S000215238,2025-10-15,C003628,Arman,Salehi,arman.salehi3628@example.com,09737786456,Tehran,2020-01-05,P00144,Prime Mixer 144,beauty,344.65,540.96,B028,Express Branch 28,Isfahan,partner,0,10,wallet,2023-06-21,88,50,Beauty,invalid quantity
S000216475,2024-05-13,C026065,Arman,Karimi,arman.karimi26065@example.com,09263476646,Rasht,2024-11-26,P00042,Max Mixer 42,home appliances,384.92,609.82,B031,North Branch 31,Tehran,store,0,20,card,2023-09-12,242,100,Home Appliances,invalid quantity
S000217712,2025-09-14,C046853,Yasin,Akbari,yasin.akbari46853@example.com,09586728909,Qom,2020-05-06,P00078,Smart Cream 78,travel,7.24,19.81,B021,Airport Branch 21,Tehran,online,0,10,online,2025-06-24,12,100,Travel,invalid quantity
S000217804,2023-10-11,C017048,Mina,Ahmadi,mina.ahmadi17048@example.com,09542867969,Tehran,2020-11-08,P00030,Basic Puzzle 30,office,146.01,240.91,B003,Bazaar Branch 3,Karaj,online,-2,20,wallet,2024-04-30,159,50,Office,invalid quantity
S000218949,2024-07-09,C006322,Mina,Salehi,mina.salehi6322@example.com,09584632494,Isfahan,2024-08-12,P00404,Mini Notebook 404,beauty,396.01,526.46,B021,Airport Branch 21,Tehran,online,0,15,online,2023-08-08,63,20,Beauty,invalid quantity
S000220186,2024-09-07,C041787,Yasin,Hosseini,yasin.hosseini41787@example.com,09899349248,Shiraz,2021-04-24,P00014,Max Sneakers 14,jewelry,272.13,661.16,B035,Mall Branch 35,Isfahan,mobile,0,0,wallet,2025-07-10,277,40,Jewelry,invalid quantity
S000221007,2025-03-11,C020296,Ali,Moradi,ali.moradi20296@example.com,09447858113,Isfahan,2022-01-27,P00027,Prime Mixer 27,clothing,183.73,503.78,B011,Central Branch 11,Tehran,partner,-1,5,cash,2024-10-14,402,75,Clothing,invalid quantity
S000221423,2025-12-15,C032916,Yasin,Ahmadi,yasin.ahmadi32916@example.com,09680740416,Shiraz,2022-02-11,P00316,Basic Shirt 316,pets,202.33,497.7,B036,Express Branch 36,Tehran,store,0,25,card,2025-05-16,484,50,Pets,invalid quantity
S000222660,2024-09-30,C006382,Sara,Rostami,sara.rostami6382@example.com,09475392878,Tehran,2021-04-07,P00061,Mini Sneakers 61,electronics,249.12,360.36,B037,Bazaar Branch 37,Tehran,online,0,0,online,2023-03-07,460,10,Electronics,invalid quantity
S000223897,2024-06-26,C031869,Omid,Akbari,omid.akbari31869@example.com,09230747734,Tehran,2023-03-30,P00215,Mini Puzzle 215,music,73.52,87.63,B021,Airport Branch 21,Tehran,online,0,0,wallet,2023-03-07,31,40,Music,invalid quantity
S000224210,2023-02-28,C046900,Reza,Moradi,reza.moradi46900@example.com,09211134397,Tehran,2020-06-18,P00069,Eco Ball 69,grocery,41.97,62.04,B017,Express Branch 17,Tehran,online,-1,10,online,2024-02-27,372,10,Grocery,invalid quantity
S000225134,2024-09-06,C040716,Amir,Rahimi,amir.rahimi40716@example.com,09767318813,Tehran,2022-05-28,P00060,Basic Puzzle 60,furniture,59.7,144.88,B039,Mall Branch 39,Shiraz,online,0,15,card,2023-07-06,200,75,Furniture,invalid quantity
S000226371,2025-12-23,C034393,Hana,Karimi,hana.karimi34393@example.com,09724960011,Mashhad,2023-07-21,P00145,Prime Headphones 145,sports,196.35,266.58,B034,Express Branch 34,Isfahan,partner,0,20,wallet,2023-09-10,244,50,Sports,invalid quantity
S000227413,2025-02-15,C014981,Hana,Salehi,hana.salehi14981@example.com,09149363133,Tabriz,2022-10-30,P00440,Basic Shirt 440,furniture,254.49,698.9,B003,Bazaar Branch 3,Karaj,online,-4,10,wallet,2024-07-02,331,100,Furniture,invalid quantity
S000227608,2024-09-29,C022609,Yasin,Ahmadi,yasin.ahmadi22609@example.com,09662874436,Mashhad,2022-05-14,P00305,Prime Shirt 305,sports,391.21,851.28,B033,South Branch 33,Isfahan,online,0,15,card,2024-07-04,192,10,Sports,invalid quantity
S000228845,2024-09-03,C043358,Ali,Akbari,ali.akbari43358@example.com,09716903633,Isfahan,2024-09-09,P00210,Basic Sneakers 210,office,72.76,173.26,B030,Airport Branch 30,Mashhad,mobile,0,0,cash,2024-06-09,221,10,Office,invalid quantity
S000230082,2025-03-09,C010401,Yasin,Rostami,yasin.rostami10401@example.com,09808752721,Karaj,2023-06-08,P00435,Plus Mixer 435,music,312.34,794.47,B039,Mall Branch 39,Shiraz,online,0,10,cash,2025-10-17,181,20,Music,invalid quantity
S000230616,2025-08-14,C020341,Leila,Hosseini,leila.hosseini20341@example.com,09319695328,Isfahan,2021-03-11,P00274,Nova Coffee 274,jewelry,171.31,215.79,B006,North Branch 6,Tehran,online,-4,0,wallet,2024-04-26,15,100,Jewelry,invalid quantity
S000231319,2023-11-11,C032149,Reza,Mohammadi,reza.mohammadi32149@example.com,09859925959,Mashhad,2020-05-09,P00232,Max Headphones 232,automotive,42.82,119.85,B006,North Branch 6,Tehran,online,0,20,wallet,2023-10-05,436,20,Automotive,invalid quantity
S000232556,2025-09-23,C013618,Ali,Rostami,ali.rostami13618@example.com,09745456319,Rasht,2020-04-05,P00231,Mini Coffee 231,garden,38.07,103.26,B037,Bazaar Branch 37,Tehran,online,0,15,card,2024-01-27,43,100,Garden,invalid quantity
S000233793,2023-08-10,C007002,Reza,Karimi,reza.karimi7002@example.com,09148407788,Isfahan,2020-07-14,P00094,Max Desk 94,jewelry,133.61,208.95,B030,Airport Branch 30,Mashhad,mobile,0,0,cash,2023-08-03,201,30,Jewelry,invalid quantity
S000233819,2025-12-09,C022560,Amir,Mohammadi,amir.mohammadi22560@example.com,09796854710,Tehran,2022-02-07,P00331,Classic Coffee 331,garden,24.75,35.69,B004,Bazaar Branch 4,Rasht,partner,-5,20,online,2024-12-12,479,10,Garden,invalid quantity
S000235030,2023-12-24,C035289,Hana,Jafari,hana.jafari35289@example.com,09689412265,Isfahan,2021-02-20,P00178,Max Puzzle 178,travel,87.79,103.15,B020,North Branch 20,Shiraz,online,0,0,cash,2024-10-23,312,50,Travel,invalid quantity
S000236267,2023-05-04,C026253,Yasin,Mohammadi,yasin.mohammadi26253@example.com,09392470326,Shiraz,2020-09-04,P00186,Classic Headphones 186,toys,163.2,421.84,B003,Bazaar Branch 3,Karaj,online,0,10,card,2023-12-21,214,50,Toys,invalid quantity
S000237022,2025-06-25,C044227,Leila,Hosseini,leila.hosseini44227@example.com,09992874763,Shiraz,2023-06-01,P00385,Plus Notebook 385,sports,10.15,11.79,B018,North Branch 18,Tabriz,partner,-4,15,online,2024-03-31,327,100,Sports,invalid quantity
S000237504,2023-01-31,C045366,Amir,Moradi,amir.moradi45366@example.com,09428571876,Karaj,2020-10-09,P00182,Eco Cream 182,home appliances,349.26,822.32,B008,West Branch 8,Isfahan,store,0,15,cash,2023-06-24,4,50,Home Appliances,invalid quantity
S000238741,2023-03-15,C017684,Maryam,Akbari,maryam.akbari17684@example.com,09541725688,Tabriz,2024-08-17,P00339,Max Sneakers 339,gaming,357.41,586.63,B006,North Branch 6,Tehran,online,0,25,online,2023-10-29,482,10,Gaming,invalid quantity
S000239978,2024-04-15,C047715,Arman,Moradi,arman.moradi47715@example.com,09673712604,Tehran,2024-05-27,P00250,Basic Coffee 250,office,221.81,509.51,B014,Bazaar Branch 14,Shiraz,mobile,0,0,online,2025-08-26,52,30,Office,invalid quantity
S000240225,2023-02-16,C000964,Omid,Akbari,omid.akbari964@example.com,09501483027,Tehran,2022-11-21,P00203,Smart Desk 203,books,140.57,251.88,B003,Bazaar Branch 3,Karaj,online,-2,5,card,2025-08-06,202,50,Books,invalid quantity
S000241215,2024-06-21,C011712,Ali,Karimi,ali.karimi11712@example.com,09935229539,Mashhad,2022-06-10,P00484,Classic Mixer 484,beauty,335.8,844.89,B013,Outlet Branch 13,Mashhad,mobile,0,0,online,2024-08-22,88,50,Beauty,invalid quantity
S000242452,2023-12-21,C001816,Mina,Rostami,mina.rostami1816@example.com,09664037702,Isfahan,2020-05-15,P00460,Classic Shirt 460,furniture,302.05,615.0,B016,North Branch 16,Rasht,online,0,25,online,2024-07-18,466,30,Furniture,invalid quantity
S000243428,2023-12-01,C049588,Mina,Rostami,mina.rostami49588@example.com,09952654395,Shiraz,2022-02-12,P00378,Max Ball 378,travel,84.0,122.48,B013,Outlet Branch 13,Mashhad,mobile,-1,0,online,2023-07-15,421,40,Travel,invalid quantity
S000243689,2025-01-03,C023937,Maryam,Salehi,maryam.salehi23937@example.com,09395565693,Mashhad,2022-05-22,P00473,Prime Cream 473,health,292.84,379.75,B031,North Branch 31,Tehran,store,0,0,cash,2024-08-18,449,100,Health,invalid quantity
S000244926,2023-01-01,C005781,Yasin,Karimi,yasin.karimi5781@example.com,09285900374,Tabriz,2023-03-01,P00347,Classic Cream 347,clothing,60.65,93.42,B004,Bazaar Branch 4,Rasht,partner,0,0,card,2024-10-17,21,20,Clothing,invalid quantity
S000246163,2023-11-03,C048719,Sara,Rostami,sara.rostami48719@example.com,09149483935,Karaj,2022-12-13,P00434,Mini Shirt 434,jewelry,294.45,422.67,B015,Outlet Branch 15,Isfahan,partner,0,15,card,2023-09-09,460,40,Jewelry,invalid quantity
S000246631,2025-09-10,C022038,Sara,Jafari,sara.jafari22038@example.com,09100527418,Tabriz,2020-08-22,P00068,Pro Mixer 68,shoes,150.72,307.95,B011,Central Branch 11,Tehran,partner,-3,25,wallet,2025-12-04,157,75,Shoes,invalid quantity
S000247400,2023-09-03,C036374,Omid,Rahimi,omid.rahimi36374@example.com,09675009562,Tehran,2022-03-02,P00373,Pro Puzzle 373,health,394.19,520.69,B039,Mall Branch 39,Shiraz,online,0,0,card,2024-01-19,151,75,Health,invalid quantity
S000248637,2024-01-23,C007695,Arman,Hosseini,arman.hosseini7695@example.com,09900748674,Tehran,2020-01-23,P00207,Basic Headphones 207,clothing,326.51,909.62,B010,Central Branch 10,Rasht,mobile,0,25,online,2024-04-22,245,30,Clothing,invalid quantity
S000249834,2024-12-06,C024049,Neda,Mohammadi,neda.mohammadi24049@example.com,09555103878,Isfahan,2020-02-12,P00320,Pro Puzzle 320,furniture,224.03,267.37,B026,Central Branch 26,Mashhad,partner,-4,20,cash,2024-07-24,134,30,Furniture,invalid quantity
S000249874,2025-08-28,C037352,Ali,Jafari,ali.jafari37352@example.com,09486122380,Rasht,2022-09-10,P00217,Max Sneakers 217,baby,105.85,160.48,B019,Bazaar Branch 19,Shiraz,mobile,0,5,card,2024-01-18,376,20,Baby,invalid quantity
S000251111,2025-10-06,C042373,Amir,Moradi,amir.moradi42373@example.com,09204629358,Karaj,2024-10-06,P00039,Mini Shirt 39,gaming,160.85,364.32,B003,Bazaar Branch 3,Karaj,online,0,5,card,2025-10-14,276,40,Gaming,invalid quantity
S000252348,2024-12-10,C038854,Maryam,Rostami,maryam.rostami38854@example.com,09751662039,Karaj,2022-11-04,P00311,Pro Sneakers 311,garden,87.8,245.35,B030,Airport Branch 30,Mashhad,mobile,0,0,card,2023-03-29,214,100,Garden,invalid quantity
S000253037,2024-10-29,C010674,Omid,Mohammadi,omid.mohammadi10674@example.com,09963102791,Mashhad,2021-07-06,P00084,Smart Desk 84,beauty,17.93,30.03,B015,Outlet Branch 15,Isfahan,partner,-4,0,online,2025-11-14,35,40,Beauty,invalid quantity
S000253585,2025-05-21,C010371,Ali,Hosseini,ali.hosseini10371@example.com,09388461944,Qom,2022-05-01,P00494,Max Coffee 494,jewelry,296.19,380.07,B012,South Branch 12,Mashhad,online,0,0,wallet,2023-11-07,28,10,Jewelry,invalid quantity
S000254822,2023-04-24,C030048,Leila,Jafari,leila.jafari30048@example.com,09554948897,Tehran,2020-11-10,P00308,Plus Mixer 308,shoes,387.27,448.11,B003,Bazaar Branch 3,Karaj,online,0,10,card,2024-05-25,350,75,Shoes,invalid quantity
S000256059,2023-07-21,C046097,Ali,Ahmadi,ali.ahmadi46097@example.com,09296734113,Isfahan,2022-11-25,P00069,Eco Ball 69,grocery,41.97,62.04,B004,Bazaar Branch 4,Rasht,partner,0,0,card,2025-03-15,88,40,Grocery,invalid quantity
S000256240,2024-05-11,C049316,Yasin,Jafari,yasin.jafari49316@example.com,09413028353,Tabriz,2023-10-15,P00057,Classic Ball 57,baby,229.73,409.52,B040,Outlet Branch 40,Tehran,online,-3,0,online,2024-12-14,148,10,Baby,invalid quantity
S000257296,2023-03-20,C031722,Hana,Rostami,hana.rostami31722@example.com,09715681134,Shiraz,2020-07-05,P00070,Classic Sneakers 70,office,333.81,640.16,B017,Express Branch 17,Tehran,online,0,10,online,2024-08-12,486,30,Office,invalid quantity
S000258533,2024-12-06,C017715,Yasin,Mohammadi,yasin.mohammadi17715@example.com,09189080923,Karaj,2024-06-13,P00302,Nova Shirt 302,home appliances,179.53,245.27,B017,Express Branch 17,Tehran,online,0,0,online,2023-02-28,358,100,Home Appliances,invalid quantity
S000259443,2023-10-20,C043296,Hana,Jafari,hana.jafari43296@example.com,09387769862,Shiraz,2023-08-09,P00113,Mini Coffee 113,health,187.79,369.98,B034,Express Branch 34,Isfahan,partner,-5,0,wallet,2023-07-20,390,50,Health,invalid quantity
S000259770,2025-01-28,C019109,Mina,Mohammadi,mina.mohammadi19109@example.com,09934113070,Tehran,2024-11-20,P00411,Max Desk 411,garden,25.89,56.32,B039,Mall Branch 39,Shiraz,online,0,10,wallet,2025-09-27,328,30,Garden,invalid quantity
S000261007,2025-02-23,C022319,Yasin,Akbari,yasin.akbari22319@example.com,09116649106,Rasht,2020-09-20,P00328,Classic Sneakers 328,shoes,211.53,335.25,B012,South Branch 12,Mashhad,online,0,10,cash,2024-02-17,258,75,Shoes,invalid quantity
S000262244,2024-05-19,C049738,Sara,Hosseini,sara.hosseini49738@example.com,09754867957,Karaj,2020-02-11,P00467,Nova Headphones 467,clothing,191.58,471.9,B005,South Branch 5,Tehran,online,0,0,card,2024-07-20,265,50,Clothing,invalid quantity
S000262646,2024-07-28,C004395,Neda,Mohammadi,neda.mohammadi4395@example.com,09203998542,Tehran,2021-06-09,P00252,Smart Coffee 252,automotive,180.03,388.9,B024,Outlet Branch 24,Tehran,store,-1,0,card,2023-05-15,6,20,Automotive,invalid quantity
S000263481,2025-06-21,C032556,Maryam,Karimi,maryam.karimi32556@example.com,09880840476,Shiraz,2022-09-28,P00093,Basic Cream 93,health,116.63,178.97,B011,Central Branch 11,Tehran,partner,0,5,card,2023-04-09,229,30,Health,invalid quantity
S000264718,2024-02-29,C046819,Amir,Ahmadi,amir.ahmadi46819@example.com,09500369855,Shiraz,2023-03-30,P00256,Basic Headphones 256,pets,293.01,614.78,B027,Express Branch 27,Shiraz,store,0,15,wallet,2024-06-27,38,10,Pets,invalid quantity
S000265849,2023-04-30,C026590,Mina,Rostami,mina.rostami26590@example.com,09824120468,Tehran,2024-07-01,P00449,Mini Cream 449,grocery,80.17,173.91,B003,Bazaar Branch 3,Karaj,online,-4,0,card,2025-03-11,285,100,Grocery,invalid quantity
S000265955,2025-07-02,C041571,Hana,Karimi,hana.karimi41571@example.com,09683766728,Isfahan,2023-12-14,P00255,Classic Sneakers 255,music,107.06,262.05,B016,North Branch 16,Rasht,online,0,0,card,2024-11-05,182,20,Music,invalid quantity
S000267192,2024-12-24,C000579,Mina,Mohammadi,mina.mohammadi579@example.com,09759949050,Shiraz,2021-03-24,P00023,Eco Ball 23,books,204.05,491.54,B034,Express Branch 34,Isfahan,partner,0,5,cash,2023-10-06,106,20,Books,invalid quantity
S000268429,2025-12-27,C010628,Hana,Jafari,hana.jafari10628@example.com,09673163210,Tehran,2020-04-29,P00252,Smart Coffee 252,automotive,180.03,388.9,B001,Central Branch 1,Rasht,online,0,20,online,2023-05-10,36,50,Automotive,invalid quantity
S000269052,2025-02-01,C040215,Maryam,Ahmadi,maryam.ahmadi40215@example.com,09766277900,Shiraz,2024-11-30,P00050,Smart Notebook 50,office,230.15,636.37,B016,North Branch 16,Rasht,online,-1,15,card,2024-08-19,108,10,Office,invalid quantity
S000269666,2025-05-19,C041025,Leila,Rostami,leila.rostami41025@example.com,09755776137,Qom,2021-01-04,P00446,Nova Coffee 446,toys,315.88,760.78,B018,North Branch 18,Tabriz,partner,0,25,wallet,2025-02-21,416,40,Toys,invalid quantity
S000270903,2024-12-01,C041034,Sara,Hosseini,sara.hosseini41034@example.com,09216896761,Isfahan,2020-10-06,P00404,Mini Notebook 404,beauty,396.01,526.46,B029,North Branch 29,Tehran,mobile,0,15,card,2025-10-26,200,100,Beauty,invalid quantity
S000272140,2023-02-08,C006729,Ali,Salehi,ali.salehi6729@example.com,09879546238,Qom,2023-04-13,P00460,Classic Shirt 460,furniture,302.05,615.0,B017,Express Branch 17,Tehran,online,0,20,card,2025-10-10,56,100,Furniture,invalid quantity
S000272255,2023-04-06,C019628,Omid,Ahmadi,omid.ahmadi19628@example.com,09610466914,Qom,2022-01-10,P00033,Smart Coffee 33,health,338.72,496.36,B040,Outlet Branch 40,Tehran,online,-2,0,card,2024-03-23,364,10,Health,invalid quantity
S000273377,2025-07-02,C040055,Ali,Karimi,ali.karimi40055@example.com,09226137009,Isfahan,2024-06-05,P00136,Pro Cream 136,pets,370.35,893.67,B019,Bazaar Branch 19,Shiraz,mobile,0,0,wallet,2023-02-13,131,30,Pets,invalid quantity
S000274614,2024-12-26,C002033,Neda,Rostami,neda.rostami2033@example.com,09578290147,Isfahan,2022-02-09,P00383,Basic Ball 383,books,246.85,639.81,B025,Bazaar Branch 25,Tehran,mobile,0,25,online,2024-01-23,104,50,Books,invalid quantity
S000275458,2024-09-11,C039620,Maryam,Ahmadi,maryam.ahmadi39620@example.com,09300783711,Tehran,2021-10-18,P00452,Plus Ball 452,automotive,277.1,374.74,B002,Mall Branch 2,Karaj,partner,-2,15,card,2024-10-15,409,20,Automotive,invalid quantity
S000275851,2024-01-26,C021927,Mina,Mohammadi,mina.mohammadi21927@example.com,09150314893,Qom,2023-02-16,P00315,Basic Puzzle 315,music,242.26,512.27,B012,South Branch 12,Mashhad,online,0,20,online,2024-09-15,277,10,Music,invalid quantity
S000277088,2025-08-13,C047442,Neda,Hosseini,neda.hosseini47442@example.com,09602083562,Shiraz,2021-02-26,P00424,Eco Coffee 424,beauty,295.17,614.82,B030,Airport Branch 30,Mashhad,mobile,0,0,cash,2023-12-16,296,30,Beauty,invalid quantity
S000278325,2024-01-29,C031160,Hana,Mohammadi,hana.mohammadi31160@example.com,09228647199,Qom,2020-09-04,P00075,Mini Shirt 75,music,268.13,639.04,B029,North Branch 29,Tehran,mobile,0,25,wallet,2025-10-19,338,30,Music,invalid quantity
S000278661,2025-01-03,C021610,Amir,Moradi,amir.moradi21610@example.com,09582960239,Tehran,2023-06-09,P00458,Nova Cream 458,travel,243.73,604.02,B024,Outlet Branch 24,Tehran,store,-5,20,online,2023-03-28,55,50,Travel,invalid quantity
S000279562,2025-11-02,C008765,Yasin,Salehi,yasin.salehi8765@example.com,09564291699,Rasht,2020-12-26,P00485,Classic Desk 485,sports,77.9,130.26,B017,Express Branch 17,Tehran,online,0,5,card,2023-04-29,371,75,Sports,invalid quantity
S000280799,2024-03-01,C021204,Sara,Hosseini,sara.hosseini21204@example.com,09666345866,Rasht,2021-02-21,P00400,Prime Puzzle 400,furniture,151.71,240.77,B034,Express Branch 34,Isfahan,partner,0,0,online,2024-05-12,211,10,Furniture,invalid quantity
S000281864,2025-07-15,C039692,Leila,Moradi,leila.moradi39692@example.com,09962179208,Mashhad,2022-07-03,P00386,Basic Desk 386,toys,359.72,470.14,B006,North Branch 6,Tehran,online,-1,10,card,2025-10-05,240,75,Toys,invalid quantity
S000282036,2024-06-19,C021476,Reza,Salehi,reza.salehi21476@example.com,09473738244,Tehran,2024-03-30,P00199,Mini Headphones 199,gaming,297.76,746.34,B006,North Branch 6,Tehran,online,0,10,online,2025-05-24,388,50,Gaming,invalid quantity
S000283273,2023-09-12,C018814,Sara,Ahmadi,sara.ahmadi18814@example.com,09859132369,Rasht,2021-05-12,P00327,Mini Shirt 327,clothing,294.84,800.35,B014,Bazaar Branch 14,Shiraz,mobile,0,0,online,2025-04-24,92,20,Clothing,invalid quantity
S000284510,2024-03-31,C019757,Maryam,Rahimi,maryam.rahimi19757@example.com,09698644458,Tehran,2023-04-15,P00227,Eco Shirt 227,clothing,58.89,115.25,B028,Express Branch 28,Isfahan,partner,0,0,online,2025-07-21,295,20,Clothing,invalid quantity
S000285067,2024-11-22,C014090,Hana,Moradi,hana.moradi14090@example.com,09395337434,Tehran,2021-01-16,P00267,Eco Notebook 267,clothing,260.43,311.3,B017,Express Branch 17,Tehran,online,-3,20,online,2025-04-07,486,40,Clothing,invalid quantity
S000285747,2023-01-25,C014415,Ali,Hosseini,ali.hosseini14415@example.com,09663427438,Tehran,2022-08-11,P00498,Prime Coffee 498,travel,36.32,65.61,B012,South Branch 12,Mashhad,online,0,0,card,2024-07-28,207,75,Travel,invalid quantity
S000286984,2024-07-20,C037676,Mina,Akbari,mina.akbari37676@example.com,09563625233,Tabriz,2022-05-20,P00065,Basic Mixer 65,sports,381.26,805.32,B030,Airport Branch 30,Mashhad,mobile,0,5,card,2023-01-21,20,75,Sports,invalid quantity
S000288221,2024-12-11,C003737,Maryam,Akbari,maryam.akbari3737@example.com,09993106372,Isfahan,2024-05-24,P00035,Nova Puzzle 35,music,269.5,446.45,B039,Mall Branch 39,Shiraz,online,0,20,cash,2025-09-26,3,20,Music,invalid quantity
S000288270,2023-05-03,C042151,Amir,Salehi,amir.salehi42151@example.com,09854912514,Mashhad,2024-08-24,P00228,Basic Ball 228,shoes,158.48,377.5,B036,Express Branch 36,Tehran,store,-2,20,cash,2025-02-26,466,10,Shoes,invalid quantity
S000289458,2025-08-16,C049816,Ali,Akbari,ali.akbari49816@example.com,09976749131,Shiraz,2021-08-16,P00027,Prime Mixer 27,clothing,183.73,503.78,B009,South Branch 9,Isfahan,store,0,15,cash,2023-12-30,275,10,Clothing,invalid quantity
S000290695,2025-07-08,C041762,Yasin,Rahimi,yasin.rahimi41762@example.com,09823225939,Shiraz,2022-04-24,P00065,Basic Mixer 65,sports,381.26,805.32,B014,Bazaar Branch 14,Shiraz,mobile,0,0,wallet,2024-07-13,477,20,Sports,invalid quantity
S000291473,2025-10-08,C039383,Arman,Hosseini,arman.hosseini39383@example.com,09801055107,Shiraz,2022-12-19,P00145,Prime Headphones 145,sports,196.35,266.58,B027,Express Branch 27,Shiraz,store,-1,25,wallet,2024-05-01,322,10,Sports,invalid quantity
S000291932,2023-12-11,C029701,Maryam,Salehi,maryam.salehi29701@example.com,09194082429,Isfahan,2023-01-13,P00463,Plus Puzzle 463,books,68.42,131.58,B039,Mall Branch 39,Shiraz,online,0,10,card,2023-06-09,148,10,Books,invalid quantity
S000293169,2025-10-04,C042375,Maryam,Ahmadi,maryam.ahmadi42375@example.com,09789964097,Tabriz,2021-11-13,P00269,Smart Desk 269,grocery,325.45,721.28,B005,South Branch 5,Tehran,online,0,15,card,2023-08-30,59,30,Grocery,invalid quantity
S000294406,2024-01-21,C013953,Leila,Mohammadi,leila.mohammadi13953@example.com,09992970736,Tehran,2022-03-22,P00151,Prime Coffee 151,garden,396.9,465.8,B024,Outlet Branch 24,Tehran,store,0,5,card,2024-02-04,343,30,Garden,invalid quantity
S000294676,2025-03-21,C047986,Omid,Mohammadi,omid.mohammadi47986@example.com,09489678379,Mashhad,2023-07-14,P00500,Nova Headphones 500,furniture,126.81,193.21,B030,Airport Branch 30,Mashhad,mobile,-1,0,online,2023-05-15,122,40,Furniture,invalid quantity
S000295643,2023-07-05,C029921,Neda,Hosseini,neda.hosseini29921@example.com,09745759790,Tehran,2022-10-08,P00086,Plus Cream 86,toys,326.49,808.57,B014,Bazaar Branch 14,Shiraz,mobile,0,5,card,2024-07-17,233,100,Toys,invalid quantity
S000296880,2025-01-10,C045051,Leila,Jafari,leila.jafari45051@example.com,09309127417,Karaj,2022-08-27,P00294,Basic Headphones 294,jewelry,58.86,141.09,B037,Bazaar Branch 37,Tehran,online,0,20,card,2025-01-16,469,40,Jewelry,invalid quantity
S000297879,2024-05-24,C009772,Hana,Hosseini,hana.hosseini9772@example.com,09646997742,Tehran,2021-05-13,P00245,Pro Shirt 245,sports,346.68,922.26,B035,Mall Branch 35,Isfahan,mobile,-5,20,card,2024-07-13,252,40,Sports,invalid quantity
S000298117,2024-12-30,C027988,Mina,Hosseini,mina.hosseini27988@example.com,09323463955,Tehran,2023-11-11,P00017,Classic Puzzle 17,baby,318.55,672.98,B016,North Branch 16,Rasht,online,0,15,card,2023-10-18,403,10,Baby,invalid quantity
S000299354,2024-06-29,C042364,Reza,Akbari,reza.akbari42364@example.com,09298294717,Mashhad,2020-09-29,P00496,Basic Sneakers 496,pets,175.81,360.45,B040,Outlet Branch 40,Tehran,online,0,10,wallet,2023-03-26,148,40,Pets,invalid quantity
S000300591,2023-07-08,C034382,Arman,Karimi,arman.karimi34382@example.com,09756351884,Tehran,2024-05-04,P00419,Prime Cream 419,gaming,154.82,206.51,B021,Airport Branch 21,Tehran,online,0,25,card,2024-03-20,330,10,Gaming,invalid quantity
S000301082,2024-09-18,C012193,Amir,Hosseini,amir.hosseini12193@example.com,09650461706,Rasht,2020-06-01,P00211,Max Cream 211,garden,327.13,381.27,B003,Bazaar Branch 3,Karaj,online,-2,0,cash,2025-07-04,92,40,Garden,invalid quantity
S000301828,2025-06-06,C049113,Maryam,Hosseini,maryam.hosseini49113@example.com,09734619192,Shiraz,2023-11-01,P00126,Plus Puzzle 126,toys,213.24,527.92,B039,Mall Branch 39,Shiraz,online,0,0,cash,2025-08-23,23,40,Toys,invalid quantity
S000303065,2023-11-28,C030259,Hana,Moradi,hana.moradi30259@example.com,09204126212,Tehran,2023-01-27,P00251,Eco Shirt 251,garden,386.68,910.55,B003,Bazaar Branch 3,Karaj,online,0,10,card,2024-03-15,372,20,Garden,invalid quantity
S000304285,2023-12-16,C021537,Amir,Rahimi,amir.rahimi21537@example.com,09683991607,Shiraz,2024-07-22,P00356,Basic Desk 356,pets,157.9,309.83,B034,Express Branch 34,Isfahan,partner,-2,25,wallet,2023-11-12,269,75,Pets,invalid quantity
S000304302,2024-05-19,C013198,Maryam,Akbari,maryam.akbari13198@example.com,09222689749,Tehran,2024-05-09,P00410,Classic Mixer 410,office,327.16,425.14,B034,Express Branch 34,Isfahan,partner,0,0,cash,2025-09-19,396,50,Office,invalid quantity
S000305539,2023-09-27,C023307,Reza,Akbari,reza.akbari23307@example.com,09716019011,Karaj,2021-11-16,P00146,Max Cream 146,toys,343.18,874.03,B016,North Branch 16,Rasht,online,0,0,online,2023-05-06,181,75,Toys,invalid quantity
S000306776,2025-09-07,C029246,Sara,Akbari,sara.akbari29246@example.com,09498360779,Qom,2022-09-03,P00011,Prime Ball 11,garden,73.98,195.05,B036,Express Branch 36,Tehran,store,0,20,cash,2025-10-31,129,10,Garden,invalid quantity
S000307488,2025-04-30,C048592,Maryam,Hosseini,maryam.hosseini48592@example.com,09382869738,Shiraz,2024-10-09,P00440,Basic Shirt 440,furniture,254.49,698.9,B012,South Branch 12,Mashhad,online,-2,0,card,2023-08-03,86,10,Furniture,invalid quantity
S000308013,2024-06-30,C047776,Maryam,Ahmadi,maryam.ahmadi47776@example.com,09613855013,Tehran,2023-07-21,P00383,Basic Ball 383,books,246.85,639.81,B032,Central Branch 32,Shiraz,partner,0,0,wallet,2023-11-16,112,40,Books,invalid quantity
S000309250,2024-12-03,C013496,Neda,Rostami,neda.rostami13496@example.com,09125455301,Shiraz,2022-07-15,P00325,Pro Sneakers 325,sports,168.9,456.16,B029,North Branch 29,Tehran,mobile,0,5,wallet,2024-02-07,299,100,Sports,invalid quantity
S000310487,2025-05-19,C012597,Yasin,Moradi,yasin.moradi12597@example.com,09898200698,Tehran,2024-01-13,P00331,Classic Coffee 331,garden,24.75,35.69,B008,West Branch 8,Isfahan,store,0,0,online,2023-10-12,175,30,Garden,invalid quantity
S000310691,2023-11-21,C040748,Leila,Moradi,leila.moradi40748@example.com,09387458089,Tehran,2021-10-14,P00414,Max Mixer 414,jewelry,179.29,279.68,B022,Outlet Branch 22,Rasht,mobile,-3,0,wallet,2025-02-24,51,75,Jewelry,invalid quantity
S000311724,2024-11-22,C025957,Arman,Jafari,arman.jafari25957@example.com,09310677849,Tehran,2020-12-31,P00296,Smart Sneakers 296,pets,276.49,703.33,B002,Mall Branch 2,Karaj,partner,0,15,card,2025-08-10,345,50,Pets,invalid quantity
S000312961,2025-12-02,C027879,Reza,Rahimi,reza.rahimi27879@example.com,09329579167,Mashhad,2020-07-07,P00161,Nova Puzzle 161,electronics,327.64,748.18,B036,Express Branch 36,Tehran,store,0,10,online,2024-12-30,3,20,Electronics,invalid quantity
S000313894,2024-07-02,C020607,Reza,Mohammadi,reza.mohammadi20607@example.com,09950859398,Karaj,2023-06-06,P00266,Pro Puzzle 266,toys,376.89,618.7,B031,North Branch 31,Tehran,store,-4,15,online,2024-04-05,374,20,Toys,invalid quantity
S000314198,2024-05-28,C030872,Leila,Akbari,leila.akbari30872@example.com,09610336947,Rasht,2022-04-18,P00235,Max Coffee 235,music,226.41,613.19,B031,North Branch 31,Tehran,store,0,0,card,2025-02-26,374,100,Music,invalid quantity
S000315435,2024-02-02,C012502,Reza,Rostami,reza.rostami12502@example.com,09793903485,Tabriz,2020-07-16,P00046,Nova Notebook 46,toys,350.7,730.29,B037,Bazaar Branch 37,Tehran,online,0,15,card,2025-03-05,81,100,Toys,invalid quantity
S000316672,2023-10-15,C049873,Mina,Akbari,mina.akbari49873@example.com,09338525398,Isfahan,2021-04-11,P00050,Smart Notebook 50,office,230.15,636.37,B017,Express Branch 17,Tehran,online,0,0,card,2023-04-29,152,40,Office,invalid quantity
S000317097,2023-08-31,C044707,Sara,Ahmadi,sara.ahmadi44707@example.com,09993320730,Tabriz,2020-05-23,P00290,Nova Mixer 290,office,160.58,216.38,B001,Central Branch 1,Rasht,online,-4,5,card,2024-02-12,426,30,Office,invalid quantity
S000317909,2024-10-01,C009647,Leila,Salehi,leila.salehi9647@example.com,09768352481,Qom,2020-08-20,P00490,Classic Sneakers 490,office,201.05,322.63,B005,South Branch 5,Tehran,online,0,20,wallet,2024-05-12,14,30,Office,invalid quantity
S000319146,2025-11-08,C039797,Mina,Mohammadi,mina.mohammadi39797@example.com,09839168742,Mashhad,2023-05-14,P00492,Eco Sneakers 492,automotive,247.47,496.34,B033,South Branch 33,Isfahan,online,0,0,online,2023-02-24,411,20,Automotive,invalid quantity
S000320300,2024-07-27,C044589,Hana,Ahmadi,hana.ahmadi44589@example.com,09741660463,Mashhad,2021-08-16,P00254,Max Desk 254,jewelry,239.84,534.85,B001,Central Branch 1,Rasht,online,-1,5,card,2024-06-02,230,50,Jewelry,invalid quantity
S000320383,2023-10-31,C015671,Arman,Hosseini,arman.hosseini15671@example.com,09107758300,Mashhad,2023-09-07,P00258,Basic Headphones 258,travel,339.57,654.66,B040,Outlet Branch 40,Tehran,online,0,20,wallet,2024-02-29,48,75,Travel,invalid quantity
S000321620,2023-05-27,C043494,Maryam,Jafari,maryam.jafari43494@example.com,09337539179,Karaj,2020-12-19,P00120,Pro Cream 120,furniture,105.07,128.77,B040,Outlet Branch 40,Tehran,online,0,15,wallet,2024-09-26,439,50,Furniture,invalid quantity
S000322857,2024-05-22,C019056,Leila,Salehi,leila.salehi19056@example.com,09655319078,Tehran,2021-07-25,P00380,Pro Notebook 380,furniture,132.42,291.35,B004,Bazaar Branch 4,Rasht,partner,0,15,online,2025-12-13,387,40,Furniture,invalid quantity
S000323503,2023-12-16,C041615,Leila,Karimi,leila.karimi41615@example.com,09412801898,Tehran,2021-01-08,P00192,Max Shirt 192,automotive,226.79,307.74,B001,Central Branch 1,Rasht,online,-4,10,card,2024-12-19,279,40,Automotive,invalid quantity
S000324094,2025-12-14,C007672,Neda,Ahmadi,neda.ahmadi7672@example.com,09167400710,Isfahan,2021-04-02,P00465,Prime Desk 465,sports,17.93,41.34,B039,Mall Branch 39,Shiraz,online,0,15,card,2025-11-22,275,30,Sports,invalid quantity
S000325331,2023-10-20,C032258,Reza,Rahimi,reza.rahimi32258@example.com,09635567449,Shiraz,2024-11-04,P00118,Classic Notebook 118,travel,123.09,220.66,B006,North Branch 6,Tehran,online,0,25,online,2024-04-26,274,20,Travel,invalid quantity
S000326568,2024-02-11,C005949,Arman,Jafari,arman.jafari5949@example.com,09688070959,Tehran,2020-08-14,P00140,Prime Sneakers 140,furniture,245.7,525.65,B005,South Branch 5,Tehran,online,0,10,cash,2023-07-13,454,75,Furniture,invalid quantity
S000326706,2025-06-17,C038662,Maryam,Jafari,maryam.jafari38662@example.com,09239969595,Tabriz,2024-07-08,P00217,Max Sneakers 217,baby,105.85,160.48,B030,Airport Branch 30,Mashhad,mobile,-4,0,online,2025-02-04,286,50,Baby,invalid quantity
S000327805,2023-07-01,C018833,Leila,Moradi,leila.moradi18833@example.com,09837932054,Qom,2020-09-14,P00390,Eco Cream 390,office,145.86,323.51,B040,Outlet Branch 40,Tehran,online,0,10,cash,2024-09-09,255,100,Office,invalid quantity
S000329042,2025-09-27,C031666,Leila,Karimi,leila.karimi31666@example.com,09836397848,Isfahan,2023-08-08,P00296,Smart Sneakers 296,pets,276.49,703.33,B003,Bazaar Branch 3,Karaj,online,0,0,cash,2023-11-27,104,50,Pets,invalid quantity
S000329909,2024-08-18,C044449,Sara,Rostami,sara.rostami44449@example.com,09805462357,Isfahan,2021-08-23,P00264,Pro Desk 264,beauty,281.41,612.86,B014,Bazaar Branch 14,Shiraz,mobile,-5,0,card,2023-08-18,132,100,Beauty,invalid quantity
S000330279,2024-02-25,C033258,Reza,Hosseini,reza.hosseini33258@example.com,09835861357,Qom,2022-05-18,P00484,Classic Mixer 484,beauty,335.8,844.89,B002,Mall Branch 2,Karaj,partner,0,20,card,2023-08-09,209,30,Beauty,invalid quantity
S000331516,2024-02-19,C046369,Reza,Rahimi,reza.rahimi46369@example.com,09960894842,Tabriz,2022-07-15,P00114,Prime Shirt 114,jewelry,308.99,847.84,B009,South Branch 9,Isfahan,store,0,0,card,2024-06-07,343,20,Jewelry,invalid quantity
S000332753,2023-08-18,C013050,Leila,Salehi,leila.salehi13050@example.com,09701881842,Tehran,2020-03-30,P00019,Pro Coffee 19,gaming,77.76,112.44,B034,Express Branch 34,Isfahan,partner,0,25,wallet,2025-02-06,389,50,Gaming,invalid quantity
S000333112,2025-11-23,C023236,Yasin,Mohammadi,yasin.mohammadi23236@example.com,09495279056,Shiraz,2022-02-20,P00179,Pro Puzzle 179,gaming,78.04,192.56,B022,Outlet Branch 22,Rasht,mobile,-2,25,cash,2023-07-16,82,30,Gaming,invalid quantity
S000333990,2025-05-27,C049039,Amir,Salehi,amir.salehi49039@example.com,09193577390,Tehran,2022-04-01,P00290,Nova Mixer 290,office,160.58,216.38,B005,South Branch 5,Tehran,online,0,0,online,2023-10-14,358,10,Office,invalid quantity
S000335227,2024-10-29,C038609,Hana,Hosseini,hana.hosseini38609@example.com,09177743020,Mashhad,2022-07-11,P00031,Mini Coffee 31,garden,22.73,26.89,B024,Outlet Branch 24,Tehran,store,0,10,online,2024-06-30,284,20,Garden,invalid quantity
S000336315,2023-05-17,C032741,Leila,Jafari,leila.jafari32741@example.com,09987449041,Shiraz,2021-05-21,P00072,Max Desk 72,automotive,260.74,662.34,B021,Airport Branch 21,Tehran,online,-5,20,cash,2025-08-11,117,40,Automotive,invalid quantity
S000336464,2023-04-29,C040112,Sara,Jafari,sara.jafari40112@example.com,09319391511,Karaj,2021-05-29,P00375,Basic Cream 375,music,228.29,358.53,B023,Bazaar Branch 23,Rasht,mobile,0,25,cash,2025-03-04,125,30,Music,invalid quantity
S000337701,2025-07-03,C024898,Amir,Jafari,amir.jafari24898@example.com,09135737261,Isfahan,2024-01-06,P00421,Classic Sneakers 421,electronics,195.9,330.92,B022,Outlet Branch 22,Rasht,mobile,0,0,card,2025-01-31,419,30,Electronics,invalid quantity
S000338938,2024-07-26,C015595,Ali,Akbari,ali.akbari15595@example.com,09104767902,Qom,2022-08-16,P00473,Prime Cream 473,health,292.84,379.75,B011,Central Branch 11,Tehran,partner,0,25,wallet,2025-09-10,212,20,Health,invalid quantity
S000339518,2023-09-30,C008235,Mina,Ahmadi,mina.ahmadi8235@example.com,09966157627,Isfahan,2022-07-17,P00380,Pro Notebook 380,furniture,132.42,291.35,B020,North Branch 20,Shiraz,online,-5,0,cash,2024-12-07,92,40,Furniture,invalid quantity
S000340175,2023-09-14,C027825,Neda,Moradi,neda.moradi27825@example.com,09531803223,Tehran,2022-04-04,P00410,Classic Mixer 410,office,327.16,425.14,B001,Central Branch 1,Rasht,online,0,25,online,2025-03-20,66,100,Office,invalid quantity
S000341412,2025-04-24,C040738,Mina,Ahmadi,mina.ahmadi40738@example.com,09955706622,Mashhad,2021-07-19,P00158,Prime Coffee 158,travel,21.38,31.49,B016,North Branch 16,Rasht,online,0,15,cash,2025-06-09,435,100,Travel,invalid quantity
S000342649,2025-07-23,C005794,Omid,Rostami,omid.rostami5794@example.com,09114951382,Shiraz,2020-07-12,P00369,Pro Desk 369,grocery,82.64,102.81,B033,South Branch 33,Isfahan,online,0,20,cash,2024-12-24,388,20,Grocery,invalid quantity
S000342721,2024-06-18,C040874,Reza,Ahmadi,reza.ahmadi40874@example.com,09629563471,Mashhad,2023-07-16,P00366,Classic Notebook 366,toys,320.6,753.55,B002,Mall Branch 2,Karaj,partner,-5,0,card,2023-10-09,421,30,Toys,invalid quantity
S000343886,2025-02-16,C048305,Omid,Rahimi,omid.rahimi48305@example.com,09463673522,Shiraz,2021-10-01,P00214,Nova Cream 214,jewelry,95.86,187.81,B012,South Branch 12,Mashhad,online,0,20,wallet,2024-07-16,388,50,Jewelry,invalid quantity
S000345123,2025-08-08,C003933,Mina,Rostami,mina.rostami3933@example.com,09396298467,Shiraz,2023-12-17,P00148,Max Coffee 148,shoes,122.39,210.51,B019,Bazaar Branch 19,Shiraz,mobile,0,0,wallet,2023-02-20,35,10,Shoes,invalid quantity
S000345924,2024-08-31,C048846,Mina,Akbari,mina.akbari48846@example.com,09226297325,Tehran,2024-10-26,P00481,Pro Desk 481,electronics,333.13,838.02,B002,Mall Branch 2,Karaj,partner,-4,20,card,2024-10-29,186,20,Electronics,invalid quantity
S000346360,2024-02-05,C007419,Leila,Moradi,leila.moradi7419@example.com,09546309587,Shiraz,2022-09-08,P00474,Max Mixer 474,jewelry,62.67,140.44,B028,Express Branch 28,Isfahan,partner,0,10,online,2024-09-19,385,75,Jewelry,invalid quantity
S000347597,2025-11-20,C013827,Hana,Moradi,hana.moradi13827@example.com,09983661160,Shiraz,2021-02-19,P00185,Classic Mixer 185,sports,266.46,434.87,B017,Express Branch 17,Tehran,online,0,5,card,2025-01-22,426,20,Sports,invalid quantity
S000348834,2023-03-19,C004454,Hana,Jafari,hana.jafari4454@example.com,09601773279,Tehran,2020-03-31,P00340,Mini Mixer 340,furniture,53.3,69.47,B008,West Branch 8,Isfahan,store,0,0,card,2023-10-09,190,30,Furniture,invalid quantity
S000349127,2023-11-17,C017848,Reza,Moradi,reza.moradi17848@example.com,09690383396,Tehran,2022-01-08,P00433,Prime Notebook 433,health,187.76,358.31,B019,Bazaar Branch 19,Shiraz,mobile,-2,15,card,2025-12-06,94,100,Health,invalid quantity
S000350071,2025-04-27,C018531,Sara,Mohammadi,sara.mohammadi18531@example.com,09891925595,Shiraz,2021-10-22,P00085,Prime Puzzle 85,sports,139.2,362.67,B011,Central Branch 11,Tehran,partner,0,20,online,2023-03-09,326,100,Sports,invalid quantity
S000351308,2023-07-11,C046576,Leila,Rahimi,leila.rahimi46576@example.com,09122382227,Shiraz,2022-10-03,P00090,Basic Shirt 90,office,18.52,40.15,B035,Mall Branch 35,Isfahan,mobile,0,10,card,2025-03-03,306,100,Office,invalid quantity
S000352330,2023-07-06,C012408,Amir,Ahmadi,amir.ahmadi12408@example.com,09899592861,Qom,2020-06-08,P00175,Smart Sneakers 175,music,258.3,449.81,B021,Airport Branch 21,Tehran,online,-3,5,card,2025-07-07,85,50,Music,invalid quantity
S000352545,2023-12-31,C024513,Amir,Hosseini,amir.hosseini24513@example.com,09586400248,Isfahan,2021-08-31,P00048,Eco Mixer 48,shoes,350.81,713.98,B013,Outlet Branch 13,Mashhad,mobile,0,20,cash,2024-07-27,130,50,Shoes,invalid quantity
S000353782,2025-12-16,C038622,Neda,Mohammadi,neda.mohammadi38622@example.com,09496768943,Isfahan,2022-01-26,P00086,Plus Cream 86,toys,326.49,808.57,B024,Outlet Branch 24,Tehran,store,0,15,wallet,2024-12-30,51,100,Toys,invalid quantity
S000355019,2025-04-08,C038378,Hana,Jafari,hana.jafari38378@example.com,09959414705,Tehran,2024-05-26,P00121,Classic Puzzle 121,electronics,268.82,442.77,B034,Express Branch 34,Isfahan,partner,0,25,online,2023-04-08,200,50,Electronics,invalid quantity
S000355533,2024-04-22,C020505,Hana,Moradi,hana.moradi20505@example.com,09960382797,Karaj,2024-03-06,P00394,Pro Puzzle 394,jewelry,301.92,551.85,B022,Outlet Branch 22,Rasht,mobile,-3,0,cash,2024-07-31,166,75,Jewelry,invalid quantity
S000356256,2023-08-28,C048600,Maryam,Ahmadi,maryam.ahmadi48600@example.com,09502677907,Isfahan,2020-03-23,P00099,Plus Puzzle 99,gaming,26.79,45.95,B016,North Branch 16,Rasht,online,0,10,online,2024-06-26,48,10,Gaming,invalid quantity
S000357493,2023-03-17,C025483,Reza,Mohammadi,reza.mohammadi25483@example.com,09729828679,Isfahan,2024-05-22,P00370,Max Puzzle 370,office,394.39,608.3,B008,West Branch 8,Isfahan,store,0,5,wallet,2025-04-20,158,20,Office,invalid quantity
S000358730,2025-04-20,C032013,Sara,Salehi,sara.salehi32013@example.com,09433722356,Rasht,2020-01-01,P00223,Eco Puzzle 223,books,330.33,632.39,B036,Express Branch 36,Tehran,store,0,25,online,2025-01-23,422,40,Books,invalid quantity
S000358736,2024-07-09,C020111,Sara,Jafari,sara.jafari20111@example.com,09763588047,Tehran,2022-08-17,P00459,Classic Sneakers 459,gaming,36.87,67.96,B014,Bazaar Branch 14,Shiraz,mobile,-1,0,online,2023-12-07,197,75,Gaming,invalid quantity
S000359967,2024-01-19,C041647,Amir,Rostami,amir.rostami41647@example.com,09750853244,Isfahan,2024-08-25,P00092,Eco Notebook 92,automotive,132.73,337.15,B019,Bazaar Branch 19,Shiraz,mobile,0,10,cash,2024-09-15,142,50,Automotive,invalid quantity
S000361204,2024-09-08,C023077,Reza,Jafari,reza.jafari23077@example.com,09842022269,Tehran,2022-11-06,P00409,Plus Ball 409,grocery,244.96,443.97,B011,Central Branch 11,Tehran,partner,0,20,online,2024-05-06,216,20,Grocery,invalid quantity
S000361939,2025-04-25,C044297,Maryam,Jafari,maryam.jafari44297@example.com,09984628371,Tehran,2020-08-23,P00307,Nova Notebook 307,clothing,103.14,175.72,B018,North Branch 18,Tabriz,partner,-4,0,online,2024-06-12,342,100,Clothing,invalid quantity
S000362441,2025-07-13,C015863,Neda,Jafari,neda.jafari15863@example.com,09210829909,Shiraz,2024-11-12,P00218,Plus Sneakers 218,travel,224.03,624.54,B023,Bazaar Branch 23,Rasht,mobile,0,15,card,2024-06-14,112,75,Travel,invalid quantity
S000363678,2025-06-28,C028268,Hana,Moradi,hana.moradi28268@example.com,09852645278,Tabriz,2021-07-30,P00003,Smart Desk 3,books,148.82,415.03,B005,South Branch 5,Tehran,online,0,0,card,2024-04-08,438,75,Books,invalid quantity
S000364915,2024-06-15,C009523,Arman,Jafari,arman.jafari9523@example.com,09690406752,Mashhad,2020-03-26,P00019,Pro Coffee 19,gaming,77.76,112.44,B021,Airport Branch 21,Tehran,online,0,0,wallet,2024-04-19,159,10,Gaming,invalid quantity
S000365142,2025-04-04,C008004,Reza,Akbari,reza.akbari8004@example.com,09970922713,Mashhad,2023-04-03,P00414,Max Mixer 414,jewelry,179.29,279.68,B022,Outlet Branch 22,Rasht,mobile,-5,10,card,2025-02-04,236,75,Jewelry,invalid quantity
S000366152,2025-09-12,C036423,Hana,Rostami,hana.rostami36423@example.com,09957657240,Tehran,2024-06-21,P00016,Plus Shirt 16,pets,201.17,553.22,B032,Central Branch 32,Shiraz,partner,0,20,card,2023-02-11,0,100,Pets,invalid quantity
S000367389,2023-04-13,C031459,Maryam,Akbari,maryam.akbari31459@example.com,09888251504,Isfahan,2024-11-16,P00151,Prime Coffee 151,garden,396.9,465.8,B016,North Branch 16,Rasht,online,0,25,wallet,2023-05-08,312,50,Garden,invalid quantity
S000368345,2025-11-10,C026018,Yasin,Mohammadi,yasin.mohammadi26018@example.com,09961238413,Shiraz,2024-04-26,P00203,Smart Desk 203,books,140.57,251.88,B004,Bazaar Branch 4,Rasht,partner,-4,25,wallet,2024-01-01,230,30,Books,invalid quantity
S000368626,2024-04-11,C014392,Leila,Moradi,leila.moradi14392@example.com,09142689710,Isfahan,2022-07-24,P00052,Smart Coffee 52,automotive,204.8,285.16,B020,North Branch 20,Shiraz,online,0,15,wallet,2025-02-19,189,50,Automotive,invalid quantity
S000369863,2023-11-19,C046686,Arman,Jafari,arman.jafari46686@example.com,09572516486,Shiraz,2022-07-26,P00259,Classic Shirt 259,gaming,149.43,334.22,B019,Bazaar Branch 19,Shiraz,mobile,0,5,card,2024-03-02,273,40,Gaming,invalid quantity
S000371100,2023-08-17,C034359,Ali,Ahmadi,ali.ahmadi34359@example.com,09622794514,Qom,2023-03-09,P00406,Nova Headphones 406,toys,307.89,791.41,B028,Express Branch 28,Isfahan,partner,0,5,cash,2023-02-23,402,20,Toys,invalid quantity
S000371548,2023-02-28,C014725,Amir,Hosseini,amir.hosseini14725@example.com,09776401766,Shiraz,2020-06-07,P00182,Eco Cream 182,home appliances,349.26,822.32,B038,East Branch 38,Tehran,mobile,-4,0,cash,2023-09-08,43,40,Home Appliances,invalid quantity
S000372337,2024-05-05,C012612,Yasin,Ahmadi,yasin.ahmadi12612@example.com,09900888252,Rasht,2023-06-30,P00474,Max Mixer 474,jewelry,62.67,140.44,B021,Airport Branch 21,Tehran,online,0,10,online,2024-04-06,349,75,Jewelry,invalid quantity
S000373574,2024-08-11,C041214,Yasin,Ahmadi,yasin.ahmadi41214@example.com,09304534036,Tehran,2021-05-31,P00129,Max Sneakers 129,grocery,52.81,102.47,B011,Central Branch 11,Tehran,partner,0,0,online,2024-10-28,319,100,Grocery,invalid quantity
S000374751,2024-01-11,C013057,Amir,Jafari,amir.jafari13057@example.com,09829508443,Isfahan,2021-12-11,P00028,Prime Puzzle 28,shoes,181.09,267.99,B033,South Branch 33,Isfahan,online,-3,25,cash,2023-07-04,210,20,Shoes,invalid quantity
S000374811,2025-10-27,C038804,Omid,Karimi,omid.karimi38804@example.com,09939347979,Tehran,2024-05-11,P00053,Max Ball 53,health,288.74,434.09,B019,Bazaar Branch 19,Shiraz,mobile,0,10,online,2024-03-03,237,50,Health,invalid quantity
S000376048,2024-08-18,C023153,Maryam,Ahmadi,maryam.ahmadi23153@example.com,09194262285,Rasht,2023-07-06,P00255,Classic Sneakers 255,music,107.06,262.05,B033,South Branch 33,Isfahan,online,0,20,card,2024-02-17,128,50,Music,invalid quantity
S000377285,2025-09-14,C008624,Yasin,Rostami,yasin.rostami8624@example.com,09811566329,Tehran,2020-01-18,P00108,Smart Shirt 108,shoes,359.95,495.27,B028,Express Branch 28,Isfahan,partner,0,15,wallet,2023-01-11,330,10,Shoes,invalid quantity
S000377954,2025-09-15,C006071,Reza,Ahmadi,reza.ahmadi6071@example.com,09858240572,Tehran,2020-12-25,P00010,Max Sneakers 10,office,158.66,261.05,B016,North Branch 16,Rasht,online,-1,0,wallet,2025-06-26,99,20,Office,invalid quantity
S000378522,2025-06-09,C027148,Ali,Salehi,ali.salehi27148@example.com,09889984526,Tabriz,2022-10-03,P00205,Max Ball 205,sports,276.44,597.66,B005,South Branch 5,Tehran,online,0,0,wallet,2024-01-19,171,40,Sports,invalid quantity
S000379759,2025-07-30,C030891,Maryam,Ahmadi,maryam.ahmadi30891@example.com,09288110864,Tehran,2022-12-24,P00406,Nova Headphones 406,toys,307.89,791.41,B004,Bazaar Branch 4,Rasht,partner,0,0,online,2024-02-16,59,20,Toys,invalid quantity
S000380996,2025-10-22,C046462,Yasin,Moradi,yasin.moradi46462@example.com,09705414566,Qom,2020-02-18,P00303,Max Ball 303,books,21.36,45.56,B032,Central Branch 32,Shiraz,partner,0,0,online,2023-05-19,65,20,Books,invalid quantity
S000381157,2024-01-31,C032255,Ali,Akbari,ali.akbari32255@example.com,09990070511,Shiraz,2022-08-14,P00124,Plus Coffee 124,beauty,200.91,367.89,B022,Outlet Branch 22,Rasht,mobile,-3,10,card,2025-03-20,272,50,Beauty,invalid quantity
S000382233,2023-05-03,C028482,Mina,Rostami,mina.rostami28482@example.com,09539823981,Karaj,2022-10-17,P00106,Eco Headphones 106,toys,321.72,376.97,B006,North Branch 6,Tehran,online,0,0,online,2024-07-13,309,100,Toys,invalid quantity
S000383470,2023-01-25,C043993,Amir,Salehi,amir.salehi43993@example.com,09916909645,Tehran,2021-10-14,P00265,Eco Mixer 265,sports,398.58,866.09,B025,Bazaar Branch 25,Tehran,mobile,0,20,wallet,2024-01-28,52,30,Sports,invalid quantity
S000384360,2024-04-18,C018870,Omid,Hosseini,omid.hosseini18870@example.com,09377608404,Mashhad,2024-05-07,P00069,Eco Ball 69,grocery,41.97,62.04,B012,South Branch 12,Mashhad,online,-2,5,cash,2025-09-03,128,50,Grocery,invalid quantity
S000384707,2023-06-01,C040046,Mina,Akbari,mina.akbari40046@example.com,09153343910,Shiraz,2022-01-25,P00327,Mini Shirt 327,clothing,294.84,800.35,B017,Express Branch 17,Tehran,online,0,0,online,2024-09-30,403,100,Clothing,invalid quantity
S000385944,2023-09-11,C009968,Leila,Ahmadi,leila.ahmadi9968@example.com,09749623171,Shiraz,2020-05-17,P00135,Plus Mixer 135,music,318.36,542.98,B029,North Branch 29,Tehran,mobile,0,15,card,2025-01-01,329,75,Music,invalid quantity
S000387181,2025-12-19,C033309,Neda,Moradi,neda.moradi33309@example.com,09568226051,Isfahan,2024-02-08,P00301,Plus Coffee 301,electronics,243.45,527.52,B033,South Branch 33,Isfahan,online,0,10,wallet,2023-11-09,385,100,Electronics,invalid quantity
S000387563,2023-03-29,C011585,Hana,Akbari,hana.akbari11585@example.com,09239767518,Shiraz,2021-06-24,P00324,Pro Ball 324,beauty,265.69,392.33,B001,Central Branch 1,Rasht,online,-3,20,card,2024-04-25,63,10,Beauty,invalid quantity
S000388418,2025-09-10,C049359,Sara,Karimi,sara.karimi49359@example.com,09924695195,Qom,2024-06-30,P00334,Plus Desk 334,jewelry,341.94,421.76,B029,North Branch 29,Tehran,mobile,0,25,online,2023-07-10,198,20,Jewelry,invalid quantity
S000389655,2023-05-12,C001796,Omid,Karimi,omid.karimi1796@example.com,09591817492,Isfahan,2020-11-15,P00033,Smart Coffee 33,health,338.72,496.36,B028,Express Branch 28,Isfahan,partner,0,25,online,2025-06-18,254,10,Health,invalid quantity
S000390766,2024-11-16,C005781,Yasin,Karimi,yasin.karimi5781@example.com,09285900374,Tabriz,2023-01-03,P00207,Basic Headphones 207,clothing,326.51,909.62,B010,Central Branch 10,Rasht,mobile,-3,10,card,2025-09-27,375,75,Clothing,invalid quantity
S000390892,2024-08-13,C032813,Amir,Karimi,amir.karimi32813@example.com,09927100454,Tabriz,2024-03-04,P00287,Nova Shirt 287,clothing,104.62,257.48,B008,West Branch 8,Isfahan,store,0,25,online,2024-10-26,407,20,Clothing,invalid quantity
S000392129,2023-03-25,C041544,Maryam,Salehi,maryam.salehi41544@example.com,09766397324,Rasht,2020-08-31,P00475,Pro Puzzle 475,music,76.34,120.89,B030,Airport Branch 30,Mashhad,mobile,0,0,cash,2025-06-08,308,30,Music,invalid quantity
S000393366,2024-01-05,C003380,Neda,Karimi,neda.karimi3380@example.com,09190244626,Tabriz,2020-12-07,P00329,Eco Desk 329,grocery,217.65,542.59,B028,Express Branch 28,Isfahan,partner,0,20,card,2023-04-15,347,75,Grocery,invalid quantity
S000393969,2023-10-19,C040425,Arman,Moradi,arman.moradi40425@example.com,09179027916,Shiraz,2020-12-31,P00348,Basic Mixer 348,shoes,134.84,361.1,B020,North Branch 20,Shiraz,online,-4,20,online,2024-02-06,438,75,Shoes,invalid quantity
S000394603,2024-04-09,C033621,Ali,Salehi,ali.salehi33621@example.com,09178684709,Shiraz,2024-01-29,P00057,Classic Ball 57,baby,229.73,409.52,B037,Bazaar Branch 37,Tehran,online,0,0,card,2024-06-09,230,10,Baby,invalid quantity
S000395840,2024-09-15,C046125,Hana,Karimi,hana.karimi46125@example.com,09159421377,Tehran,2022-09-27,P00449,Mini Cream 449,grocery,80.17,173.91,B006,North Branch 6,Tehran,online,0,0,wallet,2023-11-03,206,50,Grocery,invalid quantity
S000397077,2023-03-27,C034870,Maryam,Rahimi,maryam.rahimi34870@example.com,09785475705,Shiraz,2021-07-25,P00198,Smart Puzzle 198,travel,345.04,899.9,B004,Bazaar Branch 4,Rasht,partner,0,10,wallet,2024-09-07,250,75,Travel,invalid quantity
S000397172,2025-02-02,C001253,Yasin,Moradi,yasin.moradi1253@example.com,09655921993,Tehran,2024-02-18,P00433,Prime Notebook 433,health,187.76,358.31,B036,Express Branch 36,Tehran,store,-5,5,card,2025-10-26,369,100,Health,invalid quantity
S000398314,2024-06-20,C045183,Maryam,Ahmadi,maryam.ahmadi45183@example.com,09374077441,Tehran,2024-03-09,P00057,Classic Ball 57,baby,229.73,409.52,B012,South Branch 12,Mashhad,online,0,25,card,2024-07-26,459,30,Baby,invalid quantity
S000399551,2023-11-24,C019830,Amir,Rahimi,amir.rahimi19830@example.com,09462160179,Qom,2024-11-08,P00327,Mini Shirt 327,clothing,294.84,800.35,B034,Express Branch 34,Isfahan,partner,0,0,online,2024-02-22,467,40,Clothing,invalid quantity
S000400375,2023-12-07,C028166,Reza,Rahimi,reza.rahimi28166@example.com,09483072236,Tehran,2020-09-01,P00187,Basic Shirt 187,clothing,144.89,318.21,B001,Central Branch 1,Rasht,online,-4,5,wallet,2024-10-26,221,20,Clothing,invalid quantity
S000400788,2024-01-16,C034341,Leila,Moradi,leila.moradi34341@example.com,09528564168,Isfahan,2021-11-20,P00106,Eco Headphones 106,toys,321.72,376.97,B007,Central Branch 7,Qom,partner,0,15,card,2024-06-19,35,75,Toys,invalid quantity
S000402025,2024-12-07,C035546,Hana,Karimi,hana.karimi35546@example.com,09389460317,Shiraz,2022-03-29,P00356,Basic Desk 356,pets,157.9,309.83,B009,South Branch 9,Isfahan,store,0,0,card,2024-01-25,115,50,Pets,invalid quantity
S000403262,2025-08-11,C010138,Hana,Karimi,hana.karimi10138@example.com,09409260718,Mashhad,2022-08-27,P00302,Nova Shirt 302,home appliances,179.53,245.27,B029,North Branch 29,Tehran,mobile,0,10,card,2024-09-22,346,75,Home Appliances,invalid quantity
S000403578,2024-08-23,C031279,Reza,Mohammadi,reza.mohammadi31279@example.com,09394449003,Isfahan,2021-09-04,P00368,Basic Sneakers 368,shoes,190.32,413.01,B026,Central Branch 26,Mashhad,partner,-5,0,online,2025-11-16,469,50,Shoes,invalid quantity
S000404499,2024-10-05,C005925,Arman,Mohammadi,arman.mohammadi5925@example.com,09112378468,Mashhad,2024-02-15,P00002,Classic Ball 2,home appliances,205.44,250.43,B022,Outlet Branch 22,Rasht,mobile,0,10,cash,2024-01-29,320,10,Home Appliances,invalid quantity
S000405736,2024-05-22,C047488,Amir,Ahmadi,amir.ahmadi47488@example.com,09240977627,Karaj,2020-11-08,P00350,Plus Notebook 350,office,165.98,197.33,B024,Outlet Branch 24,Tehran,store,0,25,wallet,2025-08-23,432,30,Office,invalid quantity
S000406781,2024-02-15,C035752,Amir,Rostami,amir.rostami35752@example.com,09316916426,Tabriz,2022-07-05,P00068,Pro Mixer 68,shoes,150.72,307.95,B008,West Branch 8,Isfahan,store,-1,5,online,2023-09-10,55,50,Shoes,invalid quantity
S000406973,2024-07-02,C013248,Reza,Hosseini,reza.hosseini13248@example.com,09583096502,Mashhad,2021-07-25,P00428,Smart Headphones 428,shoes,32.67,71.02,B037,Bazaar Branch 37,Tehran,online,0,0,card,2023-11-30,403,30,Shoes,invalid quantity
S000408210,2023-11-04,C040491,Hana,Karimi,hana.karimi40491@example.com,09528964040,Shiraz,2024-10-27,P00237,Classic Puzzle 237,baby,143.02,216.44,B006,North Branch 6,Tehran,online,0,0,card,2024-03-14,387,20,Baby,invalid quantity
S000409447,2025-07-04,C009051,Amir,Akbari,amir.akbari9051@example.com,09746583522,Shiraz,2021-03-16,P00072,Max Desk 72,automotive,260.74,662.34,B033,South Branch 33,Isfahan,online,0,0,card,2024-03-05,496,50,Automotive,invalid quantity
S000409984,2023-03-03,C024710,Maryam,Akbari,maryam.akbari24710@example.com,09265208224,Tehran,2021-12-16,P00061,Mini Sneakers 61,electronics,249.12,360.36,B001,Central Branch 1,Rasht,online,-5,0,wallet,2025-03-14,324,50,Electronics,invalid quantity
S000410684,2025-10-20,C046831,Ali,Rostami,ali.rostami46831@example.com,09315106069,Mashhad,2024-07-28,P00257,Nova Headphones 257,baby,285.53,336.65,B015,Outlet Branch 15,Isfahan,partner,0,0,wallet,2025-11-14,301,100,Baby,invalid quantity
S000411921,2023-06-05,C019395,Yasin,Moradi,yasin.moradi19395@example.com,09427083374,Mashhad,2022-05-19,P00129,Max Sneakers 129,grocery,52.81,102.47,B011,Central Branch 11,Tehran,partner,0,0,online,2024-04-10,342,50,Grocery,invalid quantity
S000413158,2023-06-09,C034372,Neda,Jafari,neda.jafari34372@example.com,09703511042,Rasht,2021-02-03,P00394,Pro Puzzle 394,jewelry,301.92,551.85,B005,South Branch 5,Tehran,online,0,0,online,2023-08-15,445,20,Jewelry,invalid quantity
S000413187,2023-06-17,C047750,Mina,Hosseini,mina.hosseini47750@example.com,09102683358,Isfahan,2021-10-06,P00082,Mini Coffee 82,home appliances,222.78,501.6,B005,South Branch 5,Tehran,online,-4,20,wallet,2023-02-19,215,50,Home Appliances,invalid quantity
S000414395,2025-03-13,C031201,Sara,Salehi,sara.salehi31201@example.com,09305807707,Shiraz,2022-11-11,P00243,Smart Desk 243,books,137.29,377.72,B018,North Branch 18,Tabriz,partner,0,0,card,2025-02-09,484,20,Books,invalid quantity
S000415632,2023-02-11,C046105,Maryam,Karimi,maryam.karimi46105@example.com,09547552256,Karaj,2021-04-19,P00124,Plus Coffee 124,beauty,200.91,367.89,B006,North Branch 6,Tehran,online,0,5,online,2023-04-08,367,75,Beauty,invalid quantity
S000416390,2024-09-21,C017891,Arman,Rostami,arman.rostami17891@example.com,09250665028,Tehran,2020-05-18,P00010,Max Sneakers 10,office,158.66,261.05,B031,North Branch 31,Tehran,store,-1,0,cash,2023-01-21,24,75,Office,invalid quantity
S000416869,2023-04-18,C034642,Reza,Mohammadi,reza.mohammadi34642@example.com,09996434544,Tehran,2021-10-13,P00012,Classic Headphones 12,automotive,167.7,202.09,B012,South Branch 12,Mashhad,online,0,15,card,2025-10-17,425,75,Automotive,invalid quantity
S000418106,2023-01-15,C022878,Leila,Mohammadi,leila.mohammadi22878@example.com,09401692270,Isfahan,2021-07-30,P00279,Mini Shirt 279,gaming,295.19,674.12,B035,Mall Branch 35,Isfahan,mobile,0,5,online,2025-10-15,467,75,Gaming,invalid quantity
S000419343,2025-12-13,C005831,Ali,Akbari,ali.akbari5831@example.com,09607465413,Tehran,2023-09-03,P00259,Classic Shirt 259,gaming,149.43,334.22,B018,North Branch 18,Tabriz,partner,0,25,card,2023-01-10,234,100,Gaming,invalid quantity
S000419593,2023-07-19,C035738,Neda,Rahimi,neda.rahimi35738@example.com,09209678163,Qom,2023-02-15,P00177,Eco Shirt 177,baby,121.13,229.27,B018,North Branch 18,Tabriz,partner,-5,5,card,2023-10-06,120,20,Baby,invalid quantity
S000420580,2025-04-03,C033728,Yasin,Moradi,yasin.moradi33728@example.com,09325970753,Tabriz,2021-02-18,P00311,Pro Sneakers 311,garden,87.8,245.35,B038,East Branch 38,Tehran,mobile,0,25,online,2023-06-28,104,40,Garden,invalid quantity
S000421817,2024-11-25,C002368,Neda,Hosseini,neda.hosseini2368@example.com,09117221150,Isfahan,2020-02-27,P00058,Classic Headphones 58,travel,73.06,162.67,B001,Central Branch 1,Rasht,online,0,0,online,2024-01-15,233,40,Travel,invalid quantity
S000422796,2024-04-11,C029054,Neda,Mohammadi,neda.mohammadi29054@example.com,09913980327,Mashhad,2023-04-02,P00173,Max Sneakers 173,health,70.99,167.61,B023,Bazaar Branch 23,Rasht,mobile,-4,25,wallet,2023-08-21,461,100,Health,invalid quantity
S000423054,2024-06-06,C002765,Omid,Hosseini,omid.hosseini2765@example.com,09474669284,Mashhad,2022-08-17,P00080,Nova Puzzle 80,furniture,298.24,674.76,B025,Bazaar Branch 25,Tehran,mobile,0,25,online,2024-10-24,113,40,Furniture,invalid quantity
S000424291,2025-05-19,C041118,Yasin,Akbari,yasin.akbari41118@example.com,09369558600,Isfahan,2023-01-09,P00366,Classic Notebook 366,toys,320.6,753.55,B028,Express Branch 28,Isfahan,partner,0,0,card,2024-02-06,17,75,Toys,invalid quantity
S000425528,2023-04-14,C037567,Leila,Mohammadi,leila.mohammadi37567@example.com,09659148120,Tabriz,2024-01-25,P00009,Smart Sneakers 9,grocery,111.74,136.39,B015,Outlet Branch 15,Isfahan,partner,0,0,card,2024-11-05,476,30,Grocery,invalid quantity
S000425999,2023-02-11,C004675,Yasin,Rahimi,yasin.rahimi4675@example.com,09947756854,Isfahan,2024-08-27,P00387,Pro Ball 387,clothing,95.04,250.48,B011,Central Branch 11,Tehran,partner,-2,0,card,2025-04-04,407,20,Clothing,invalid quantity
S000426765,2024-07-22,C027316,Amir,Rostami,amir.rostami27316@example.com,09960940377,Karaj,2022-07-30,P00138,Classic Ball 138,travel,388.44,982.53,B012,South Branch 12,Mashhad,online,0,15,wallet,2023-11-28,126,50,Travel,invalid quantity
S000428002,2024-07-21,C021645,Yasin,Akbari,yasin.akbari21645@example.com,09179390976,Tehran,2024-08-08,P00299,Basic Desk 299,gaming,20.33,50.31,B034,Express Branch 34,Isfahan,partner,0,0,online,2024-01-20,236,50,Gaming,invalid quantity
S000429202,2025-02-07,C021801,Amir,Karimi,amir.karimi21801@example.com,09699358927,Karaj,2024-09-16,P00498,Prime Coffee 498,travel,36.32,65.61,B025,Bazaar Branch 25,Tehran,mobile,-3,0,online,2024-01-01,425,100,Travel,invalid quantity
S000429239,2024-01-14,C000048,Ali,Salehi,ali.salehi48@example.com,09694768704,Shiraz,2023-04-20,P00437,Mini Notebook 437,baby,218.25,430.16,B020,North Branch 20,Shiraz,online,0,20,online,2024-08-07,22,30,Baby,invalid quantity
S000430476,2023-03-28,C001375,Amir,Rostami,amir.rostami1375@example.com,09100772905,Qom,2022-11-02,P00437,Mini Notebook 437,baby,218.25,430.16,B020,North Branch 20,Shiraz,online,0,10,card,2025-05-06,494,10,Baby,invalid quantity
S000431713,2024-06-09,C031928,Hana,Akbari,hana.akbari31928@example.com,09399434558,Mashhad,2021-12-10,P00409,Plus Ball 409,grocery,244.96,443.97,B029,North Branch 29,Tehran,mobile,0,15,card,2025-12-19,44,50,Grocery,invalid quantity
S000432405,2024-07-10,C006258,Leila,Moradi,leila.moradi6258@example.com,09427147583,Qom,2024-07-23,P00078,Smart Cream 78,travel,7.24,19.81,B036,Express Branch 36,Tehran,store,-2,15,online,2024-08-07,35,40,Travel,invalid quantity
S000432950,2024-07-31,C027469,Ali,Akbari,ali.akbari27469@example.com,09842283003,Karaj,2021-08-25,P00095,Max Puzzle 95,music,207.16,565.41,B040,Outlet Branch 40,Tehran,online,0,15,wallet,2023-11-29,220,10,Music,invalid quantity
S000434187,2025-09-09,C019327,Hana,Mohammadi,hana.mohammadi19327@example.com,09477184005,Tehran,2021-11-29,P00453,Basic Sneakers 453,health,151.96,405.64,B022,Outlet Branch 22,Rasht,mobile,0,20,card,2023-07-27,342,10,Health,invalid quantity
S000435424,2023-05-27,C010714,Omid,Akbari,omid.akbari10714@example.com,09913278279,Mashhad,2024-03-20,P00387,Pro Ball 387,clothing,95.04,250.48,B027,Express Branch 27,Shiraz,store,0,10,online,2023-07-10,352,10,Clothing,invalid quantity
S000435608,2025-01-28,C036114,Reza,Mohammadi,reza.mohammadi36114@example.com,09135859892,Shiraz,2023-10-10,P00101,Smart Coffee 101,electronics,256.43,356.86,B015,Outlet Branch 15,Isfahan,partner,-5,0,online,2024-10-06,227,75,Electronics,invalid quantity
S000436661,2023-09-10,C002199,Arman,Karimi,arman.karimi2199@example.com,09794113197,Tehran,2023-05-31,P00015,Pro Shirt 15,music,56.2,147.54,B011,Central Branch 11,Tehran,partner,0,25,wallet,2024-12-23,197,50,Music,invalid quantity
S000437898,2025-12-11,C040620,Ali,Rostami,ali.rostami40620@example.com,09957432183,Mashhad,2020-09-18,P00349,Nova Sneakers 349,grocery,323.12,774.01,B002,Mall Branch 2,Karaj,partner,0,10,online,2025-02-11,450,75,Grocery,invalid quantity
S000438811,2024-03-31,C012355,Ali,Ahmadi,ali.ahmadi12355@example.com,09341751856,Karaj,2021-07-06,P00254,Max Desk 254,jewelry,239.84,534.85,B021,Airport Branch 21,Tehran,online,-3,10,wallet,2023-03-28,332,50,Jewelry,invalid quantity
S000439135,2025-11-30,C015491,Sara,Rostami,sara.rostami15491@example.com,09858856055,Shiraz,2020-06-29,P00369,Pro Desk 369,grocery,82.64,102.81,B023,Bazaar Branch 23,Rasht,mobile,0,25,card,2023-12-07,376,100,Grocery,invalid quantity
S000440372,2024-01-18,C042987,Omid,Moradi,omid.moradi42987@example.com,09526359239,Tehran,2022-02-22,P00204,Prime Sneakers 204,beauty,184.44,355.83,B003,Bazaar Branch 3,Karaj,online,0,0,online,2024-10-14,106,100,Beauty,invalid quantity
S000441609,2023-12-06,C033130,Omid,Salehi,omid.salehi33130@example.com,09248943959,Karaj,2023-06-03,P00241,Prime Sneakers 241,electronics,207.74,325.11,B025,Bazaar Branch 25,Tehran,mobile,0,5,wallet,2024-06-07,90,75,Electronics,invalid quantity
S000442014,2023-08-06,C001128,Leila,Akbari,leila.akbari1128@example.com,09676637967,Isfahan,2020-07-07,P00192,Max Shirt 192,automotive,226.79,307.74,B035,Mall Branch 35,Isfahan,mobile,-3,5,wallet,2025-06-27,207,40,Automotive,invalid quantity
S000442846,2023-12-20,C035531,Mina,Jafari,mina.jafari35531@example.com,09616784361,Rasht,2023-09-21,P00120,Pro Cream 120,furniture,105.07,128.77,B008,West Branch 8,Isfahan,store,0,10,wallet,2025-12-21,76,30,Furniture,invalid quantity
S000444083,2023-11-07,C013876,Leila,Mohammadi,leila.mohammadi13876@example.com,09171092447,Karaj,2020-03-27,P00419,Prime Cream 419,gaming,154.82,206.51,B038,East Branch 38,Tehran,mobile,0,5,cash,2023-12-01,28,30,Gaming,invalid quantity
S000445217,2024-07-03,C033657,Maryam,Hosseini,maryam.hosseini33657@example.com,09650206666,Shiraz,2024-06-11,P00276,Mini Headphones 276,pets,20.34,24.03,B040,Outlet Branch 40,Tehran,online,-2,10,cash,2025-11-12,6,10,Pets,invalid quantity
S000445320,2023-07-10,C041973,Leila,Karimi,leila.karimi41973@example.com,09776694252,Tehran,2023-06-19,P00030,Basic Puzzle 30,office,146.01,240.91,B003,Bazaar Branch 3,Karaj,online,0,20,cash,2023-02-19,302,100,Office,invalid quantity
S000446557,2024-09-03,C008864,Mina,Karimi,mina.karimi8864@example.com,09737714362,Isfahan,2021-06-06,P00125,Classic Cream 125,sports,248.17,471.89,B013,Outlet Branch 13,Mashhad,mobile,0,20,wallet,2024-09-03,294,30,Sports,invalid quantity
S000447794,2023-08-09,C026923,Ali,Mohammadi,ali.mohammadi26923@example.com,09902397051,Isfahan,2021-08-24,P00268,Basic Headphones 268,shoes,248.33,507.33,B022,Outlet Branch 22,Rasht,mobile,0,0,card,2024-05-02,359,75,Shoes,invalid quantity
S000448420,2024-05-17,C032983,Yasin,Salehi,yasin.salehi32983@example.com,09718061963,Shiraz,2024-06-11,P00420,Smart Puzzle 420,furniture,101.83,151.61,B024,Outlet Branch 24,Tehran,store,-2,20,card,2025-02-04,412,20,Furniture,invalid quantity
S000449031,2025-04-06,C021179,Mina,Moradi,mina.moradi21179@example.com,09771793191,Tabriz,2022-01-30,P00056,Classic Puzzle 56,pets,174.98,448.88,B036,Express Branch 36,Tehran,store,0,0,cash,2025-05-20,212,30,Pets,invalid quantity
S000450268,2023-03-09,C043564,Ali,Rahimi,ali.rahimi43564@example.com,09614410485,Mashhad,2024-01-01,P00442,Pro Mixer 442,home appliances,59.04,114.59,B026,Central Branch 26,Mashhad,partner,0,20,cash,2024-05-21,430,100,Home Appliances,invalid quantity
S000451505,2024-11-10,C023662,Amir,Karimi,amir.karimi23662@example.com,09606807580,Tabriz,2022-06-06,P00091,Prime Notebook 91,garden,67.36,169.69,B013,Outlet Branch 13,Mashhad,mobile,0,0,card,2024-07-20,203,100,Garden,invalid quantity
S000451623,2024-12-10,C020255,Neda,Salehi,neda.salehi20255@example.com,09575043004,Qom,2021-10-15,P00461,Basic Puzzle 461,electronics,340.36,576.15,B020,North Branch 20,Shiraz,online,-3,25,online,2024-08-06,350,50,Electronics,invalid quantity
S000452742,2025-04-09,C015659,Ali,Jafari,ali.jafari15659@example.com,09398595952,Tehran,2022-11-22,P00150,Smart Ball 150,office,326.14,480.8,B009,South Branch 9,Isfahan,store,0,10,card,2023-08-04,354,40,Office,invalid quantity
S000453979,2025-12-30,C017030,Maryam,Jafari,maryam.jafari17030@example.com,09661042992,Shiraz,2020-05-08,P00034,Basic Coffee 34,jewelry,219.46,377.08,B011,Central Branch 11,Tehran,partner,0,0,card,2023-01-19,3,50,Jewelry,invalid quantity
S000454826,2024-09-30,C047543,Yasin,Mohammadi,yasin.mohammadi47543@example.com,09745797972,Rasht,2024-03-15,P00473,Prime Cream 473,health,292.84,379.75,B020,North Branch 20,Shiraz,online,-2,0,online,2025-01-09,181,40,Health,invalid quantity
S000455216,2025-08-23,C000445,Mina,Moradi,mina.moradi445@example.com,09147036629,Shiraz,2020-03-26,P00491,Classic Desk 491,garden,287.98,508.98,B036,Express Branch 36,Tehran,store,0,25,cash,2025-04-23,243,10,Garden,invalid quantity
S000456453,2023-02-24,C024999,Amir,Salehi,amir.salehi24999@example.com,09716024326,Karaj,2023-02-01,P00478,Plus Coffee 478,travel,277.37,601.41,B018,North Branch 18,Tabriz,partner,0,15,card,2023-04-16,371,75,Travel,invalid quantity
S000457690,2023-09-24,C046734,Mina,Ahmadi,mina.ahmadi46734@example.com,09561261689,Qom,2021-01-15,P00267,Eco Notebook 267,clothing,260.43,311.3,B019,Bazaar Branch 19,Shiraz,mobile,0,15,cash,2025-03-15,444,30,Clothing,invalid quantity
S000458029,2025-05-25,C035394,Leila,Rostami,leila.rostami35394@example.com,09994534203,Shiraz,2023-09-13,P00411,Max Desk 411,garden,25.89,56.32,B020,North Branch 20,Shiraz,online,-4,10,online,2023-08-27,169,40,Garden,invalid quantity
S000458927,2024-09-03,C039761,Leila,Mohammadi,leila.mohammadi39761@example.com,09609282439,Tehran,2024-08-31,P00015,Pro Shirt 15,music,56.2,147.54,B012,South Branch 12,Mashhad,online,0,25,wallet,2023-08-14,12,30,Music,invalid quantity
S000460164,2025-06-25,C006967,Leila,Mohammadi,leila.mohammadi6967@example.com,09254513193,Mashhad,2022-04-28,P00393,Mini Shirt 393,health,58.28,125.04,B021,Airport Branch 21,Tehran,online,0,25,card,2023-12-23,373,50,Health,invalid quantity
S000461232,2023-03-29,C049527,Leila,Mohammadi,leila.mohammadi49527@example.com,09941269179,Qom,2023-11-24,P00471,Max Puzzle 471,garden,150.94,415.48,B040,Outlet Branch 40,Tehran,online,-5,25,wallet,2024-12-08,377,50,Garden,invalid quantity
S000461401,2024-09-27,C006461,Reza,Jafari,reza.jafari6461@example.com,09144732112,Tehran,2023-06-30,P00107,Smart Coffee 107,clothing,286.7,387.25,B001,Central Branch 1,Rasht,online,0,15,wallet,2023-12-06,195,50,Clothing,invalid quantity
S000462638,2023-04-15,C030498,Omid,Akbari,omid.akbari30498@example.com,09607708046,Mashhad,2020-05-26,P00319,Basic Sneakers 319,gaming,110.8,226.34,B016,North Branch 16,Rasht,online,0,0,online,2023-06-27,222,30,Gaming,invalid quantity
S000463875,2023-01-27,C039262,Amir,Rostami,amir.rostami39262@example.com,09696168120,Tehran,2020-01-08,P00043,Prime Mixer 43,books,59.66,72.72,B015,Outlet Branch 15,Isfahan,partner,0,5,card,2023-04-03,485,40,Books,invalid quantity
S000464435,2023-11-30,C014603,Yasin,Rahimi,yasin.rahimi14603@example.com,09123019201,Isfahan,2021-05-02,P00197,Nova Puzzle 197,baby,174.84,249.41,B030,Airport Branch 30,Mashhad,mobile,-5,0,online,2023-05-23,342,40,Baby,invalid quantity
S000465112,2025-07-29,C033426,Ali,Karimi,ali.karimi33426@example.com,09991760103,Rasht,2022-11-10,P00102,Basic Puzzle 102,home appliances,58.09,68.84,B011,Central Branch 11,Tehran,partner,0,15,online,2024-09-17,145,75,Home Appliances,invalid quantity
S000466349,2024-10-27,C048880,Maryam,Rostami,maryam.rostami48880@example.com,09525686947,Karaj,2021-06-15,P00001,Mini Desk 1,electronics,75.63,160.11,B015,Outlet Branch 15,Isfahan,partner,0,25,online,2024-03-08,204,75,Electronics,invalid quantity
S000467586,2025-11-20,C015869,Yasin,Salehi,yasin.salehi15869@example.com,09343516690,Karaj,2022-06-25,P00292,Eco Notebook 292,automotive,98.79,275.22,B014,Bazaar Branch 14,Shiraz,mobile,0,0,card,2023-11-04,473,30,Automotive,invalid quantity
S000467638,2023-03-28,C049431,Omid,Moradi,omid.moradi49431@example.com,09538780003,Shiraz,2024-06-28,P00303,Max Ball 303,books,21.36,45.56,B024,Outlet Branch 24,Tehran,store,-5,0,cash,2025-03-25,499,100,Books,invalid quantity
S000468823,2025-06-08,C018021,Leila,Moradi,leila.moradi18021@example.com,09897904721,Shiraz,2020-04-04,P00399,Smart Ball 399,gaming,139.74,282.62,B028,Express Branch 28,Isfahan,partner,0,0,wallet,2023-06-05,92,50,Gaming,invalid quantity
S000470060,2023-12-07,C024337,Leila,Rostami,leila.rostami24337@example.com,09772758582,Tehran,2021-01-28,P00197,Nova Puzzle 197,baby,174.84,249.41,B020,North Branch 20,Shiraz,online,0,25,wallet,2025-04-16,400,50,Baby,invalid quantity
S000470841,2024-02-19,C020422,Mina,Ahmadi,mina.ahmadi20422@example.com,09753586980,Rasht,2020-05-09,P00091,Prime Notebook 91,garden,67.36,169.69,B028,Express Branch 28,Isfahan,partner,-3,15,card,2023-12-14,492,75,Garden,invalid quantity
S000471297,2024-10-12,C014034,Hana,Rostami,hana.rostami14034@example.com,09915466764,Karaj,2023-08-15,P00117,Mini Sneakers 117,baby,76.17,211.2,B011,Central Branch 11,Tehran,partner,0,10,card,2023-09-16,273,100,Baby,invalid quantity
S000472534,2023-08-18,C038309,Reza,Jafari,reza.jafari38309@example.com,09164030365,Tehran,2021-02-01,P00290,Nova Mixer 290,office,160.58,216.38,B016,North Branch 16,Rasht,online,0,0,card,2023-12-13,334,100,Office,invalid quantity
S000473771,2024-11-09,C018254,Amir,Rostami,amir.rostami18254@example.com,09650648240,Tehran,2023-02-24,P00376,Nova Notebook 376,pets,58.43,99.95,B028,Express Branch 28,Isfahan,partner,0,25,online,2023-11-09,486,10,Pets,invalid quantity
S000474044,2023-08-29,C017445,Mina,Karimi,mina.karimi17445@example.com,09182184471,Shiraz,2022-08-06,P00468,Basic Headphones 468,shoes,365.42,841.75,B021,Airport Branch 21,Tehran,online,-3,20,wallet,2025-12-16,303,10,Shoes,invalid quantity
S000475008,2023-03-06,C010768,Mina,Karimi,mina.karimi10768@example.com,09327052751,Tabriz,2023-03-17,P00475,Pro Puzzle 475,music,76.34,120.89,B010,Central Branch 10,Rasht,mobile,0,15,cash,2024-11-29,321,75,Music,invalid quantity
S000476245,2023-07-26,C021399,Neda,Salehi,neda.salehi21399@example.com,09316756826,Shiraz,2023-02-19,P00410,Classic Mixer 410,office,327.16,425.14,B007,Central Branch 7,Qom,partner,0,20,cash,2024-04-17,281,100,Office,invalid quantity
S000477247,2024-11-13,C045141,Reza,Ahmadi,reza.ahmadi45141@example.com,09658156009,Shiraz,2024-01-09,P00367,Smart Headphones 367,clothing,172.59,425.74,B039,Mall Branch 39,Shiraz,online,-2,0,online,2023-08-08,203,20,Clothing,invalid quantity
S000477482,2024-10-16,C011102,Arman,Jafari,arman.jafari11102@example.com,09625725735,Shiraz,2021-10-17,P00413,Plus Shirt 413,health,344.24,526.41,B035,Mall Branch 35,Isfahan,mobile,0,10,cash,2023-05-24,110,20,Health,invalid quantity
S000478719,2023-11-01,C034954,Amir,Mohammadi,amir.mohammadi34954@example.com,09819892597,Shiraz,2020-11-06,P00176,Nova Coffee 176,pets,271.52,372.77,B004,Bazaar Branch 4,Rasht,partner,0,0,wallet,2024-07-22,343,30,Pets,invalid quantity
S000479956,2023-12-03,C036317,Ali,Moradi,ali.moradi36317@example.com,09828282625,Tabriz,2021-11-27,P00110,Prime Sneakers 110,office,158.2,278.01,B030,Airport Branch 30,Mashhad,mobile,0,20,online,2024-10-10,419,20,Office,invalid quantity
S000480450,2024-10-08,C017362,Mina,Ahmadi,mina.ahmadi17362@example.com,09486476328,Shiraz,2021-12-02,P00420,Smart Puzzle 420,furniture,101.83,151.61,B012,South Branch 12,Mashhad,online,-5,0,online,2023-08-06,414,50,Furniture,invalid quantity
S000481193,2023-09-04,C043369,Leila,Salehi,leila.salehi43369@example.com,09691920752,Rasht,2024-01-06,P00229,Nova Coffee 229,grocery,310.04,785.58,B023,Bazaar Branch 23,Rasht,mobile,0,5,online,2025-09-10,182,75,Grocery,invalid quantity
S000482430,2025-06-30,C031645,Neda,Ahmadi,neda.ahmadi31645@example.com,09474256409,Shiraz,2021-05-29,P00045,Smart Shirt 45,sports,146.42,217.91,B005,South Branch 5,Tehran,online,0,0,online,2024-01-07,433,10,Sports,invalid quantity
S000483653,2023-07-25,C007785,Hana,Mohammadi,hana.mohammadi7785@example.com,09538911327,Mashhad,2024-02-22,P00275,Mini Mixer 275,music,9.96,27.06,B011,Central Branch 11,Tehran,partner,-2,20,card,2025-04-05,168,30,Music,invalid quantity
S000483667,2023-01-27,C000566,Sara,Mohammadi,sara.mohammadi566@example.com,09274476883,Rasht,2022-07-28,P00206,Basic Shirt 206,toys,241.09,589.63,B030,Airport Branch 30,Mashhad,mobile,0,5,online,2024-08-18,169,100,Toys,invalid quantity
S000484904,2024-10-01,C018928,Ali,Ahmadi,ali.ahmadi18928@example.com,09783696058,Tehran,2020-09-23,P00149,Basic Puzzle 149,grocery,279.64,403.61,B005,South Branch 5,Tehran,online,0,15,card,2023-07-07,84,40,Grocery,invalid quantity
S000486141,2025-09-02,C031327,Amir,Akbari,amir.akbari31327@example.com,09817437914,Tabriz,2022-05-03,P00488,Basic Shirt 488,shoes,28.99,52.72,B011,Central Branch 11,Tehran,partner,0,10,cash,2025-08-13,383,30,Shoes,invalid quantity
S000486856,2025-03-09,C029173,Omid,Rostami,omid.rostami29173@example.com,09791923411,Tehran,2023-08-06,P00121,Classic Puzzle 121,electronics,268.82,442.77,B018,North Branch 18,Tabriz,partner,-2,15,card,2025-02-18,207,10,Electronics,invalid quantity
S000487378,2025-11-11,C033699,Omid,Akbari,omid.akbari33699@example.com,09597887233,Tehran,2021-03-10,P00198,Smart Puzzle 198,travel,345.04,899.9,B022,Outlet Branch 22,Rasht,mobile,0,5,online,2024-04-10,121,30,Travel,invalid quantity
S000488615,2024-10-01,C009536,Amir,Mohammadi,amir.mohammadi9536@example.com,09893726677,Tehran,2023-03-20,P00247,Plus Desk 247,clothing,153.59,302.38,B001,Central Branch 1,Rasht,online,0,25,card,2024-05-05,442,30,Clothing,invalid quantity
S000489852,2025-07-04,C003016,Leila,Jafari,leila.jafari3016@example.com,09169116659,Tehran,2023-06-07,P00367,Smart Headphones 367,clothing,172.59,425.74,B024,Outlet Branch 24,Tehran,store,0,0,online,2023-09-29,42,10,Clothing,invalid quantity
S000490059,2025-02-26,C011668,Ali,Ahmadi,ali.ahmadi11668@example.com,09716792196,Qom,2021-09-25,P00084,Smart Desk 84,beauty,17.93,30.03,B029,North Branch 29,Tehran,mobile,-2,15,card,2023-06-09,80,20,Beauty,invalid quantity
S000491089,2025-01-28,C012125,Sara,Rahimi,sara.rahimi12125@example.com,09799013552,Shiraz,2021-05-29,P00375,Basic Cream 375,music,228.29,358.53,B023,Bazaar Branch 23,Rasht,mobile,0,10,online,2024-03-06,346,40,Music,invalid quantity
S000492326,2024-03-29,C004449,Reza,Hosseini,reza.hosseini4449@example.com,09686021691,Tehran,2023-05-14,P00423,Basic Coffee 423,books,277.51,435.42,B005,South Branch 5,Tehran,online,0,10,wallet,2025-01-05,128,40,Books,invalid quantity
S000493262,2023-08-30,C041740,Reza,Salehi,reza.salehi41740@example.com,09587033698,Shiraz,2020-02-28,P00284,Prime Coffee 284,beauty,21.3,39.57,B035,Mall Branch 35,Isfahan,mobile,-3,0,wallet,2024-07-10,152,100,Beauty,invalid quantity
S000493563,2023-05-19,C039226,Yasin,Moradi,yasin.moradi39226@example.com,09275316953,Tabriz,2023-10-30,P00485,Classic Desk 485,sports,77.9,130.26,B038,East Branch 38,Tehran,mobile,0,15,online,2024-07-11,95,50,Sports,invalid quantity
S000494800,2024-05-17,C038417,Omid,Rahimi,omid.rahimi38417@example.com,09585549817,Shiraz,2022-06-10,P00235,Max Coffee 235,music,226.41,613.19,B026,Central Branch 26,Mashhad,partner,0,5,online,2025-12-19,114,20,Music,invalid quantity
S000496037,2025-07-19,C000256,Yasin,Jafari,yasin.jafari256@example.com,09797756796,Tehran,2024-10-10,P00455,Nova Ball 455,music,28.86,60.04,B037,Bazaar Branch 37,Tehran,online,0,0,wallet,2025-05-14,353,100,Music,invalid quantity
S000496465,2025-10-15,C005673,Amir,Hosseini,amir.hosseini5673@example.com,09536025317,Tehran,2022-10-25,P00063,Classic Headphones 63,books,360.04,496.7,B020,North Branch 20,Shiraz,online,-2,0,cash,2023-02-16,436,10,Books,invalid quantity
S000497274,2024-12-04,C013093,Sara,Rostami,sara.rostami13093@example.com,09900889888,Shiraz,2022-05-29,P00002,Classic Ball 2,home appliances,205.44,250.43,B004,Bazaar Branch 4,Rasht,partner,0,25,wallet,2024-08-05,409,100,Home Appliances,invalid quantity
S000498511,2024-09-02,C039479,Ali,Salehi,ali.salehi39479@example.com,09779472614,Tehran,2022-06-04,P00158,Prime Coffee 158,travel,21.38,31.49,B023,Bazaar Branch 23,Rasht,mobile,0,15,card,2024-02-07,241,100,Travel,invalid quantity
S000499668,2023-09-08,C005927,Arman,Rahimi,arman.rahimi5927@example.com,09435068180,Isfahan,2024-01-25,P00271,Prime Ball 271,garden,136.82,320.74,B034,Express Branch 34,Isfahan,partner,-1,25,card,2023-08-29,16,20,Garden,invalid quantity
S000499748,2023-01-30,C004636,Amir,Karimi,amir.karimi4636@example.com,09192544868,Isfahan,2023-10-22,P00213,Basic Sneakers 213,health,312.76,515.89,B037,Bazaar Branch 37,Tehran,online,0,10,online,2024-11-17,192,20,Health,invalid quantity
S000500985,2023-10-26,C001044,Mina,Rahimi,mina.rahimi1044@example.com,09598514021,Tehran,2020-07-23,P00134,Classic Puzzle 134,jewelry,77.68,135.96,B031,North Branch 31,Tehran,store,0,15,cash,2023-07-28,31,100,Jewelry,invalid quantity
S000502222,2023-01-19,C037649,Mina,Rahimi,mina.rahimi37649@example.com,09306346150,Tehran,2022-04-13,P00125,Classic Cream 125,sports,248.17,471.89,B017,Express Branch 17,Tehran,online,0,0,card,2025-10-19,67,10,Sports,invalid quantity
S000502871,2025-04-16,C031845,Reza,Akbari,reza.akbari31845@example.com,09707850540,Qom,2020-09-25,P00200,Plus Headphones 200,furniture,258.18,676.84,B026,Central Branch 26,Mashhad,partner,-2,15,online,2024-08-24,139,50,Furniture,invalid quantity
S000503459,2025-06-01,C039104,Hana,Mohammadi,hana.mohammadi39104@example.com,09982638906,Shiraz,2023-12-21,P00357,Classic Shirt 357,baby,323.67,832.68,B002,Mall Branch 2,Karaj,partner,0,0,online,2025-06-18,465,40,Baby,invalid quantity
S000504696,2024-12-13,C001506,Arman,Rostami,arman.rostami1506@example.com,09410075739,Qom,2021-01-05,P00100,Prime Headphones 100,furniture,18.93,39.17,B010,Central Branch 10,Rasht,mobile,0,15,card,2024-11-16,194,40,Furniture,invalid quantity
S000505933,2023-09-14,C013644,Ali,Jafari,ali.jafari13644@example.com,09710236006,Isfahan,2023-07-10,P00134,Classic Puzzle 134,jewelry,77.68,135.96,B035,Mall Branch 35,Isfahan,mobile,0,15,cash,2024-11-08,326,30,Jewelry,invalid quantity
S000506074,2023-12-19,C044862,Sara,Mohammadi,sara.mohammadi44862@example.com,09841579958,Qom,2022-08-24,P00299,Basic Desk 299,gaming,20.33,50.31,B007,Central Branch 7,Qom,partner,-2,0,wallet,2024-11-23,313,100,Gaming,invalid quantity
S000507170,2024-01-02,C014038,Mina,Akbari,mina.akbari14038@example.com,09415401216,Qom,2024-07-25,P00004,Mini Desk 4,beauty,211.74,535.86,B002,Mall Branch 2,Karaj,partner,0,20,card,2025-03-16,379,100,Beauty,invalid quantity
S000508407,2023-11-07,C042213,Reza,Hosseini,reza.hosseini42213@example.com,09293818808,Tehran,2022-01-18,P00400,Prime Puzzle 400,furniture,151.71,240.77,B023,Bazaar Branch 23,Rasht,mobile,0,0,wallet,2023-01-10,372,30,Furniture,invalid quantity
S000509277,2023-03-04,C038477,Arman,Mohammadi,arman.mohammadi38477@example.com,09603501947,Qom,2020-12-05,P00167,Prime Cream 167,clothing,239.27,457.81,B020,North Branch 20,Shiraz,online,-2,0,online,2023-07-13,178,100,Clothing,invalid quantity
S000509644,2023-07-10,C005184,Reza,Jafari,reza.jafari5184@example.com,09297187203,Shiraz,2020-08-04,P00034,Basic Coffee 34,jewelry,219.46,377.08,B030,Airport Branch 30,Mashhad,mobile,0,10,wallet,2025-05-25,14,100,Jewelry,invalid quantity
S000510881,2023-01-01,C005592,Amir,Salehi,amir.salehi5592@example.com,09279366591,Tehran,2023-07-24,P00131,Pro Shirt 131,garden,34.95,77.2,B036,Express Branch 36,Tehran,store,0,20,card,2023-03-19,45,30,Garden,invalid quantity
S000512118,2023-09-12,C006998,Ali,Jafari,ali.jafari6998@example.com,09337609168,Tehran,2024-05-08,P00306,Nova Headphones 306,toys,78.17,180.82,B035,Mall Branch 35,Isfahan,mobile,0,25,card,2025-07-16,63,50,Toys,invalid quantity
S000512480,2023-08-16,C031428,Ali,Salehi,ali.salehi31428@example.com,09719823885,Shiraz,2021-11-29,P00245,Pro Shirt 245,sports,346.68,922.26,B033,South Branch 33,Isfahan,online,-1,20,online,2025-11-21,101,50,Sports,invalid quantity
S000513355,2025-09-09,C030370,Arman,Salehi,arman.salehi30370@example.com,09210045251,Shiraz,2021-06-19,P00126,Plus Puzzle 126,toys,213.24,527.92,B016,North Branch 16,Rasht,online,0,20,online,2023-02-21,52,10,Toys,invalid quantity
S000514592,2023-11-29,C021802,Reza,Mohammadi,reza.mohammadi21802@example.com,09630389431,Tehran,2024-08-18,P00434,Mini Shirt 434,jewelry,294.45,422.67,B014,Bazaar Branch 14,Shiraz,mobile,0,15,online,2023-04-13,216,50,Jewelry,invalid quantity
S000515683,2024-04-19,C037805,Amir,Hosseini,amir.hosseini37805@example.com,09636332484,Tehran,2023-12-02,P00299,Basic Desk 299,gaming,20.33,50.31,B007,Central Branch 7,Qom,partner,-5,5,cash,2025-11-25,311,10,Gaming,invalid quantity
S000515829,2025-06-20,C022410,Amir,Karimi,amir.karimi22410@example.com,09639573078,Karaj,2021-08-17,P00421,Classic Sneakers 421,electronics,195.9,330.92,B006,North Branch 6,Tehran,online,0,25,wallet,2024-02-05,415,50,Electronics,invalid quantity
S000517066,2025-11-24,C038463,Ali,Jafari,ali.jafari38463@example.com,09898767797,Isfahan,2024-06-12,P00155,Plus Cream 155,music,252.23,303.31,B025,Bazaar Branch 25,Tehran,mobile,0,5,online,2025-03-28,95,75,Music,invalid quantity
S000518303,2023-01-15,C015222,Ali,Mohammadi,ali.mohammadi15222@example.com,09708460207,Shiraz,2023-06-11,P00050,Smart Notebook 50,office,230.15,636.37,B017,Express Branch 17,Tehran,online,0,0,card,2025-05-15,343,30,Office,invalid quantity
S000518886,2023-05-04,C017098,Yasin,Rahimi,yasin.rahimi17098@example.com,09322943904,Shiraz,2021-09-30,P00487,Mini Ball 487,clothing,172.08,389.03,B017,Express Branch 17,Tehran,online,-3,15,card,2024-04-02,83,100,Clothing,invalid quantity
S000519540,2023-06-12,C036568,Mina,Ahmadi,mina.ahmadi36568@example.com,09105084862,Mashhad,2021-07-22,P00465,Prime Desk 465,sports,17.93,41.34,B033,South Branch 33,Isfahan,online,0,0,card,2023-11-14,136,20,Sports,invalid quantity
S000520777,2024-05-20,C017394,Reza,Ahmadi,reza.ahmadi17394@example.com,09948401765,Tehran,2024-07-03,P00145,Prime Headphones 145,sports,196.35,266.58,B019,Bazaar Branch 19,Shiraz,mobile,0,15,card,2025-09-17,463,75,Sports,invalid quantity
S000522014,2025-05-19,C010576,Maryam,Moradi,maryam.moradi10576@example.com,09815428448,Rasht,2020-08-08,P00183,Smart Coffee 183,books,390.95,782.56,B030,Airport Branch 30,Mashhad,mobile,0,0,card,2024-12-12,194,20,Books,invalid quantity
S000522089,2023-06-06,C032038,Maryam,Ahmadi,maryam.ahmadi32038@example.com,09596127978,Tabriz,2022-11-17,P00427,Smart Notebook 427,clothing,273.02,377.32,B032,Central Branch 32,Shiraz,partner,-1,25,online,2025-10-27,161,50,Clothing,invalid quantity
S000523251,2024-12-29,C011150,Amir,Salehi,amir.salehi11150@example.com,09796770727,Isfahan,2021-09-07,P00499,Pro Coffee 499,gaming,373.77,660.87,B029,North Branch 29,Tehran,mobile,0,0,wallet,2024-02-26,223,75,Gaming,invalid quantity
S000524488,2024-05-24,C017415,Amir,Karimi,amir.karimi17415@example.com,09632808484,Tehran,2021-08-21,P00260,Pro Puzzle 260,furniture,232.98,402.89,B032,Central Branch 32,Shiraz,partner,0,10,online,2023-10-19,29,40,Furniture,invalid quantity
S000525292,2025-02-11,C001158,Yasin,Salehi,yasin.salehi1158@example.com,09523142000,Tabriz,2023-01-26,P00107,Smart Coffee 107,clothing,286.7,387.25,B008,West Branch 8,Isfahan,store,-2,0,card,2025-01-30,224,100,Clothing,invalid quantity
S000525725,2025-07-06,C016478,Omid,Hosseini,omid.hosseini16478@example.com,09601767066,Tehran,2023-01-31,P00387,Pro Ball 387,clothing,95.04,250.48,B024,Outlet Branch 24,Tehran,store,0,0,online,2024-04-04,474,100,Clothing,invalid quantity
S000526962,2023-02-10,C014445,Mina,Ahmadi,mina.ahmadi14445@example.com,09936437300,Isfahan,2020-04-28,P00349,Nova Sneakers 349,grocery,323.12,774.01,B008,West Branch 8,Isfahan,store,0,25,online,2023-01-19,154,75,Grocery,invalid quantity
S000528199,2025-05-03,C009988,Hana,Akbari,hana.akbari9988@example.com,09821571325,Rasht,2022-09-05,P00464,Classic Coffee 464,beauty,251.12,453.84,B023,Bazaar Branch 23,Rasht,mobile,0,20,card,2024-10-02,251,75,Beauty,invalid quantity
S000528495,2025-08-11,C032782,Maryam,Akbari,maryam.akbari32782@example.com,09287915046,Mashhad,2022-05-06,P00290,Nova Mixer 290,office,160.58,216.38,B020,North Branch 20,Shiraz,online,-1,0,card,2025-01-19,5,20,Office,invalid quantity
S000529436,2025-08-18,C046998,Reza,Rahimi,reza.rahimi46998@example.com,09181978219,Qom,2023-09-08,P00465,Prime Desk 465,sports,17.93,41.34,B027,Express Branch 27,Shiraz,store,0,5,card,2024-10-29,480,100,Sports,invalid quantity
S000530673,2025-11-22,C011399,Ali,Moradi,ali.moradi11399@example.com,09764776008,Tehran,2023-05-19,P00077,Smart Mixer 77,baby,358.16,681.63,B019,Bazaar Branch 19,Shiraz,mobile,0,0,online,2023-03-02,304,10,Baby,invalid quantity
S000531698,2024-09-15,C013147,Leila,Akbari,leila.akbari13147@example.com,09365706435,Qom,2020-03-02,P00017,Classic Puzzle 17,baby,318.55,672.98,B033,South Branch 33,Isfahan,online,-4,0,online,2023-01-23,235,50,Baby,invalid quantity
S000531910,2025-04-25,C007266,Amir,Jafari,amir.jafari7266@example.com,09828307628,Mashhad,2021-06-07,P00364,Prime Headphones 364,beauty,132.49,368.18,B008,West Branch 8,Isfahan,store,0,10,online,2025-04-01,198,100,Beauty,invalid quantity
S000533147,2024-12-26,C049326,Mina,Hosseini,mina.hosseini49326@example.com,09973593219,Tabriz,2020-03-14,P00181,Nova Puzzle 181,electronics,388.81,795.0,B031,North Branch 31,Tehran,store,0,10,cash,2025-05-10,124,50,Electronics,invalid quantity
S000534384,2023-10-13,C020146,Amir,Jafari,amir.jafari20146@example.com,09985228521,Tabriz,2022-11-13,P00187,Basic Shirt 187,clothing,144.89,318.21,B039,Mall Branch 39,Shiraz,online,0,20,wallet,2025-02-28,159,30,Clothing,invalid quantity
S000534901,2025-08-24,C034973,Leila,Rahimi,leila.rahimi34973@example.com,09336878620,Tehran,2024-07-12,P00115,Prime Desk 115,music,25.03,62.93,B013,Outlet Branch 13,Mashhad,mobile,-3,0,cash,2024-10-05,339,40,Music,invalid quantity
S000535621,2023-11-11,C047893,Neda,Akbari,neda.akbari47893@example.com,09697435274,Tehran,2023-11-29,P00093,Basic Cream 93,health,116.63,178.97,B002,Mall Branch 2,Karaj,partner,0,15,wallet,2024-07-03,300,30,Health,invalid quantity
S000536858,2024-06-28,C045642,Neda,Karimi,neda.karimi45642@example.com,09710375373,Isfahan,2021-03-30,P00329,Eco Desk 329,grocery,217.65,542.59,B023,Bazaar Branch 23,Rasht,mobile,0,0,wallet,2024-12-24,54,50,Grocery,invalid quantity
S000538095,2025-09-24,C047651,Neda,Hosseini,neda.hosseini47651@example.com,09422179869,Shiraz,2024-02-10,P00411,Max Desk 411,garden,25.89,56.32,B011,Central Branch 11,Tehran,partner,0,20,online,2025-06-01,205,100,Garden,invalid quantity
S000538104,2023-11-22,C022933,Neda,Hosseini,neda.hosseini22933@example.com,09726912318,Tabriz,2022-01-06,P00273,Nova Cream 273,health,112.11,158.93,B006,North Branch 6,Tehran,online,-3,0,card,2023-02-25,234,50,Health,invalid quantity
S000539332,2023-10-12,C038559,Yasin,Akbari,yasin.akbari38559@example.com,09613630691,Rasht,2024-04-11,P00036,Eco Desk 36,pets,374.23,991.73,B036,Express Branch 36,Tehran,store,0,25,wallet,2025-05-28,179,20,Pets,invalid quantity
S000540569,2024-07-31,C027254,Hana,Rahimi,hana.rahimi27254@example.com,09247330935,Karaj,2024-02-03,P00481,Pro Desk 481,electronics,333.13,838.02,B001,Central Branch 1,Rasht,online,0,0,card,2023-09-30,167,10,Electronics,invalid quantity
S000541307,2024-04-21,C037871,Mina,Rostami,mina.rostami37871@example.com,09876691203,Karaj,2021-08-26,P00033,Smart Coffee 33,health,338.72,496.36,B026,Central Branch 26,Mashhad,partner,-3,10,online,2025-02-11,140,40,Health,invalid quantity
S000541806,2024-12-11,C036795,Maryam,Mohammadi,maryam.mohammadi36795@example.com,09215338422,Isfahan,2024-10-06,P00409,Plus Ball 409,grocery,244.96,443.97,B027,Express Branch 27,Shiraz,store,0,15,card,2025-01-25,30,30,Grocery,invalid quantity
S000543043,2023-11-28,C003366,Leila,Rahimi,leila.rahimi3366@example.com,09896786236,Qom,2020-08-25,P00121,Classic Puzzle 121,electronics,268.82,442.77,B018,North Branch 18,Tabriz,partner,0,5,cash,2025-04-21,469,20,Electronics,invalid quantity
S000544280,2023-06-20,C023534,Arman,Rostami,arman.rostami23534@example.com,09341729222,Rasht,2020-01-30,P00213,Basic Sneakers 213,health,312.76,515.89,B012,South Branch 12,Mashhad,online,0,20,wallet,2025-09-10,153,100,Health,invalid quantity
S000544510,2025-04-15,C025243,Arman,Mohammadi,arman.mohammadi25243@example.com,09827471143,Mashhad,2023-01-23,P00206,Basic Shirt 206,toys,241.09,589.63,B016,North Branch 16,Rasht,online,-1,5,online,2023-10-21,222,10,Toys,invalid quantity
S000545517,2024-09-20,C000960,Arman,Hosseini,arman.hosseini960@example.com,09344767409,Tehran,2021-09-07,P00166,Nova Notebook 166,toys,222.57,536.63,B037,Bazaar Branch 37,Tehran,online,0,20,online,2025-07-01,439,20,Toys,invalid quantity
S000546754,2025-02-21,C005797,Maryam,Jafari,maryam.jafari5797@example.com,09124902282,Tehran,2023-01-21,P00228,Basic Ball 228,shoes,158.48,377.5,B002,Mall Branch 2,Karaj,partner,0,10,online,2025-07-17,26,30,Shoes,invalid quantity
S000547713,2024-07-06,C004079,Ali,Jafari,ali.jafari4079@example.com,09146073086,Isfahan,2024-05-17,P00276,Mini Headphones 276,pets,20.34,24.03,B022,Outlet Branch 22,Rasht,mobile,-3,15,cash,2023-02-23,82,40,Pets,invalid quantity
S000547991,2024-02-14,C047261,Amir,Karimi,amir.karimi47261@example.com,09701155819,Shiraz,2023-12-31,P00368,Basic Sneakers 368,shoes,190.32,413.01,B016,North Branch 16,Rasht,online,0,20,card,2025-06-02,55,40,Shoes,invalid quantity
S000549228,2024-12-24,C043634,Sara,Akbari,sara.akbari43634@example.com,09449973359,Isfahan,2020-05-26,P00126,Plus Puzzle 126,toys,213.24,527.92,B024,Outlet Branch 24,Tehran,store,0,20,card,2023-11-11,196,75,Toys,invalid quantity
S000550465,2025-06-14,C038591,Omid,Mohammadi,omid.mohammadi38591@example.com,09316691712,Qom,2024-10-22,P00322,Eco Coffee 322,home appliances,264.59,333.64,B003,Bazaar Branch 3,Karaj,online,0,0,card,2025-05-21,107,100,Home Appliances,invalid quantity
S000550916,2025-11-23,C011948,Ali,Ahmadi,ali.ahmadi11948@example.com,09506305563,Isfahan,2024-10-14,P00246,Smart Shirt 246,toys,392.4,1056.94,B026,Central Branch 26,Mashhad,partner,-4,15,card,2024-05-12,468,10,Toys,invalid quantity
S000551702,2024-06-08,C018211,Amir,Rostami,amir.rostami18211@example.com,09531640278,Shiraz,2020-01-28,P00128,Mini Coffee 128,shoes,136.7,209.32,B009,South Branch 9,Isfahan,store,0,25,card,2024-06-26,472,75,Shoes,invalid quantity
S000552939,2025-08-01,C038829,Amir,Rostami,amir.rostami38829@example.com,09770930529,Tehran,2022-12-01,P00400,Prime Puzzle 400,furniture,151.71,240.77,B006,North Branch 6,Tehran,online,0,0,card,2025-11-26,454,20,Furniture,invalid quantity
S000554119,2023-06-25,C032515,Sara,Hosseini,sara.hosseini32515@example.com,09638897403,Karaj,2023-05-03,P00377,Mini Desk 377,baby,246.61,686.92,B012,South Branch 12,Mashhad,online,-2,0,cash,2025-09-02,366,100,Baby,invalid quantity
S000554176,2024-07-31,C040741,Maryam,Hosseini,maryam.hosseini40741@example.com,09131944768,Tehran,2022-07-03,P00427,Smart Notebook 427,clothing,273.02,377.32,B030,Airport Branch 30,Mashhad,mobile,0,15,cash,2023-10-26,289,10,Clothing,invalid quantity
S000555413,2024-11-11,C027974,Ali,Akbari,ali.akbari27974@example.com,09316925469,Tehran,2020-11-28,P00061,Mini Sneakers 61,electronics,249.12,360.36,B027,Express Branch 27,Shiraz,store,0,10,online,2025-08-07,7,30,Electronics,invalid quantity
S000556650,2023-07-10,C013287,Omid,Jafari,omid.jafari13287@example.com,09190471955,Qom,2021-09-14,P00029,Smart Ball 29,grocery,145.16,224.66,B025,Bazaar Branch 25,Tehran,mobile,0,5,online,2024-09-09,4,20,Grocery,invalid quantity
S000557322,2024-06-28,C009502,Reza,Rostami,reza.rostami9502@example.com,09120342649,Rasht,2021-04-01,P00436,Basic Notebook 436,pets,41.7,75.27,B025,Bazaar Branch 25,Tehran,mobile,-1,10,cash,2024-04-28,174,30,Pets,invalid quantity
S000557887,2025-12-20,C032378,Yasin,Akbari,yasin.akbari32378@example.com,09288644532,Karaj,2020-10-16,P00453,Basic Sneakers 453,health,151.96,405.64,B040,Outlet Branch 40,Tehran,online,0,20,online,2023-08-08,458,50,Health,invalid quantity
S000559124,2025-03-02,C004968,Neda,Akbari,neda.akbari4968@example.com,09964646304,Karaj,2020-02-29,P00084,Smart Desk 84,beauty,17.93,30.03,B039,Mall Branch 39,Shiraz,online,0,10,wallet,2024-12-30,132,40,Beauty,invalid quantity
S000560361,2024-11-11,C004779,Sara,Mohammadi,sara.mohammadi4779@example.com,09996772075,Tehran,2021-03-06,P00121,Classic Puzzle 121,electronics,268.82,442.77,B016,North Branch 16,Rasht,online,0,0,card,2023-04-18,388,20,Electronics,invalid quantity
S000560525,2024-11-21,C048897,Neda,Hosseini,neda.hosseini48897@example.com,09458652363,Isfahan,2022-12-13,P00260,Pro Puzzle 260,furniture,232.98,402.89,B005,South Branch 5,Tehran,online,-5,0,cash,2025-09-25,400,20,Furniture,invalid quantity
S000561598,2023-12-09,C041709,Reza,Jafari,reza.jafari41709@example.com,09616613782,Qom,2024-04-16,P00452,Plus Ball 452,automotive,277.1,374.74,B031,North Branch 31,Tehran,store,0,0,card,2025-02-08,320,40,Automotive,invalid quantity
S000562835,2025-01-11,C028143,Amir,Mohammadi,amir.mohammadi28143@example.com,09285205549,Tabriz,2024-09-30,P00417,Basic Mixer 417,baby,166.29,246.46,B005,South Branch 5,Tehran,online,0,10,online,2024-04-27,388,75,Baby,invalid quantity
S000563728,2025-03-27,C026209,Yasin,Akbari,yasin.akbari26209@example.com,09540339691,Rasht,2020-07-18,P00101,Smart Coffee 101,electronics,256.43,356.86,B032,Central Branch 32,Shiraz,partner,-2,0,online,2023-04-13,126,30,Electronics,invalid quantity
S000564072,2023-01-01,C036768,Ali,Akbari,ali.akbari36768@example.com,09356889215,Isfahan,2020-11-25,P00435,Plus Mixer 435,music,312.34,794.47,B023,Bazaar Branch 23,Rasht,mobile,0,5,online,2023-08-07,264,20,Music,invalid quantity
S000565309,2024-07-14,C034878,Sara,Akbari,sara.akbari34878@example.com,09285881840,Tehran,2023-11-02,P00050,Smart Notebook 50,office,230.15,636.37,B033,South Branch 33,Isfahan,online,0,15,card,2024-04-28,368,75,Office,invalid quantity
S000566546,2023-12-23,C047060,Sara,Rahimi,sara.rahimi47060@example.com,09322780278,Qom,2022-04-06,P00453,Basic Sneakers 453,health,151.96,405.64,B003,Bazaar Branch 3,Karaj,online,0,25,online,2025-04-14,460,75,Health,invalid quantity
S000566931,2023-01-12,C001844,Hana,Akbari,hana.akbari1844@example.com,09865091650,Tabriz,2023-12-09,P00481,Pro Desk 481,electronics,333.13,838.02,B025,Bazaar Branch 25,Tehran,mobile,-2,15,online,2025-11-25,337,50,Electronics,invalid quantity
S000567783,2025-10-31,C001592,Amir,Akbari,amir.akbari1592@example.com,09845319806,Shiraz,2020-12-20,P00143,Classic Cream 143,books,280.13,530.49,B033,South Branch 33,Isfahan,online,0,5,card,2025-01-15,397,40,Books,invalid quantity
S000569020,2023-02-27,C038215,Mina,Karimi,mina.karimi38215@example.com,09996953140,Rasht,2021-05-28,P00031,Mini Coffee 31,garden,22.73,26.89,B003,Bazaar Branch 3,Karaj,online,0,0,online,2025-10-30,370,40,Garden,invalid quantity
S000570134,2023-03-03,C045917,Leila,Mohammadi,leila.mohammadi45917@example.com,09640407814,Isfahan,2023-12-01,P00168,Nova Shirt 168,shoes,170.28,243.7,B030,Airport Branch 30,Mashhad,mobile,-4,10,cash,2023-09-10,417,40,Shoes,invalid quantity
S000570257,2024-05-04,C039379,Neda,Jafari,neda.jafari39379@example.com,09833378576,Rasht,2021-07-11,P00073,Mini Notebook 73,health,211.95,460.24,B007,Central Branch 7,Qom,partner,0,10,cash,2025-01-23,34,10,Health,invalid quantity
S000571494,2024-03-27,C024998,Mina,Moradi,mina.moradi24998@example.com,09881482536,Shiraz,2020-07-17,P00272,Smart Coffee 272,automotive,213.09,320.35,B036,Express Branch 36,Tehran,store,0,0,online,2025-08-23,174,100,Automotive,invalid quantity
S000572731,2024-02-15,C002010,Reza,Rostami,reza.rostami2010@example.com,09568613005,Tehran,2022-10-10,P00469,Prime Desk 469,grocery,73.29,87.48,B015,Outlet Branch 15,Isfahan,partner,0,5,online,2023-02-01,296,100,Grocery,invalid quantity
S000573337,2024-02-07,C012240,Yasin,Mohammadi,yasin.mohammadi12240@example.com,09956503098,Rasht,2022-09-15,P00252,Smart Coffee 252,automotive,180.03,388.9,B036,Express Branch 36,Tehran,store,-1,25,online,2023-12-23,438,40,Automotive,invalid quantity
S000573968,2025-08-07,C048351,Sara,Mohammadi,sara.mohammadi48351@example.com,09493923733,Isfahan,2023-05-11,P00303,Max Ball 303,books,21.36,45.56,B027,Express Branch 27,Shiraz,store,0,20,card,2023-08-17,398,30,Books,invalid quantity
S000575205,2023-08-01,C041592,Maryam,Karimi,maryam.karimi41592@example.com,09944498037,Isfahan,2024-11-25,P00233,Classic Sneakers 233,health,288.51,681.33,B009,South Branch 9,Isfahan,store,0,5,card,2024-09-20,378,20,Health,invalid quantity
S000576442,2024-07-07,C018484,Neda,Karimi,neda.karimi18484@example.com,09694458996,Tabriz,2020-11-19,P00456,Pro Desk 456,pets,341.2,753.86,B037,Bazaar Branch 37,Tehran,online,0,20,card,2024-01-09,491,20,Pets,invalid quantity
S000576540,2025-06-17,C039362,Arman,Rostami,arman.rostami39362@example.com,09701812770,Tehran,2020-05-21,P00304,Max Headphones 304,beauty,16.34,31.81,B022,Outlet Branch 22,Rasht,mobile,-3,0,card,2024-09-03,298,30,Beauty,invalid quantity
S000577679,2024-10-24,C039061,Hana,Mohammadi,hana.mohammadi39061@example.com,09694506344,Shiraz,2020-04-19,P00370,Max Puzzle 370,office,394.39,608.3,B002,Mall Branch 2,Karaj,partner,0,20,online,2025-01-31,199,40,Office,invalid quantity
S000578916,2024-04-04,C003574,Neda,Karimi,neda.karimi3574@example.com,09706212352,Tehran,2020-09-19,P00148,Max Coffee 148,shoes,122.39,210.51,B013,Outlet Branch 13,Mashhad,mobile,0,0,card,2024-07-09,470,100,Shoes,invalid quantity
S000579743,2025-01-03,C039192,Amir,Akbari,amir.akbari39192@example.com,09306014099,Isfahan,2021-01-06,P00496,Basic Sneakers 496,pets,175.81,360.45,B003,Bazaar Branch 3,Karaj,online,-3,0,card,2023-07-05,152,40,Pets,invalid quantity
S000580153,2024-05-03,C012658,Sara,Karimi,sara.karimi12658@example.com,09615798584,Mashhad,2024-07-25,P00090,Basic Shirt 90,office,18.52,40.15,B028,Express Branch 28,Isfahan,partner,0,10,card,2024-08-09,436,30,Office,invalid quantity
S000581390,2023-01-12,C034741,Amir,Rahimi,amir.rahimi34741@example.com,09691825944,Rasht,2022-08-27,P00417,Basic Mixer 417,baby,166.29,246.46,B011,Central Branch 11,Tehran,partner,0,15,card,2025-09-09,344,75,Baby,invalid quantity
S000582627,2025-10-09,C003059,Hana,Salehi,hana.salehi3059@example.com,09149155595,Tehran,2024-11-23,P00209,Max Coffee 209,grocery,191.87,459.46,B008,West Branch 8,Isfahan,store,0,25,wallet,2023-04-30,176,20,Grocery,invalid quantity
S000582946,2024-03-10,C002867,Maryam,Jafari,maryam.jafari2867@example.com,09441217210,Isfahan,2021-02-09,P00115,Prime Desk 115,music,25.03,62.93,B024,Outlet Branch 24,Tehran,store,-1,5,online,2025-08-25,258,30,Music,invalid quantity
S000583864,2024-08-02,C005986,Omid,Akbari,omid.akbari5986@example.com,09899591245,Tehran,2022-08-23,P00441,Basic Desk 441,electronics,185.32,482.87,B036,Express Branch 36,Tehran,store,0,5,online,2024-03-19,474,100,Electronics,invalid quantity
S000585101,2024-12-15,C006644,Omid,Salehi,omid.salehi6644@example.com,09639648583,Karaj,2020-02-25,P00240,Classic Mixer 240,furniture,231.53,472.09,B034,Express Branch 34,Isfahan,partner,0,5,wallet,2023-05-22,35,100,Furniture,invalid quantity
S000586149,2025-11-07,C038090,Ali,Ahmadi,ali.ahmadi38090@example.com,09591746917,Qom,2022-12-21,P00238,Smart Cream 238,travel,250.3,585.13,B002,Mall Branch 2,Karaj,partner,-2,0,online,2023-10-11,73,30,Travel,invalid quantity
S000586338,2023-03-15,C048698,Reza,Karimi,reza.karimi48698@example.com,09157383489,Mashhad,2022-09-17,P00170,Smart Puzzle 170,office,278.29,603.83,B006,North Branch 6,Tehran,online,0,0,card,2025-04-13,134,20,Office,invalid quantity
S000587575,2024-12-26,C048562,Omid,Rostami,omid.rostami48562@example.com,09312642273,Rasht,2020-08-24,P00443,Smart Puzzle 443,books,337.64,456.41,B005,South Branch 5,Tehran,online,0,0,card,2024-05-28,494,75,Books,invalid quantity
S000588812,2024-10-16,C043404,Ali,Jafari,ali.jafari43404@example.com,09229765693,Karaj,2021-12-22,P00203,Smart Desk 203,books,140.57,251.88,B006,North Branch 6,Tehran,online,0,0,card,2023-07-05,72,30,Books,invalid quantity
S000589352,2023-10-17,C043761,Leila,Rahimi,leila.rahimi43761@example.com,09194549965,Tehran,2020-02-14,P00411,Max Desk 411,garden,25.89,56.32,B008,West Branch 8,Isfahan,store,-2,0,online,2024-09-11,47,50,Garden,invalid quantity
S000590049,2024-11-07,C034191,Hana,Mohammadi,hana.mohammadi34191@example.com,09743609780,Shiraz,2020-08-02,P00139,Prime Mixer 139,gaming,149.35,256.99,B019,Bazaar Branch 19,Shiraz,mobile,0,0,card,2024-04-14,423,50,Gaming,invalid quantity
S000591286,2024-08-02,C043693,Ali,Salehi,ali.salehi43693@example.com,09377050461,Rasht,2023-07-17,P00062,Prime Sneakers 62,home appliances,358.63,458.16,B017,Express Branch 17,Tehran,online,0,0,card,2023-01-21,380,30,Home Appliances,invalid quantity
S000592523,2024-05-04,C006417,Leila,Rahimi,leila.rahimi6417@example.com,09843082157,Isfahan,2023-12-23,P00204,Prime Sneakers 204,beauty,184.44,355.83,B029,North Branch 29,Tehran,mobile,0,0,online,2023-08-16,363,40,Beauty,invalid quantity
S000592555,2025-06-26,C014237,Sara,Rahimi,sara.rahimi14237@example.com,09759143768,Shiraz,2020-11-06,P00203,Smart Desk 203,books,140.57,251.88,B018,North Branch 18,Tabriz,partner,-5,25,online,2024-11-19,386,30,Books,invalid quantity
S000593760,2024-08-22,C030235,Yasin,Akbari,yasin.akbari30235@example.com,09429138230,Shiraz,2021-01-03,P00371,Mini Desk 371,garden,5.51,11.67,B014,Bazaar Branch 14,Shiraz,mobile,0,20,wallet,2023-01-05,127,100,Garden,invalid quantity
S000594997,2025-01-05,C012112,Sara,Karimi,sara.karimi12112@example.com,09449596675,Shiraz,2022-11-16,P00111,Basic Cream 111,garden,155.52,295.18,B002,Mall Branch 2,Karaj,partner,0,15,wallet,2024-07-31,213,50,Garden,invalid quantity
S000595758,2024-01-19,C022584,Neda,Mohammadi,neda.mohammadi22584@example.com,09924232992,Karaj,2023-08-19,P00413,Plus Shirt 413,health,344.24,526.41,B025,Bazaar Branch 25,Tehran,mobile,-4,10,online,2025-01-30,170,30,Health,invalid quantity
S000596234,2025-11-13,C001802,Sara,Rahimi,sara.rahimi1802@example.com,09126624066,Isfahan,2023-06-18,P00308,Plus Mixer 308,shoes,387.27,448.11,B035,Mall Branch 35,Isfahan,mobile,0,5,cash,2023-04-09,369,30,Shoes,invalid quantity
S000597471,2023-03-12,C036504,Leila,Akbari,leila.akbari36504@example.com,09685275314,Tehran,2021-03-02,P00426,Basic Mixer 426,toys,288.91,561.11,B003,Bazaar Branch 3,Karaj,online,0,15,online,2025-08-17,123,30,Toys,invalid quantity
S000598708,2025-04-25,C016684,Amir,Karimi,amir.karimi16684@example.com,09671714313,Qom,2022-01-18,P00110,Prime Sneakers 110,office,158.2,278.01,B028,Express Branch 28,Isfahan,partner,0,20,wallet,2025-09-03,170,75,Office,invalid quantity
S000598961,2025-12-26,C044150,Omid,Hosseini,omid.hosseini44150@example.com,09721014542,Tehran,2022-12-05,P00144,Prime Mixer 144,beauty,344.65,540.96,B029,North Branch 29,Tehran,mobile,-1,10,card,2025-10-21,463,30,Beauty,invalid quantity
S000599945,2024-02-20,C018659,Sara,Mohammadi,sara.mohammadi18659@example.com,09966628655,Tehran,2022-04-08,P00467,Nova Headphones 467,clothing,191.58,471.9,B032,Central Branch 32,Shiraz,partner,0,25,wallet,2025-12-08,209,20,Clothing,invalid quantity
S000601182,2023-06-28,C001713,Leila,Karimi,leila.karimi1713@example.com,09116782928,Mashhad,2020-06-14,P00281,Basic Puzzle 281,electronics,55.09,127.69,B003,Bazaar Branch 3,Karaj,online,0,0,cash,2024-09-20,327,75,Electronics,invalid quantity
S000602164,2024-02-03,C016267,Reza,Rostami,reza.rostami16267@example.com,09572279674,Isfahan,2022-12-06,P00405,Prime Coffee 405,sports,382.05,772.23,B035,Mall Branch 35,Isfahan,mobile,-2,25,cash,2025-06-29,302,40,Sports,invalid quantity
S000602419,2025-05-26,C044777,Amir,Akbari,amir.akbari44777@example.com,09729328891,Isfahan,2023-10-20,P00331,Classic Coffee 331,garden,24.75,35.69,B023,Bazaar Branch 23,Rasht,mobile,0,0,card,2025-05-16,63,75,Garden,invalid quantity
S000603656,2024-09-28,C049174,Reza,Karimi,reza.karimi49174@example.com,09789636490,Tehran,2022-11-19,P00499,Pro Coffee 499,gaming,373.77,660.87,B026,Central Branch 26,Mashhad,partner,0,25,card,2024-08-04,461,50,Gaming,invalid quantity
S000604893,2023-04-30,C039642,Omid,Hosseini,omid.hosseini39642@example.com,09280363879,Rasht,2024-05-21,P00123,Pro Mixer 123,books,125.88,338.14,B001,Central Branch 1,Rasht,online,0,0,online,2023-04-06,220,10,Books,invalid quantity
S000605367,2025-07-16,C034140,Sara,Moradi,sara.moradi34140@example.com,09911462773,Shiraz,2023-06-04,P00244,Max Headphones 244,beauty,189.21,312.06,B034,Express Branch 34,Isfahan,partner,-5,10,card,2023-09-09,425,20,Beauty,invalid quantity
S000606130,2023-10-10,C044063,Arman,Jafari,arman.jafari44063@example.com,09777248153,Isfahan,2020-11-04,P00205,Max Ball 205,sports,276.44,597.66,B031,North Branch 31,Tehran,store,0,0,wallet,2024-11-16,68,40,Sports,invalid quantity
S000607367,2023-03-06,C004481,Ali,Jafari,ali.jafari4481@example.com,09413130296,Qom,2022-03-09,P00472,Pro Desk 472,automotive,74.87,99.86,B016,North Branch 16,Rasht,online,0,0,wallet,2023-03-23,338,20,Automotive,invalid quantity
S000608570,2023-10-11,C029734,Omid,Ahmadi,omid.ahmadi29734@example.com,09399417619,Shiraz,2023-06-05,P00120,Pro Cream 120,furniture,105.07,128.77,B007,Central Branch 7,Qom,partner,-2,0,cash,2025-01-21,194,100,Furniture,invalid quantity
S000608604,2025-03-03,C012561,Hana,Rahimi,hana.rahimi12561@example.com,09224336923,Tehran,2023-03-17,P00164,Max Puzzle 164,beauty,264.63,701.39,B012,South Branch 12,Mashhad,online,0,5,wallet,2023-07-08,239,40,Beauty,invalid quantity
S000609841,2023-12-24,C024134,Ali,Moradi,ali.moradi24134@example.com,09255101027,Rasht,2024-10-20,P00197,Nova Puzzle 197,baby,174.84,249.41,B025,Bazaar Branch 25,Tehran,mobile,0,0,online,2024-04-09,445,20,Baby,invalid quantity
S000611078,2023-09-15,C031538,Neda,Ahmadi,neda.ahmadi31538@example.com,09796761821,Tehran,2023-08-01,P00226,Mini Cream 226,toys,358.48,818.98,B018,North Branch 18,Tabriz,partner,0,25,online,2023-03-30,281,40,Toys,invalid quantity
S000611773,2024-02-05,C002295,Yasin,Mohammadi,yasin.mohammadi2295@example.com,09557523905,Mashhad,2022-08-15,P00215,Mini Puzzle 215,music,73.52,87.63,B007,Central Branch 7,Qom,partner,-5,0,card,2025-07-25,287,30,Music,invalid quantity
S000612315,2025-01-25,C024013,Maryam,Salehi,maryam.salehi24013@example.com,09293307816,Qom,2023-07-24,P00270,Max Headphones 270,office,99.29,222.5,B018,North Branch 18,Tabriz,partner,0,5,card,2025-06-10,56,40,Office,invalid quantity
S000613552,2023-02-28,C036692,Ali,Jafari,ali.jafari36692@example.com,09614378728,Isfahan,2020-08-27,P00086,Plus Cream 86,toys,326.49,808.57,B003,Bazaar Branch 3,Karaj,online,0,0,online,2025-03-04,297,100,Toys,invalid quantity
S000614789,2024-09-28,C037096,Amir,Karimi,amir.karimi37096@example.com,09766630467,Isfahan,2023-01-22,P00458,Nova Cream 458,travel,243.73,604.02,B013,Outlet Branch 13,Mashhad,mobile,0,0,online,2025-01-10,361,100,Travel,invalid quantity
S000614976,2024-02-06,C048528,Mina,Karimi,mina.karimi48528@example.com,09865457140,Shiraz,2023-01-19,P00254,Max Desk 254,jewelry,239.84,534.85,B029,North Branch 29,Tehran,mobile,-1,15,wallet,2025-11-05,442,75,Jewelry,invalid quantity
S000616026,2025-02-16,C043966,Maryam,Rahimi,maryam.rahimi43966@example.com,09987759047,Mashhad,2023-04-21,P00341,Prime Ball 341,electronics,251.88,321.24,B012,South Branch 12,Mashhad,online,0,15,card,2023-12-20,282,10,Electronics,invalid quantity
S000617263,2024-03-14,C048094,Reza,Hosseini,reza.hosseini48094@example.com,09208775941,Shiraz,2023-12-04,P00125,Classic Cream 125,sports,248.17,471.89,B039,Mall Branch 39,Shiraz,online,0,0,card,2024-03-05,359,100,Sports,invalid quantity
S000618179,2023-12-19,C029522,Amir,Mohammadi,amir.mohammadi29522@example.com,09130344909,Rasht,2023-03-05,P00409,Plus Ball 409,grocery,244.96,443.97,B025,Bazaar Branch 25,Tehran,mobile,-3,0,card,2024-11-21,326,40,Grocery,invalid quantity
S000618500,2024-04-12,C047888,Amir,Ahmadi,amir.ahmadi47888@example.com,09581908068,Tehran,2024-04-09,P00084,Smart Desk 84,beauty,17.93,30.03,B020,North Branch 20,Shiraz,online,0,25,wallet,2024-02-21,336,20,Beauty,invalid quantity
S000619737,2023-09-26,C039541,Amir,Akbari,amir.akbari39541@example.com,09429606229,Isfahan,2022-01-04,P00207,Basic Headphones 207,clothing,326.51,909.62,B039,Mall Branch 39,Shiraz,online,0,25,card,2025-12-12,16,75,Clothing,invalid quantity
S000620974,2023-10-23,C046753,Yasin,Akbari,yasin.akbari46753@example.com,09226482717,Isfahan,2020-08-18,P00289,Classic Ball 289,grocery,184.22,500.0,B028,Express Branch 28,Isfahan,partner,0,10,wallet,2024-09-28,488,100,Grocery,invalid quantity
S000621382,2024-09-10,C048726,Mina,Ahmadi,mina.ahmadi48726@example.com,09849416529,Qom,2024-01-03,P00146,Max Cream 146,toys,343.18,874.03,B037,Bazaar Branch 37,Tehran,online,-2,15,cash,2024-01-31,279,20,Toys,invalid quantity
S000622211,2023-07-08,C015029,Arman,Mohammadi,arman.mohammadi15029@example.com,09238113393,Isfahan,2024-12-01,P00241,Prime Sneakers 241,electronics,207.74,325.11,B033,South Branch 33,Isfahan,online,0,0,online,2024-07-20,46,30,Electronics,invalid quantity
S000623448,2023-06-02,C048011,Hana,Jafari,hana.jafari48011@example.com,09549027689,Karaj,2022-02-24,P00002,Classic Ball 2,home appliances,205.44,250.43,B006,North Branch 6,Tehran,online,0,10,card,2024-05-24,379,40,Home Appliances,invalid quantity
S000624585,2025-02-22,C005075,Omid,Jafari,omid.jafari5075@example.com,09125097245,Rasht,2023-05-02,P00322,Eco Coffee 322,home appliances,264.59,333.64,B030,Airport Branch 30,Mashhad,mobile,-4,0,cash,2024-11-27,353,20,Home Appliances,invalid quantity
S000624685,2023-12-21,C027233,Hana,Hosseini,hana.hosseini27233@example.com,09118808514,Tabriz,2021-12-24,P00466,Classic Mixer 466,toys,194.76,453.54,B032,Central Branch 32,Shiraz,partner,0,5,card,2023-01-28,358,30,Toys,invalid quantity
S000625922,2023-01-21,C013833,Arman,Rahimi,arman.rahimi13833@example.com,09343290790,Mashhad,2023-11-18,P00240,Classic Mixer 240,furniture,231.53,472.09,B022,Outlet Branch 22,Rasht,mobile,0,10,online,2024-03-11,172,75,Furniture,invalid quantity
S000627159,2024-03-25,C006797,Maryam,Ahmadi,maryam.ahmadi6797@example.com,09202655932,Qom,2024-02-22,P00027,Prime Mixer 27,clothing,183.73,503.78,B028,Express Branch 28,Isfahan,partner,0,0,online,2025-12-05,302,50,Clothing,invalid quantity
S000627788,2025-07-29,C005828,Sara,Moradi,sara.moradi5828@example.com,09908135928,Tehran,2023-02-09,P00001,Mini Desk 1,electronics,75.63,160.11,B031,North Branch 31,Tehran,store,-1,15,online,2024-06-07,371,10,Electronics,invalid quantity
S000628396,2023-02-10,C040617,Maryam,Salehi,maryam.salehi40617@example.com,09505064035,Karaj,2022-06-17,P00173,Max Sneakers 173,health,70.99,167.61,B019,Bazaar Branch 19,Shiraz,mobile,0,0,card,2025-08-18,181,20,Health,invalid quantity
S000629633,2025-03-08,C011397,Omid,Moradi,omid.moradi11397@example.com,09157892809,Tabriz,2023-11-05,P00259,Classic Shirt 259,gaming,149.43,334.22,B005,South Branch 5,Tehran,online,0,20,card,2024-04-23,199,10,Gaming,invalid quantity
S000630870,2024-02-15,C045997,Maryam,Rahimi,maryam.rahimi45997@example.com,09826343617,Isfahan,2020-05-15,P00450,Smart Headphones 450,office,72.78,172.51,B025,Bazaar Branch 25,Tehran,mobile,0,20,card,2024-05-27,81,50,Office,invalid quantity
S000630991,2024-03-03,C030008,Ali,Mohammadi,ali.mohammadi30008@example.com,09149461140,Shiraz,2023-09-22,P00470,Nova Notebook 470,office,126.78,262.45,B004,Bazaar Branch 4,Rasht,partner,-5,0,card,2024-08-09,335,50,Office,invalid quantity
S000632107,2025-04-26,C004282,Hana,Jafari,hana.jafari4282@example.com,09117548599,Tabriz,2024-11-13,P00010,Max Sneakers 10,office,158.66,261.05,B010,Central Branch 10,Rasht,mobile,0,10,cash,2023-10-24,375,10,Office,invalid quantity
S000633344,2024-03-27,C012114,Sara,Salehi,sara.salehi12114@example.com,09851809028,Tehran,2021-08-11,P00031,Mini Coffee 31,garden,22.73,26.89,B021,Airport Branch 21,Tehran,online,0,10,online,2023-03-01,158,100,Garden,invalid quantity
S000634194,2023-11-06,C013622,Mina,Hosseini,mina.hosseini13622@example.com,09262513462,Mashhad,2020-12-18,P00452,Plus Ball 452,automotive,277.1,374.74,B017,Express Branch 17,Tehran,online,-5,20,cash,2024-01-09,18,100,Automotive,invalid quantity
S000634581,2024-02-24,C014284,Amir,Moradi,amir.moradi14284@example.com,09694990516,Tabriz,2020-12-18,P00214,Nova Cream 214,jewelry,95.86,187.81,B035,Mall Branch 35,Isfahan,mobile,0,10,wallet,2024-02-05,423,100,Jewelry,invalid quantity
S000635818,2024-01-19,C041429,Omid,Rostami,omid.rostami41429@example.com,09251767286,Mashhad,2023-04-17,P00497,Eco Headphones 497,baby,117.38,175.5,B015,Outlet Branch 15,Isfahan,partner,0,5,online,2024-10-06,22,100,Baby,invalid quantity
S000637055,2023-02-03,C001740,Yasin,Ahmadi,yasin.ahmadi1740@example.com,09401296420,Tehran,2020-08-15,P00077,Smart Mixer 77,baby,358.16,681.63,B036,Express Branch 36,Tehran,store,0,0,card,2025-04-01,251,30,Baby,invalid quantity
S000637397,2025-12-02,C028811,Maryam,Hosseini,maryam.hosseini28811@example.com,09525377524,Tabriz,2024-05-24,P00331,Classic Coffee 331,garden,24.75,35.69,B030,Airport Branch 30,Mashhad,mobile,-5,25,wallet,2023-05-04,190,75,Garden,invalid quantity
S000638292,2025-06-28,C043766,Neda,Rostami,neda.rostami43766@example.com,09762807576,Isfahan,2021-03-19,P00041,Prime Puzzle 41,electronics,176.45,458.88,B005,South Branch 5,Tehran,online,0,5,wallet,2025-08-14,380,100,Electronics,invalid quantity
S000639529,2024-06-16,C002078,Neda,Salehi,neda.salehi2078@example.com,09835485325,Isfahan,2023-05-18,P00211,Max Cream 211,garden,327.13,381.27,B037,Bazaar Branch 37,Tehran,online,0,0,cash,2024-11-27,385,30,Garden,invalid quantity
S000640600,2023-06-07,C039069,Sara,Jafari,sara.jafari39069@example.com,09990841905,Isfahan,2021-05-17,P00484,Classic Mixer 484,beauty,335.8,844.89,B024,Outlet Branch 24,Tehran,store,-5,0,cash,2025-02-17,193,20,Beauty,invalid quantity
S000640766,2024-04-08,C033814,Ali,Mohammadi,ali.mohammadi33814@example.com,09329847352,Tehran,2020-10-28,P00262,Pro Ball 262,home appliances,241.76,348.55,B035,Mall Branch 35,Isfahan,mobile,0,0,card,2024-10-20,127,40,Home Appliances,invalid quantity
S000642003,2024-08-06,C002367,Leila,Moradi,leila.moradi2367@example.com,09368113097,Isfahan,2021-05-03,P00257,Nova Headphones 257,baby,285.53,336.65,B010,Central Branch 10,Rasht,mobile,0,0,card,2023-09-13,74,20,Baby,invalid quantity
S000643240,2025-11-21,C030603,Amir,Salehi,amir.salehi30603@example.com,09568254981,Tehran,2021-09-15,P00294,Basic Headphones 294,jewelry,58.86,141.09,B007,Central Branch 7,Qom,partner,0,20,online,2025-11-06,96,10,Jewelry,invalid quantity
S000643803,2025-06-20,C017137,Omid,Akbari,omid.akbari17137@example.com,09102256556,Tabriz,2022-10-09,P00100,Prime Headphones 100,furniture,18.93,39.17,B040,Outlet Branch 40,Tehran,online,-3,15,card,2023-04-05,168,100,Furniture,invalid quantity
S000644477,2024-06-19,C017414,Arman,Rahimi,arman.rahimi17414@example.com,09282468589,Karaj,2023-01-24,P00280,Classic Cream 280,furniture,161.54,357.81,B006,North Branch 6,Tehran,online,0,5,online,2025-09-22,360,40,Furniture,invalid quantity
S000645714,2025-07-05,C039776,Reza,Rostami,reza.rostami39776@example.com,09564278676,Isfahan,2023-07-31,P00361,Classic Sneakers 361,electronics,273.95,375.35,B012,South Branch 12,Mashhad,online,0,0,online,2025-04-23,204,10,Electronics,invalid quantity
S000646951,2024-10-12,C007928,Mina,Jafari,mina.jafari7928@example.com,09716231329,Shiraz,2024-04-29,P00335,Prime Shirt 335,music,134.04,309.67,B003,Bazaar Branch 3,Karaj,online,0,15,wallet,2023-07-18,391,50,Music,invalid quantity
S000647006,2025-04-14,C023492,Hana,Moradi,hana.moradi23492@example.com,09252490241,Shiraz,2023-01-16,P00007,Prime Coffee 7,clothing,118.64,318.72,B036,Express Branch 36,Tehran,store,-1,0,cash,2023-02-25,345,20,Clothing,invalid quantity
S000648188,2023-09-29,C001122,Mina,Ahmadi,mina.ahmadi1122@example.com,09454939091,Mashhad,2023-12-24,P00128,Mini Coffee 128,shoes,136.7,209.32,B023,Bazaar Branch 23,Rasht,mobile,0,5,card,2024-11-12,331,100,Shoes,invalid quantity
S000649425,2024-01-10,C016863,Sara,Mohammadi,sara.mohammadi16863@example.com,09510535728,Isfahan,2022-08-24,P00012,Classic Headphones 12,automotive,167.7,202.09,B020,North Branch 20,Shiraz,online,0,0,online,2025-10-12,72,50,Automotive,invalid quantity
S000650209,2023-03-10,C019384,Ali,Salehi,ali.salehi19384@example.com,09698407295,Karaj,2021-04-06,P00342,Pro Coffee 342,home appliances,189.24,448.09,B017,Express Branch 17,Tehran,online,-3,5,wallet,2024-10-23,367,20,Home Appliances,invalid quantity
S000650662,2023-11-03,C021736,Hana,Ahmadi,hana.ahmadi21736@example.com,09379106497,Tabriz,2023-09-21,P00185,Classic Mixer 185,sports,266.46,434.87,B022,Outlet Branch 22,Rasht,mobile,0,25,cash,2025-01-09,6,10,Sports,invalid quantity
S000651899,2024-04-24,C012882,Sara,Salehi,sara.salehi12882@example.com,09763271023,Isfahan,2021-10-29,P00430,Nova Puzzle 430,office,49.37,56.85,B009,South Branch 9,Isfahan,store,0,5,online,2025-01-01,464,10,Office,invalid quantity
S000653136,2025-03-16,C001186,Reza,Akbari,reza.akbari1186@example.com,09250721880,Mashhad,2020-11-22,P00296,Smart Sneakers 296,pets,276.49,703.33,B026,Central Branch 26,Mashhad,partner,0,0,online,2024-12-21,400,50,Pets,invalid quantity
S000653412,2025-03-05,C025083,Yasin,Salehi,yasin.salehi25083@example.com,09731409661,Qom,2024-08-17,P00018,Eco Headphones 18,travel,87.72,230.0,B014,Bazaar Branch 14,Shiraz,mobile,-3,0,online,2024-04-02,177,50,Travel,invalid quantity
S000654373,2024-09-09,C023443,Yasin,Karimi,yasin.karimi23443@example.com,09396371972,Tehran,2020-07-29,P00435,Plus Mixer 435,music,312.34,794.47,B012,South Branch 12,Mashhad,online,0,0,online,2023-04-15,68,30,Music,invalid quantity
S000655610,2023-12-22,C003683,Yasin,Hosseini,yasin.hosseini3683@example.com,09447716573,Shiraz,2022-06-25,P00113,Mini Coffee 113,health,187.79,369.98,B017,Express Branch 17,Tehran,online,0,0,online,2024-03-02,477,50,Health,invalid quantity
S000656615,2023-12-10,C024840,Amir,Karimi,amir.karimi24840@example.com,09195337303,Shiraz,2023-05-21,P00458,Nova Cream 458,travel,243.73,604.02,B013,Outlet Branch 13,Mashhad,mobile,-4,25,online,2024-02-18,332,10,Travel,invalid quantity
S000656847,2023-06-08,C018889,Mina,Karimi,mina.karimi18889@example.com,09804988240,Tehran,2021-04-11,P00171,Classic Ball 171,garden,303.57,643.09,B021,Airport Branch 21,Tehran,online,0,0,wallet,2025-11-21,66,100,Garden,invalid quantity
S000658084,2024-10-06,C000992,Ali,Rostami,ali.rostami992@example.com,09417403063,Shiraz,2022-05-07,P00168,Nova Shirt 168,shoes,170.28,243.7,B028,Express Branch 28,Isfahan,partner,0,5,cash,2023-04-16,201,75,Shoes,invalid quantity
S000659321,2025-05-24,C023121,Amir,Salehi,amir.salehi23121@example.com,09909714889,Tehran,2021-01-23,P00366,Classic Notebook 366,toys,320.6,753.55,B022,Outlet Branch 22,Rasht,mobile,0,20,cash,2024-09-22,196,20,Toys,invalid quantity
S000659818,2024-08-19,C021559,Neda,Rostami,neda.rostami21559@example.com,09117671524,Mashhad,2022-12-04,P00243,Smart Desk 243,books,137.29,377.72,B037,Bazaar Branch 37,Tehran,online,-3,0,card,2025-03-03,354,20,Books,invalid quantity
S000660558,2023-01-30,C003894,Maryam,Karimi,maryam.karimi3894@example.com,09262176514,Karaj,2021-11-01,P00498,Prime Coffee 498,travel,36.32,65.61,B002,Mall Branch 2,Karaj,partner,0,15,online,2024-12-20,98,20,Travel,invalid quantity
S000661795,2023-01-10,C046137,Hana,Rostami,hana.rostami46137@example.com,09294449315,Shiraz,2024-01-14,P00326,Eco Sneakers 326,toys,67.56,99.81,B001,Central Branch 1,Rasht,online,0,15,card,2025-01-19,236,50,Toys,invalid quantity
S000663021,2025-07-22,C025111,Neda,Hosseini,neda.hosseini25111@example.com,09245579726,Rasht,2021-07-30,P00313,Pro Mixer 313,health,81.26,160.74,B003,Bazaar Branch 3,Karaj,online,-1,20,online,2023-06-11,447,20,Health,invalid quantity
S000663032,2024-07-28,C026959,Mina,Rahimi,mina.rahimi26959@example.com,09924907251,Karaj,2021-01-25,P00403,Mini Ball 403,books,380.22,1017.38,B014,Bazaar Branch 14,Shiraz,mobile,0,25,online,2023-12-12,160,40,Books,invalid quantity
S000664269,2025-10-23,C015076,Sara,Akbari,sara.akbari15076@example.com,09517936883,Karaj,2022-03-16,P00254,Max Desk 254,jewelry,239.84,534.85,B006,North Branch 6,Tehran,online,0,0,cash,2023-07-19,476,100,Jewelry,invalid quantity
S000665506,2024-01-21,C000696,Leila,Mohammadi,leila.mohammadi696@example.com,09412940071,Rasht,2023-11-24,P00302,Nova Shirt 302,home appliances,179.53,245.27,B015,Outlet Branch 15,Isfahan,partner,0,5,online,2024-01-02,205,10,Home Appliances,invalid quantity
S000666224,2024-10-09,C023946,Leila,Akbari,leila.akbari23946@example.com,09679783802,Qom,2020-11-11,P00482,Classic Coffee 482,home appliances,63.22,175.51,B013,Outlet Branch 13,Mashhad,mobile,-1,0,online,2023-08-05,391,100,Home Appliances,invalid quantity
S000666743,2024-08-13,C043329,Hana,Salehi,hana.salehi43329@example.com,09787990243,Karaj,2024-02-18,P00175,Smart Sneakers 175,music,258.3,449.81,B032,Central Branch 32,Shiraz,partner,0,10,online,2024-08-28,462,30,Music,invalid quantity
S000667980,2025-08-27,C045992,Neda,Jafari,neda.jafari45992@example.com,09823227928,Shiraz,2022-04-27,P00299,Basic Desk 299,gaming,20.33,50.31,B011,Central Branch 11,Tehran,partner,0,25,wallet,2023-09-06,314,40,Gaming,invalid quantity
S000669217,2025-06-26,C042448,Arman,Ahmadi,arman.ahmadi42448@example.com,09940825201,Qom,2024-02-18,P00446,Nova Coffee 446,toys,315.88,760.78,B012,South Branch 12,Mashhad,online,0,5,online,2023-12-14,244,20,Toys,invalid quantity
S000669427,2025-11-15,C027428,Yasin,Rahimi,yasin.rahimi27428@example.com,09681060818,Qom,2021-10-05,P00089,Smart Shirt 89,grocery,47.08,58.83,B010,Central Branch 10,Rasht,mobile,-3,10,online,2025-06-19,411,75,Grocery,invalid quantity
S000670454,2023-06-14,C021254,Leila,Rostami,leila.rostami21254@example.com,09839927426,Tehran,2024-01-14,P00112,Basic Puzzle 112,automotive,340.55,706.63,B013,Outlet Branch 13,Mashhad,mobile,0,10,card,2023-09-01,188,20,Automotive,invalid quantity
S000671691,2025-12-22,C020404,Hana,Rahimi,hana.rahimi20404@example.com,09276801192,Shiraz,2023-09-28,P00435,Plus Mixer 435,music,312.34,794.47,B028,Express Branch 28,Isfahan,partner,0,15,card,2025-11-03,333,10,Music,invalid quantity
S000672630,2023-03-27,C035950,Ali,Karimi,ali.karimi35950@example.com,09757945535,Shiraz,2021-12-09,P00392,Prime Cream 392,automotive,121.0,209.49,B015,Outlet Branch 15,Isfahan,partner,-2,0,cash,2025-06-07,7,30,Automotive,invalid quantity
S000672928,2023-03-20,C009468,Omid,Moradi,omid.moradi9468@example.com,09347394195,Mashhad,2023-12-18,P00156,Nova Shirt 156,pets,184.17,381.04,B010,Central Branch 10,Rasht,mobile,0,15,cash,2024-04-18,238,20,Pets,invalid quantity
S000674165,2024-10-22,C028187,Ali,Salehi,ali.salehi28187@example.com,09943337335,Tehran,2023-07-11,P00023,Eco Ball 23,books,204.05,491.54,B040,Outlet Branch 40,Tehran,online,0,5,card,2024-02-17,189,75,Books,invalid quantity
S000675402,2025-10-08,C004499,Omid,Akbari,omid.akbari4499@example.com,09600846894,Rasht,2024-04-12,P00352,Nova Desk 352,automotive,256.47,527.87,B013,Outlet Branch 13,Mashhad,mobile,0,0,card,2025-03-03,396,100,Automotive,invalid quantity
S000675833,2023-06-23,C008190,Yasin,Rahimi,yasin.rahimi8190@example.com,09764067790,Shiraz,2020-02-06,P00172,Max Cream 172,automotive,255.92,403.54,B006,North Branch 6,Tehran,online,-2,0,card,2025-12-06,113,40,Automotive,invalid quantity
S000676639,2023-02-09,C002902,Leila,Moradi,leila.moradi2902@example.com,09173700896,Shiraz,2022-05-16,P00157,Smart Puzzle 157,baby,225.98,442.33,B007,Central Branch 7,Qom,partner,0,20,wallet,2025-03-08,264,100,Baby,invalid quantity
S000677876,2024-07-31,C043153,Reza,Jafari,reza.jafari43153@example.com,09306362736,Shiraz,2023-03-23,P00431,Smart Coffee 431,garden,220.23,444.28,B025,Bazaar Branch 25,Tehran,mobile,0,0,online,2023-01-23,146,100,Garden,invalid quantity
S000679036,2025-02-01,C045784,Omid,Mohammadi,omid.mohammadi45784@example.com,09314426513,Tehran,2024-02-13,P00035,Nova Puzzle 35,music,269.5,446.45,B004,Bazaar Branch 4,Rasht,partner,-3,15,card,2023-11-25,170,50,Music,invalid quantity
S000679113,2024-09-20,C028418,Arman,Rostami,arman.rostami28418@example.com,09923349214,Karaj,2020-11-08,P00333,Smart Shirt 333,health,339.25,667.08,B008,West Branch 8,Isfahan,store,0,0,card,2023-10-25,252,20,Health,invalid quantity
S000680350,2025-09-19,C025879,Amir,Rostami,amir.rostami25879@example.com,09413642202,Karaj,2023-06-13,P00092,Eco Notebook 92,automotive,132.73,337.15,B031,North Branch 31,Tehran,store,0,25,wallet,2024-01-04,383,10,Automotive,invalid quantity
S000681587,2024-07-15,C015846,Maryam,Hosseini,maryam.hosseini15846@example.com,09387628418,Tabriz,2020-12-25,P00011,Prime Ball 11,garden,73.98,195.05,B013,Outlet Branch 13,Mashhad,mobile,0,25,online,2024-06-11,328,20,Garden,invalid quantity
S000682239,2025-04-10,C017202,Arman,Jafari,arman.jafari17202@example.com,09170008873,Karaj,2020-01-29,P00419,Prime Cream 419,gaming,154.82,206.51,B040,Outlet Branch 40,Tehran,online,-4,0,online,2024-05-01,66,30,Gaming,invalid quantity
S000682824,2024-06-19,C041009,Amir,Akbari,amir.akbari41009@example.com,09290345692,Rasht,2020-04-20,P00492,Eco Sneakers 492,automotive,247.47,496.34,B014,Bazaar Branch 14,Shiraz,mobile,0,20,online,2023-06-13,424,30,Automotive,invalid quantity
S000684061,2024-03-29,C042681,Ali,Jafari,ali.jafari42681@example.com,09645089994,Rasht,2021-03-11,P00239,Plus Cream 239,gaming,283.27,706.9,B027,Express Branch 27,Shiraz,store,0,0,card,2023-10-26,447,75,Gaming,invalid quantity
S000685298,2025-03-28,C031018,Amir,Rahimi,amir.rahimi31018@example.com,09641023736,Shiraz,2020-06-19,P00435,Plus Mixer 435,music,312.34,794.47,B019,Bazaar Branch 19,Shiraz,mobile,0,0,wallet,2023-03-31,276,10,Music,invalid quantity
S000685442,2024-07-26,C020437,Arman,Salehi,arman.salehi20437@example.com,09435934988,Tehran,2023-11-09,P00491,Classic Desk 491,garden,287.98,508.98,B010,Central Branch 10,Rasht,mobile,-4,25,cash,2025-07-05,182,75,Garden,invalid quantity
S000686535,2023-08-17,C011703,Mina,Karimi,mina.karimi11703@example.com,09103461826,Rasht,2021-11-14,P00053,Max Ball 53,health,288.74,434.09,B026,Central Branch 26,Mashhad,partner,0,25,cash,2023-07-12,380,40,Health,invalid quantity
S000687772,2024-10-05,C047794,Amir,Rostami,amir.rostami47794@example.com,09426785166,Mashhad,2024-11-05,P00327,Mini Shirt 327,clothing,294.84,800.35,B018,North Branch 18,Tabriz,partner,0,20,online,2023-08-27,78,50,Clothing,invalid quantity
S000688645,2024-03-05,C027978,Sara,Karimi,sara.karimi27978@example.com,09106405747,Rasht,2023-04-16,P00074,Classic Sneakers 74,jewelry,157.44,302.63,B005,South Branch 5,Tehran,online,-5,10,cash,2025-11-25,302,20,Jewelry,invalid quantity
S000689009,2025-09-25,C041300,Neda,Jafari,neda.jafari41300@example.com,09469501378,Tehran,2021-04-13,P00479,Nova Mixer 479,gaming,124.51,153.77,B029,North Branch 29,Tehran,mobile,0,0,card,2023-11-01,406,75,Gaming,invalid quantity
S000690246,2025-07-22,C031817,Mina,Rostami,mina.rostami31817@example.com,09932608720,Karaj,2021-01-31,P00054,Basic Headphones 54,jewelry,88.47,240.45,B009,South Branch 9,Isfahan,store,0,5,wallet,2025-11-17,487,40,Jewelry,invalid quantity
S000691483,2025-07-23,C011025,Sara,Hosseini,sara.hosseini11025@example.com,09810674813,Tehran,2021-08-27,P00269,Smart Desk 269,grocery,325.45,721.28,B024,Outlet Branch 24,Tehran,store,0,0,card,2025-11-06,26,40,Grocery,invalid quantity
S000691848,2024-07-13,C014995,Yasin,Salehi,yasin.salehi14995@example.com,09633783080,Rasht,2022-08-19,P00188,Mini Puzzle 188,shoes,21.37,36.15,B034,Express Branch 34,Isfahan,partner,-3,15,card,2025-01-22,118,75,Shoes,invalid quantity
S000692720,2023-06-08,C043658,Omid,Rostami,omid.rostami43658@example.com,09497008831,Isfahan,2024-01-23,P00458,Nova Cream 458,travel,243.73,604.02,B002,Mall Branch 2,Karaj,partner,0,25,online,2023-03-11,290,10,Travel,invalid quantity
S000693957,2025-04-01,C024492,Sara,Jafari,sara.jafari24492@example.com,09412237256,Isfahan,2020-06-01,P00166,Nova Notebook 166,toys,222.57,536.63,B013,Outlet Branch 13,Mashhad,mobile,0,5,cash,2025-06-22,301,40,Toys,invalid quantity
S000695051,2025-11-08,C016669,Hana,Karimi,hana.karimi16669@example.com,09608677442,Shiraz,2022-09-26,P00150,Smart Ball 150,office,326.14,480.8,B040,Outlet Branch 40,Tehran,online,-2,20,online,2023-07-12,311,75,Office,invalid quantity
S000695194,2024-10-10,C036878,Amir,Salehi,amir.salehi36878@example.com,09844811710,Shiraz,2022-04-08,P00277,Nova Shirt 277,baby,22.67,27.89,B018,North Branch 18,Tabriz,partner,0,15,card,2024-03-08,332,20,Baby,invalid quantity
S000696431,2024-05-03,C038081,Sara,Jafari,sara.jafari38081@example.com,09516586174,Isfahan,2022-04-09,P00233,Classic Sneakers 233,health,288.51,681.33,B009,South Branch 9,Isfahan,store,0,10,card,2024-03-07,37,50,Health,invalid quantity
S000697668,2024-04-10,C027979,Arman,Karimi,arman.karimi27979@example.com,09343659479,Qom,2022-07-09,P00416,Basic Cream 416,pets,322.42,533.41,B035,Mall Branch 35,Isfahan,mobile,0,0,online,2024-03-05,264,30,Pets,invalid quantity
S000698254,2023-05-18,C029182,Yasin,Jafari,yasin.jafari29182@example.com,09716585807,Tehran,2021-04-02,P00353,Max Headphones 353,health,273.14,584.02,B018,North Branch 18,Tabriz,partner,-5,10,online,2024-04-13,147,75,Health,invalid quantity
S000698905,2024-08-15,C021139,Mina,Salehi,mina.salehi21139@example.com,09392059911,Shiraz,2020-10-17,P00424,Eco Coffee 424,beauty,295.17,614.82,B033,South Branch 33,Isfahan,online,0,0,online,2023-09-09,367,50,Beauty,invalid quantity
S000700142,2023-10-01,C028137,Yasin,Jafari,yasin.jafari28137@example.com,09664172401,Isfahan,2020-06-07,P00095,Max Puzzle 95,music,207.16,565.41,B002,Mall Branch 2,Karaj,partner,0,0,cash,2024-08-27,450,75,Music,invalid quantity
S000701379,2023-06-27,C020029,Sara,Rostami,sara.rostami20029@example.com,09235713167,Isfahan,2024-04-15,P00398,Plus Cream 398,travel,94.68,206.26,B024,Outlet Branch 24,Tehran,store,0,0,wallet,2023-06-25,61,30,Travel,invalid quantity
S000701457,2023-01-30,C029773,Yasin,Ahmadi,yasin.ahmadi29773@example.com,09822931078,Rasht,2024-07-17,P00348,Basic Mixer 348,shoes,134.84,361.1,B023,Bazaar Branch 23,Rasht,mobile,-3,0,wallet,2023-10-07,357,10,Shoes,invalid quantity
S000702616,2025-12-21,C039068,Ali,Rostami,ali.rostami39068@example.com,09167432871,Tehran,2023-12-09,P00168,Nova Shirt 168,shoes,170.28,243.7,B035,Mall Branch 35,Isfahan,mobile,0,0,card,2023-07-10,239,75,Shoes,invalid quantity
S000703853,2024-07-09,C036574,Omid,Salehi,omid.salehi36574@example.com,09912812744,Isfahan,2023-03-24,P00107,Smart Coffee 107,clothing,286.7,387.25,B001,Central Branch 1,Rasht,online,0,0,wallet,2024-01-21,180,30,Clothing,invalid quantity
S000704660,2024-02-09,C029261,Sara,Jafari,sara.jafari29261@example.com,09380737471,Isfahan,2021-08-06,P00286,Plus Desk 286,toys,31.38,72.28,B036,Express Branch 36,Tehran,store,-5,0,cash,2023-01-07,171,20,Toys,invalid quantity
S000705090,2025-08-23,C028001,Arman,Hosseini,arman.hosseini28001@example.com,09783425281,Shiraz,2023-08-16,P00317,Classic Ball 317,baby,187.67,340.34,B004,Bazaar Branch 4,Rasht,partner,0,0,online,2025-08-14,144,10,Baby,invalid quantity
S000706327,2023-07-26,C014938,Mina,Jafari,mina.jafari14938@example.com,09857896455,Shiraz,2021-04-11,P00275,Mini Mixer 275,music,9.96,27.06,B008,West Branch 8,Isfahan,store,0,0,online,2025-08-20,15,75,Music,invalid quantity
S000707564,2025-11-12,C019911,Hana,Mohammadi,hana.mohammadi19911@example.com,09310882022,Tabriz,2023-05-26,P00294,Basic Headphones 294,jewelry,58.86,141.09,B030,Airport Branch 30,Mashhad,mobile,0,5,card,2025-03-19,353,30,Jewelry,invalid quantity
S000707863,2023-02-12,C023449,Omid,Rahimi,omid.rahimi23449@example.com,09782914973,Shiraz,2020-10-18,P00019,Pro Coffee 19,gaming,77.76,112.44,B007,Central Branch 7,Qom,partner,-4,10,online,2025-07-29,21,10,Gaming,invalid quantity
S000708801,2024-10-17,C041539,Hana,Hosseini,hana.hosseini41539@example.com,09630249637,Shiraz,2020-11-23,P00193,Max Mixer 193,health,263.86,493.43,B001,Central Branch 1,Rasht,online,0,15,cash,2024-09-14,48,20,Health,invalid quantity
S000710038,2025-08-02,C027574,Mina,Akbari,mina.akbari27574@example.com,09891306446,Tabriz,2021-10-14,P00480,Plus Desk 480,furniture,166.69,265.11,B026,Central Branch 26,Mashhad,partner,0,0,card,2024-10-23,133,10,Furniture,invalid quantity
S000711066,2025-10-21,C030391,Sara,Mohammadi,sara.mohammadi30391@example.com,09789945102,Mashhad,2020-05-11,P00144,Prime Mixer 144,beauty,344.65,540.96,B022,Outlet Branch 22,Rasht,mobile,-5,25,card,2025-01-24,143,30,Beauty,invalid quantity
S000711275,2023-03-03,C029212,Yasin,Hosseini,yasin.hosseini29212@example.com,09956424362,Shiraz,2024-09-19,P00481,Pro Desk 481,electronics,333.13,838.02,B020,North Branch 20,Shiraz,online,0,25,cash,2023-03-26,310,20,Electronics,invalid quantity
S000712512,2023-12-24,C041490,Neda,Hosseini,neda.hosseini41490@example.com,09276874714,Tehran,2021-02-12,P00439,Classic Puzzle 439,gaming,297.94,763.39,B014,Bazaar Branch 14,Shiraz,mobile,0,20,online,2023-10-02,390,75,Gaming,invalid quantity
S000713749,2023-08-04,C028721,Leila,Ahmadi,leila.ahmadi28721@example.com,09437462339,Shiraz,2021-01-20,P00085,Prime Puzzle 85,sports,139.2,362.67,B037,Bazaar Branch 37,Tehran,online,0,5,online,2025-12-20,265,75,Sports,invalid quantity
S000714269,2025-03-20,C011299,Yasin,Jafari,yasin.jafari11299@example.com,09217563458,Rasht,2022-06-15,P00091,Prime Notebook 91,garden,67.36,169.69,B038,East Branch 38,Tehran,mobile,-1,10,online,2023-04-21,95,20,Garden,invalid quantity
S000714986,2023-12-26,C048193,Maryam,Mohammadi,maryam.mohammadi48193@example.com,09862281519,Tehran,2024-07-20,P00273,Nova Cream 273,health,112.11,158.93,B040,Outlet Branch 40,Tehran,online,0,0,online,2024-11-24,55,50,Health,invalid quantity
S000716223,2024-05-21,C034443,Ali,Ahmadi,ali.ahmadi34443@example.com,09480043477,Tehran,2020-03-19,P00054,Basic Headphones 54,jewelry,88.47,240.45,B038,East Branch 38,Tehran,mobile,0,25,online,2023-04-13,63,20,Jewelry,invalid quantity
S000717460,2024-06-26,C025641,Maryam,Karimi,maryam.karimi25641@example.com,09350253955,Qom,2021-09-26,P00239,Plus Cream 239,gaming,283.27,706.9,B003,Bazaar Branch 3,Karaj,online,0,5,online,2024-07-03,57,40,Gaming,invalid quantity
S000717472,2024-07-14,C025822,Amir,Akbari,amir.akbari25822@example.com,09587736746,Karaj,2022-08-22,P00013,Plus Notebook 13,health,217.38,305.51,B014,Bazaar Branch 14,Shiraz,mobile,-5,25,wallet,2025-08-30,185,40,Health,invalid quantity
S000718697,2023-05-03,C035370,Maryam,Salehi,maryam.salehi35370@example.com,09146801708,Mashhad,2022-07-20,P00402,Plus Mixer 402,home appliances,127.27,286.84,B022,Outlet Branch 22,Rasht,mobile,0,0,wallet,2024-10-04,80,10,Home Appliances,invalid quantity
S000719934,2025-09-27,C007729,Sara,Rahimi,sara.rahimi7729@example.com,09593493288,Karaj,2024-06-02,P00228,Basic Ball 228,shoes,158.48,377.5,B036,Express Branch 36,Tehran,store,0,10,card,2025-01-23,39,100,Shoes,invalid quantity
S000720675,2023-12-21,C045570,Arman,Rostami,arman.rostami45570@example.com,09691397132,Isfahan,2022-08-17,P00457,Plus Sneakers 457,baby,51.47,111.57,B008,West Branch 8,Isfahan,store,-5,0,online,2025-05-19,421,10,Baby,invalid quantity
S000721171,2023-06-19,C032051,Leila,Rahimi,leila.rahimi32051@example.com,09529072971,Karaj,2024-08-28,P00271,Prime Ball 271,garden,136.82,320.74,B013,Outlet Branch 13,Mashhad,mobile,0,20,cash,2025-08-22,51,20,Garden,invalid quantity
S000722408,2023-04-18,C045215,Hana,Mohammadi,hana.mohammadi45215@example.com,09344378679,Qom,2021-08-09,P00436,Basic Notebook 436,pets,41.7,75.27,B031,North Branch 31,Tehran,store,0,0,cash,2024-02-26,466,30,Pets,invalid quantity
S000723645,2023-10-09,C024855,Arman,Akbari,arman.akbari24855@example.com,09358340708,Karaj,2020-12-15,P00130,Pro Ball 130,office,335.8,760.51,B010,Central Branch 10,Rasht,mobile,0,20,card,2025-11-27,206,100,Office,invalid quantity
S000723878,2025-03-22,C011293,Leila,Moradi,leila.moradi11293@example.com,09820688538,Karaj,2020-03-13,P00273,Nova Cream 273,health,112.11,158.93,B009,South Branch 9,Isfahan,store,-1,5,online,2023-12-20,246,100,Health,invalid quantity
S000724882,2025-04-08,C005897,Sara,Mohammadi,sara.mohammadi5897@example.com,09318456311,Isfahan,2024-04-10,P00033,Smart Coffee 33,health,338.72,496.36,B003,Bazaar Branch 3,Karaj,online,0,0,cash,2024-09-04,32,100,Health,invalid quantity
S000726119,2025-07-30,C041669,Amir,Hosseini,amir.hosseini41669@example.com,09340056214,Tehran,2023-01-13,P00284,Prime Coffee 284,beauty,21.3,39.57,B033,South Branch 33,Isfahan,online,0,5,wallet,2024-04-19,300,30,Beauty,invalid quantity
S000727081,2025-10-17,C049792,Neda,Rahimi,neda.rahimi49792@example.com,09137391459,Tehran,2020-04-08,P00112,Basic Puzzle 112,automotive,340.55,706.63,B019,Bazaar Branch 19,Shiraz,mobile,-2,0,card,2024-12-10,355,10,Automotive,invalid quantity
S000727356,2025-05-19,C040399,Reza,Rostami,reza.rostami40399@example.com,09576493519,Shiraz,2023-01-07,P00084,Smart Desk 84,beauty,17.93,30.03,B017,Express Branch 17,Tehran,online,0,0,card,2023-05-05,475,100,Beauty,invalid quantity
S000728593,2024-11-01,C032467,Omid,Salehi,omid.salehi32467@example.com,09844430969,Isfahan,2023-07-07,P00468,Basic Headphones 468,shoes,365.42,841.75,B030,Airport Branch 30,Mashhad,mobile,0,0,cash,2025-04-16,96,30,Shoes,invalid quantity
S000729830,2025-12-21,C042912,Sara,Jafari,sara.jafari42912@example.com,09587066719,Isfahan,2023-06-13,P00490,Classic Sneakers 490,office,201.05,322.63,B038,East Branch 38,Tehran,mobile,0,5,card,2024-11-03,195,100,Office,invalid quantity
S000730284,2023-10-02,C038089,Maryam,Jafari,maryam.jafari38089@example.com,09409213300,Shiraz,2024-04-10,P00084,Smart Desk 84,beauty,17.93,30.03,B035,Mall Branch 35,Isfahan,mobile,-4,5,online,2025-02-27,133,75,Beauty,invalid quantity
S000731067,2025-08-22,C020539,Maryam,Jafari,maryam.jafari20539@example.com,09695683052,Isfahan,2020-02-16,P00255,Classic Sneakers 255,music,107.06,262.05,B004,Bazaar Branch 4,Rasht,partner,0,0,card,2024-07-30,347,75,Music,invalid quantity
S000732304,2025-05-08,C033890,Maryam,Akbari,maryam.akbari33890@example.com,09276728132,Tehran,2022-06-30,P00215,Mini Puzzle 215,music,73.52,87.63,B027,Express Branch 27,Shiraz,store,0,0,card,2025-09-04,436,30,Music,invalid quantity
S000733487,2024-04-11,C041232,Sara,Hosseini,sara.hosseini41232@example.com,09691991330,Tehran,2020-06-30,P00207,Basic Headphones 207,clothing,326.51,909.62,B027,Express Branch 27,Shiraz,store,-4,20,card,2025-10-18,124,40,Clothing,invalid quantity
S000733541,2024-05-28,C001403,Yasin,Moradi,yasin.moradi1403@example.com,09704672023,Tabriz,2021-03-14,P00113,Mini Coffee 113,health,187.79,369.98,B024,Outlet Branch 24,Tehran,store,0,15,online,2024-02-27,127,40,Health,invalid quantity
S000734778,2024-05-11,C049568,Yasin,Ahmadi,yasin.ahmadi49568@example.com,09882280336,Karaj,2024-11-04,P00078,Smart Cream 78,travel,7.24,19.81,B012,South Branch 12,Mashhad,online,0,10,wallet,2024-12-23,273,10,Travel,invalid quantity
S000736015,2024-11-11,C026842,Neda,Rahimi,neda.rahimi26842@example.com,09295214173,Karaj,2020-04-23,P00349,Nova Sneakers 349,grocery,323.12,774.01,B009,South Branch 9,Isfahan,store,0,25,online,2024-12-14,157,40,Grocery,invalid quantity
S000736690,2024-01-26,C026178,Reza,Karimi,reza.karimi26178@example.com,09686191118,Shiraz,2020-10-24,P00104,Mini Desk 104,beauty,185.86,431.35,B014,Bazaar Branch 14,Shiraz,mobile,-2,0,wallet,2025-03-11,190,100,Beauty,invalid quantity
S000737252,2024-04-18,C045942,Yasin,Salehi,yasin.salehi45942@example.com,09261404312,Rasht,2022-03-21,P00063,Classic Headphones 63,books,360.04,496.7,B034,Express Branch 34,Isfahan,partner,0,10,cash,2024-02-11,461,100,Books,invalid quantity
S000738489,2023-12-29,C038660,Leila,Karimi,leila.karimi38660@example.com,09356159113,Shiraz,2022-10-02,P00102,Basic Puzzle 102,home appliances,58.09,68.84,B008,West Branch 8,Isfahan,store,0,20,online,2024-12-01,55,40,Home Appliances,invalid quantity
S000739726,2024-08-09,C047500,Arman,Karimi,arman.karimi47500@example.com,09804542485,Mashhad,2021-04-11,P00405,Prime Coffee 405,sports,382.05,772.23,B001,Central Branch 1,Rasht,online,0,20,cash,2024-06-19,248,50,Sports,invalid quantity
S000739893,2023-09-24,C005688,Maryam,Akbari,maryam.akbari5688@example.com,09745185020,Tehran,2022-05-24,P00446,Nova Coffee 446,toys,315.88,760.78,B019,Bazaar Branch 19,Shiraz,mobile,-5,25,cash,2024-08-04,441,10,Toys,invalid quantity
S000740963,2023-06-29,C041685,Sara,Moradi,sara.moradi41685@example.com,09690785656,Shiraz,2021-02-17,P00170,Smart Puzzle 170,office,278.29,603.83,B012,South Branch 12,Mashhad,online,0,20,online,2024-08-09,327,30,Office,invalid quantity
S000742200,2025-02-28,C014649,Neda,Ahmadi,neda.ahmadi14649@example.com,09837484386,Isfahan,2023-03-29,P00363,Plus Ball 363,books,113.88,239.16,B039,Mall Branch 39,Shiraz,online,0,20,online,2025-11-20,17,40,Books,invalid quantity
S000743096,2025-07-11,C020843,Neda,Mohammadi,neda.mohammadi20843@example.com,09271791034,Shiraz,2021-10-15,P00080,Nova Puzzle 80,furniture,298.24,674.76,B033,South Branch 33,Isfahan,online,-2,0,card,2025-07-27,275,50,Furniture,invalid quantity
S000743437,2025-05-14,C036390,Neda,Akbari,neda.akbari36390@example.com,09433100644,Mashhad,2021-08-21,P00450,Smart Headphones 450,office,72.78,172.51,B007,Central Branch 7,Qom,partner,0,25,online,2024-04-02,248,10,Office,invalid quantity
S000744674,2025-12-02,C030741,Leila,Rahimi,leila.rahimi30741@example.com,09108156762,Mashhad,2020-09-21,P00463,Plus Puzzle 463,books,68.42,131.58,B034,Express Branch 34,Isfahan,partner,0,10,online,2023-07-12,207,30,Books,invalid quantity
S000745911,2023-09-02,C036278,Ali,Karimi,ali.karimi36278@example.com,09769461352,Tehran,2021-01-20,P00178,Max Puzzle 178,travel,87.79,103.15,B035,Mall Branch 35,Isfahan,mobile,0,0,cash,2024-02-15,462,100,Travel,invalid quantity
S000746299,2023-01-14,C033265,Yasin,Akbari,yasin.akbari33265@example.com,09922283211,Tehran,2024-02-09,P00423,Basic Coffee 423,books,277.51,435.42,B009,South Branch 9,Isfahan,store,-2,15,wallet,2025-01-16,214,20,Books,invalid quantity
S000747148,2025-10-07,C018408,Amir,Akbari,amir.akbari18408@example.com,09886830707,Tabriz,2024-03-08,P00176,Nova Coffee 176,pets,271.52,372.77,B029,North Branch 29,Tehran,mobile,0,25,card,2025-01-24,441,50,Pets,invalid quantity
S000748385,2024-04-13,C029491,Mina,Rahimi,mina.rahimi29491@example.com,09391051127,Tehran,2023-01-12,P00376,Nova Notebook 376,pets,58.43,99.95,B032,Central Branch 32,Shiraz,partner,0,0,wallet,2024-07-21,59,20,Pets,invalid quantity
S000749502,2025-10-20,C023099,Neda,Jafari,neda.jafari23099@example.com,09363671237,Mashhad,2022-07-02,P00450,Smart Headphones 450,office,72.78,172.51,B004,Bazaar Branch 4,Rasht,partner,-5,5,card,2023-10-17,190,75,Office,invalid quantity
S000749622,2025-09-23,C017288,Mina,Hosseini,mina.hosseini17288@example.com,09684188933,Isfahan,2023-06-28,P00142,Nova Headphones 142,home appliances,364.26,863.13,B038,East Branch 38,Tehran,mobile,0,10,cash,2024-03-20,64,40,Home Appliances,invalid quantity
S000750859,2023-12-24,C009381,Yasin,Mohammadi,yasin.mohammadi9381@example.com,09425699604,Shiraz,2024-02-28,P00314,Classic Puzzle 314,jewelry,375.06,447.37,B032,Central Branch 32,Shiraz,partner,0,25,cash,2025-07-16,83,50,Jewelry,invalid quantity
S000752096,2025-09-02,C000795,Neda,Hosseini,neda.hosseini795@example.com,09207873599,Tehran,2024-03-21,P00383,Basic Ball 383,books,246.85,639.81,B032,Central Branch 32,Shiraz,partner,0,10,wallet,2024-11-15,3,10,Books,invalid quantity
S000752705,2025-11-03,C034239,Omid,Jafari,omid.jafari34239@example.com,09733396230,Shiraz,2023-11-01,P00131,Pro Shirt 131,garden,34.95,77.2,B004,Bazaar Branch 4,Rasht,partner,-1,0,card,2023-11-08,144,40,Garden,invalid quantity
S000753333,2025-10-10,C045112,Ali,Rahimi,ali.rahimi45112@example.com,09619779267,Tehran,2023-02-12,P00113,Mini Coffee 113,health,187.79,369.98,B026,Central Branch 26,Mashhad,partner,0,5,card,2025-01-31,170,75,Health,invalid quantity
S000754570,2024-12-03,C002200,Omid,Ahmadi,omid.ahmadi2200@example.com,09110284954,Qom,2020-12-21,P00115,Prime Desk 115,music,25.03,62.93,B006,North Branch 6,Tehran,online,0,10,wallet,2024-03-10,484,75,Music,invalid quantity
S000755807,2023-01-29,C038682,Leila,Moradi,leila.moradi38682@example.com,09695785474,Mashhad,2022-03-08,P00114,Prime Shirt 114,jewelry,308.99,847.84,B021,Airport Branch 21,Tehran,online,0,25,online,2024-09-07,163,75,Jewelry,invalid quantity
S000755908,2024-02-14,C022498,Amir,Salehi,amir.salehi22498@example.com,09148511887,Shiraz,2022-07-07,P00026,Pro Ball 26,toys,354.05,925.27,B012,South Branch 12,Mashhad,online,-5,15,wallet,2024-01-01,39,100,Toys,invalid quantity
S000757044,2024-09-21,C018862,Arman,Salehi,arman.salehi18862@example.com,09626293192,Tabriz,2021-09-11,P00177,Eco Shirt 177,baby,121.13,229.27,B017,Express Branch 17,Tehran,online,0,20,cash,2025-08-25,331,40,Baby,invalid quantity
S000758281,2024-12-06,C017786,Leila,Mohammadi,leila.mohammadi17786@example.com,09679314252,Rasht,2021-03-24,P00308,Plus Mixer 308,shoes,387.27,448.11,B025,Bazaar Branch 25,Tehran,mobile,0,25,card,2023-12-29,253,50,Shoes,invalid quantity
S000759111,2023-04-18,C026624,Maryam,Jafari,maryam.jafari26624@example.com,09568827791,Shiraz,2020-12-24,P00350,Plus Notebook 350,office,165.98,197.33,B023,Bazaar Branch 23,Rasht,mobile,-1,0,card,2025-07-14,23,50,Office,invalid quantity
S000759518,2024-03-25,C039520,Yasin,Jafari,yasin.jafari39520@example.com,09838697770,Tehran,2022-09-10,P00381,Nova Puzzle 381,electronics,163.77,238.64,B008,West Branch 8,Isfahan,store,0,15,online,2025-07-13,181,50,Electronics,invalid quantity
S000760755,2023-05-10,C004278,Yasin,Rahimi,yasin.rahimi4278@example.com,09523926776,Shiraz,2020-01-09,P00017,Classic Puzzle 17,baby,318.55,672.98,B028,Express Branch 28,Isfahan,partner,0,15,cash,2025-01-05,364,50,Baby,invalid quantity
S000761992,2025-07-22,C008671,Hana,Akbari,hana.akbari8671@example.com,09509338013,Isfahan,2023-04-11,P00011,Prime Ball 11,garden,73.98,195.05,B033,South Branch 33,Isfahan,online,0,0,card,2024-05-09,56,10,Garden,invalid quantity
S000762314,2025-08-28,C013357,Neda,Jafari,neda.jafari13357@example.com,09613976621,Isfahan,2022-03-06,P00041,Prime Puzzle 41,electronics,176.45,458.88,B002,Mall Branch 2,Karaj,partner,-4,0,online,2023-01-20,276,75,Electronics,invalid quantity
S000763229,2024-09-30,C035618,Maryam,Hosseini,maryam.hosseini35618@example.com,09241425083,Tehran,2024-10-18,P00213,Basic Sneakers 213,health,312.76,515.89,B001,Central Branch 1,Rasht,online,0,10,wallet,2023-03-22,219,50,Health,invalid quantity
S000764466,2025-06-15,C024346,Hana,Ahmadi,hana.ahmadi24346@example.com,09386612038,Mashhad,2024-12-08,P00325,Pro Sneakers 325,sports,168.9,456.16,B002,Mall Branch 2,Karaj,partner,0,25,online,2024-03-22,107,20,Sports,invalid quantity
S000765517,2025-07-13,C000745,Leila,Akbari,leila.akbari745@example.com,09642709938,Qom,2022-10-10,P00413,Plus Shirt 413,health,344.24,526.41,B039,Mall Branch 39,Shiraz,online,-1,10,card,2023-11-20,191,30,Health,invalid quantity
S000765703,2025-12-30,C005937,Reza,Jafari,reza.jafari5937@example.com,09586472900,Tehran,2022-09-11,P00112,Basic Puzzle 112,automotive,340.55,706.63,B019,Bazaar Branch 19,Shiraz,mobile,0,10,online,2025-11-21,185,50,Automotive,invalid quantity
S000766940,2024-10-16,C024833,Neda,Salehi,neda.salehi24833@example.com,09409536198,Tabriz,2020-03-26,P00053,Max Ball 53,health,288.74,434.09,B008,West Branch 8,Isfahan,store,0,0,cash,2024-09-11,346,10,Health,invalid quantity
S000768177,2025-03-20,C040800,Ali,Salehi,ali.salehi40800@example.com,09870771521,Shiraz,2023-12-07,P00280,Classic Cream 280,furniture,161.54,357.81,B035,Mall Branch 35,Isfahan,mobile,0,5,online,2024-12-25,272,10,Furniture,invalid quantity
S000768720,2023-03-29,C011329,Neda,Rostami,neda.rostami11329@example.com,09364710120,Karaj,2022-03-14,P00462,Basic Sneakers 462,home appliances,8.73,11.05,B035,Mall Branch 35,Isfahan,mobile,-1,0,online,2023-01-22,64,50,Home Appliances,invalid quantity
S000769414,2023-07-02,C037958,Leila,Hosseini,leila.hosseini37958@example.com,09935690221,Rasht,2023-02-15,P00348,Basic Mixer 348,shoes,134.84,361.1,B012,South Branch 12,Mashhad,online,0,0,card,2024-12-25,417,75,Shoes,invalid quantity
S000770651,2025-07-05,C035277,Maryam,Mohammadi,maryam.mohammadi35277@example.com,09702145760,Shiraz,2021-08-06,P00015,Pro Shirt 15,music,56.2,147.54,B005,South Branch 5,Tehran,online,0,20,online,2024-07-18,52,40,Music,invalid quantity
S000771888,2025-11-11,C017744,Sara,Rostami,sara.rostami17744@example.com,09458170146,Tabriz,2021-06-12,P00445,Nova Desk 445,sports,306.96,389.09,B001,Central Branch 1,Rasht,online,0,25,online,2025-01-12,258,75,Sports,invalid quantity
S000771923,2024-04-25,C019853,Reza,Mohammadi,reza.mohammadi19853@example.com,09991057860,Tehran,2024-03-14,P00104,Mini Desk 104,beauty,185.86,431.35,B001,Central Branch 1,Rasht,online,-2,0,online,2024-06-15,236,40,Beauty,invalid quantity
S000773125,2023-08-18,C017706,Omid,Mohammadi,omid.mohammadi17706@example.com,09554961617,Rasht,2024-03-03,P00031,Mini Coffee 31,garden,22.73,26.89,B001,Central Branch 1,Rasht,online,0,0,cash,2023-11-02,39,10,Garden,invalid quantity
S000774362,2024-08-01,C013613,Neda,Hosseini,neda.hosseini13613@example.com,09787825883,Tabriz,2024-08-25,P00006,Nova Puzzle 6,toys,236.33,478.89,B034,Express Branch 34,Isfahan,partner,0,25,cash,2024-04-04,289,10,Toys,invalid quantity
S000775126,2024-08-27,C049653,Arman,Mohammadi,arman.mohammadi49653@example.com,09318832538,Shiraz,2023-12-12,P00335,Prime Shirt 335,music,134.04,309.67,B040,Outlet Branch 40,Tehran,online,-4,20,wallet,2024-03-25,147,20,Music,invalid quantity
S000775599,2025-03-20,C022181,Sara,Rahimi,sara.rahimi22181@example.com,09873572262,Rasht,2021-05-08,P00404,Mini Notebook 404,beauty,396.01,526.46,B025,Bazaar Branch 25,Tehran,mobile,0,25,online,2023-06-18,378,10,Beauty,invalid quantity
S000776836,2025-06-22,C008121,Neda,Mohammadi,neda.mohammadi8121@example.com,09122893809,Isfahan,2024-01-05,P00365,Basic Shirt 365,sports,259.92,432.66,B037,Bazaar Branch 37,Tehran,online,0,10,card,2025-08-24,403,40,Sports,invalid quantity
S000778073,2025-04-11,C047394,Yasin,Hosseini,yasin.hosseini47394@example.com,09864267492,Tehran,2024-08-31,P00249,Max Sneakers 249,grocery,309.04,808.45,B007,Central Branch 7,Qom,partner,0,0,card,2025-04-22,39,10,Grocery,invalid quantity
S000778329,2025-01-10,C027264,Omid,Rahimi,omid.rahimi27264@example.com,09406362962,Shiraz,2020-05-20,P00431,Smart Coffee 431,garden,220.23,444.28,B036,Express Branch 36,Tehran,store,-2,5,wallet,2023-05-18,150,30,Garden,invalid quantity
S000779310,2024-08-12,C040865,Hana,Jafari,hana.jafari40865@example.com,09238883248,Qom,2024-02-10,P00292,Eco Notebook 292,automotive,98.79,275.22,B036,Express Branch 36,Tehran,store,0,25,card,2025-07-11,65,40,Automotive,invalid quantity
S000780547,2024-01-22,C014013,Yasin,Rahimi,yasin.rahimi14013@example.com,09742131001,Tehran,2022-09-06,P00482,Classic Coffee 482,home appliances,63.22,175.51,B008,West Branch 8,Isfahan,store,0,0,online,2024-11-23,53,100,Home Appliances,invalid quantity
S000781532,2023-02-02,C042818,Amir,Ahmadi,amir.ahmadi42818@example.com,09865236289,Qom,2023-11-14,P00462,Basic Sneakers 462,home appliances,8.73,11.05,B036,Express Branch 36,Tehran,store,-1,5,card,2025-06-05,302,75,Home Appliances,invalid quantity
S000781784,2023-12-16,C037701,Arman,Ahmadi,arman.ahmadi37701@example.com,09444030420,Rasht,2021-12-26,P00291,Eco Puzzle 291,garden,38.57,102.84,B038,East Branch 38,Tehran,mobile,0,25,online,2025-12-29,122,40,Garden,invalid quantity
S000783021,2025-12-19,C031067,Maryam,Rahimi,maryam.rahimi31067@example.com,09720859331,Shiraz,2020-08-25,P00407,Classic Cream 407,clothing,191.59,535.51,B019,Bazaar Branch 19,Shiraz,mobile,0,10,cash,2024-03-27,175,100,Clothing,invalid quantity
S000784258,2024-12-03,C014016,Arman,Moradi,arman.moradi14016@example.com,09480231563,Tehran,2023-09-09,P00171,Classic Ball 171,garden,303.57,643.09,B009,South Branch 9,Isfahan,store,0,0,card,2023-07-16,29,75,Garden,invalid quantity
S000784735,2025-12-08,C049713,Mina,Karimi,mina.karimi49713@example.com,09407445440,Tehran,2023-10-09,P00332,Nova Notebook 332,automotive,391.91,849.23,B022,Outlet Branch 22,Rasht,mobile,-3,10,card,2025-11-14,478,100,Automotive,invalid quantity
S000785495,2025-12-19,C044652,Ali,Karimi,ali.karimi44652@example.com,09394870071,Mashhad,2021-08-08,P00471,Max Puzzle 471,garden,150.94,415.48,B038,East Branch 38,Tehran,mobile,0,10,online,2023-02-28,98,50,Garden,invalid quantity
S000786732,2025-09-12,C031264,Reza,Moradi,reza.moradi31264@example.com,09937932050,Tehran,2020-03-13,P00379,Mini Ball 379,gaming,125.96,236.03,B009,South Branch 9,Isfahan,store,0,0,card,2024-01-29,488,20,Gaming,invalid quantity
S000787938,2023-01-19,C023324,Yasin,Jafari,yasin.jafari23324@example.com,09918983930,Isfahan,2020-02-22,P00316,Basic Shirt 316,pets,202.33,497.7,B007,Central Branch 7,Qom,partner,-4,5,wallet,2025-08-29,236,50,Pets,invalid quantity
S000787969,2025-07-07,C034327,Arman,Karimi,arman.karimi34327@example.com,09475660659,Tehran,2020-03-14,P00356,Basic Desk 356,pets,157.9,309.83,B038,East Branch 38,Tehran,mobile,0,0,cash,2024-04-13,124,75,Pets,invalid quantity
S000789206,2024-09-09,C035700,Sara,Mohammadi,sara.mohammadi35700@example.com,09972790415,Shiraz,2023-08-22,P00129,Max Sneakers 129,grocery,52.81,102.47,B015,Outlet Branch 15,Isfahan,partner,0,0,cash,2024-07-07,496,30,Grocery,invalid quantity
S000790443,2023-11-28,C034548,Ali,Moradi,ali.moradi34548@example.com,09596220126,Tehran,2020-04-01,P00352,Nova Desk 352,automotive,256.47,527.87,B011,Central Branch 11,Tehran,partner,0,10,online,2023-11-30,294,20,Automotive,invalid quantity
S000791141,2025-03-15,C018840,Arman,Jafari,arman.jafari18840@example.com,09415066967,Rasht,2024-05-06,P00335,Prime Shirt 335,music,134.04,309.67,B006,North Branch 6,Tehran,online,-1,0,cash,2023-12-05,435,30,Music,invalid quantity
S000791680,2025-09-07,C026951,Arman,Moradi,arman.moradi26951@example.com,09471498250,Rasht,2020-06-16,P00390,Eco Cream 390,office,145.86,323.51,B004,Bazaar Branch 4,Rasht,partner,0,0,online,2024-08-07,300,30,Office,invalid quantity
S000792917,2025-05-23,C046763,Mina,Rostami,mina.rostami46763@example.com,09514467471,Shiraz,2023-04-10,P00159,Max Notebook 159,gaming,385.34,468.39,B036,Express Branch 36,Tehran,store,0,15,online,2025-11-06,303,50,Gaming,invalid quantity
S000794154,2023-10-09,C020861,Hana,Ahmadi,hana.ahmadi20861@example.com,09766666111,Tehran,2022-10-15,P00155,Plus Cream 155,music,252.23,303.31,B029,North Branch 29,Tehran,mobile,0,15,online,2025-11-21,217,40,Music,invalid quantity
S000794344,2025-05-12,C021437,Sara,Rostami,sara.rostami21437@example.com,09397299946,Isfahan,2021-10-15,P00441,Basic Desk 441,electronics,185.32,482.87,B010,Central Branch 10,Rasht,mobile,-5,15,cash,2024-05-27,435,10,Electronics,invalid quantity
S000795391,2023-01-22,C019064,Ali,Ahmadi,ali.ahmadi19064@example.com,09200437114,Tehran,2024-09-30,P00380,Pro Notebook 380,furniture,132.42,291.35,B022,Outlet Branch 22,Rasht,mobile,0,0,online,2023-07-08,256,40,Furniture,invalid quantity
S000796628,2024-12-20,C037023,Arman,Mohammadi,arman.mohammadi37023@example.com,09667242652,Isfahan,2022-03-02,P00047,Eco Desk 47,clothing,96.95,241.24,B036,Express Branch 36,Tehran,store,0,0,wallet,2023-08-01,76,40,Clothing,invalid quantity
S000797547,2024-11-01,C004594,Arman,Mohammadi,arman.mohammadi4594@example.com,09336771632,Qom,2021-07-27,P00124,Plus Coffee 124,beauty,200.91,367.89,B024,Outlet Branch 24,Tehran,store,-5,0,card,2025-04-01,94,20,Beauty,invalid quantity
S000797865,2024-12-19,C000312,Hana,Rahimi,hana.rahimi312@example.com,09957397689,Tehran,2020-08-13,P00090,Basic Shirt 90,office,18.52,40.15,B009,South Branch 9,Isfahan,store,0,0,wallet,2024-09-28,424,50,Office,invalid quantity
S000799102,2025-06-12,C038467,Neda,Hosseini,neda.hosseini38467@example.com,09123073020,Tehran,2024-03-31,P00217,Max Sneakers 217,baby,105.85,160.48,B021,Airport Branch 21,Tehran,online,0,10,online,2024-11-01,433,40,Baby,invalid quantity
S000800339,2024-04-17,C032348,Maryam,Jafari,maryam.jafari32348@example.com,09342931660,Rasht,2021-03-18,P00423,Basic Coffee 423,books,277.51,435.42,B019,Bazaar Branch 19,Shiraz,mobile,0,10,online,2024-07-03,438,100,Books,invalid quantity
S000800750,2024-05-03,C017614,Omid,Hosseini,omid.hosseini17614@example.com,09565332917,Isfahan,2021-11-23,P00492,Eco Sneakers 492,automotive,247.47,496.34,B021,Airport Branch 21,Tehran,online,-3,0,card,2024-04-15,377,75,Automotive,invalid quantity
S000801576,2024-08-22,C048703,Yasin,Karimi,yasin.karimi48703@example.com,09670608896,Isfahan,2020-10-23,P00426,Basic Mixer 426,toys,288.91,561.11,B040,Outlet Branch 40,Tehran,online,0,0,wallet,2023-01-30,444,50,Toys,invalid quantity
S000802813,2024-01-01,C040106,Arman,Akbari,arman.akbari40106@example.com,09123234138,Mashhad,2021-03-26,P00405,Prime Coffee 405,sports,382.05,772.23,B028,Express Branch 28,Isfahan,partner,0,25,card,2023-11-14,233,30,Sports,invalid quantity
S000803953,2025-08-25,C036639,Hana,Akbari,hana.akbari36639@example.com,09417829363,Mashhad,2021-12-12,P00490,Classic Sneakers 490,office,201.05,322.63,B006,North Branch 6,Tehran,online,-3,15,online,2025-07-08,98,30,Office,invalid quantity
S000804050,2023-02-11,C000569,Maryam,Moradi,maryam.moradi569@example.com,09288436227,Karaj,2024-10-19,P00274,Nova Coffee 274,jewelry,171.31,215.79,B002,Mall Branch 2,Karaj,partner,0,20,online,2024-12-20,445,50,Jewelry,invalid quantity
S000805287,2025-12-01,C038065,Leila,Jafari,leila.jafari38065@example.com,09504917194,Tehran,2024-04-04,P00069,Eco Ball 69,grocery,41.97,62.04,B021,Airport Branch 21,Tehran,online,0,10,wallet,2025-08-30,243,30,Grocery,invalid quantity
S000806524,2025-06-18,C047640,Hana,Mohammadi,hana.mohammadi47640@example.com,09404146457,Tehran,2020-06-01,P00047,Eco Desk 47,clothing,96.95,241.24,B011,Central Branch 11,Tehran,partner,0,25,card,2024-08-11,393,10,Clothing,invalid quantity
S000807156,2024-11-11,C042860,Ali,Rahimi,ali.rahimi42860@example.com,09712308154,Tehran,2023-08-13,P00459,Classic Sneakers 459,gaming,36.87,67.96,B019,Bazaar Branch 19,Shiraz,mobile,-4,0,card,2024-05-16,213,40,Gaming,invalid quantity
S000807761,2023-07-11,C013547,Mina,Moradi,mina.moradi13547@example.com,09773149346,Isfahan,2020-10-14,P00138,Classic Ball 138,travel,388.44,982.53,B014,Bazaar Branch 14,Shiraz,mobile,0,0,cash,2023-09-06,317,50,Travel,invalid quantity
S000808998,2024-07-28,C011731,Leila,Salehi,leila.salehi11731@example.com,09868916314,Tehran,2024-01-04,P00406,Nova Headphones 406,toys,307.89,791.41,B011,Central Branch 11,Tehran,partner,0,15,online,2025-05-20,211,20,Toys,invalid quantity
S000810235,2025-10-31,C021233,Omid,Jafari,omid.jafari21233@example.com,09365922120,Mashhad,2022-03-07,P00419,Prime Cream 419,gaming,154.82,206.51,B022,Outlet Branch 22,Rasht,mobile,0,25,card,2024-03-08,359,100,Gaming,invalid quantity
S000810359,2025-03-15,C014081,Neda,Ahmadi,neda.ahmadi14081@example.com,09368437858,Shiraz,2020-06-17,P00324,Pro Ball 324,beauty,265.69,392.33,B013,Outlet Branch 13,Mashhad,mobile,-3,15,card,2025-06-28,463,50,Beauty,invalid quantity
S000811472,2025-04-15,C032805,Leila,Rahimi,leila.rahimi32805@example.com,09928445164,Shiraz,2023-09-23,P00413,Plus Shirt 413,health,344.24,526.41,B003,Bazaar Branch 3,Karaj,online,0,0,card,2025-11-10,390,100,Health,invalid quantity
S000812709,2025-12-02,C031025,Reza,Jafari,reza.jafari31025@example.com,09371241187,Isfahan,2022-02-13,P00361,Classic Sneakers 361,electronics,273.95,375.35,B014,Bazaar Branch 14,Shiraz,mobile,0,10,online,2023-04-15,450,100,Electronics,invalid quantity
S000813562,2023-04-12,C016179,Hana,Hosseini,hana.hosseini16179@example.com,09100129164,Tehran,2020-02-10,P00476,Plus Puzzle 476,pets,358.21,718.34,B028,Express Branch 28,Isfahan,partner,-1,20,online,2023-06-18,142,10,Pets,invalid quantity
S000813946,2025-10-27,C003782,Ali,Akbari,ali.akbari3782@example.com,09923334686,Shiraz,2024-04-22,P00123,Pro Mixer 123,books,125.88,338.14,B008,West Branch 8,Isfahan,store,0,0,card,2025-09-25,139,75,Books,invalid quantity
S000815183,2024-08-02,C029544,Reza,Hosseini,reza.hosseini29544@example.com,09421174568,Shiraz,2020-05-04,P00348,Basic Mixer 348,shoes,134.84,361.1,B007,Central Branch 7,Qom,partner,0,10,card,2025-02-01,56,50,Shoes,invalid quantity
S000816420,2024-06-28,C039085,Maryam,Ahmadi,maryam.ahmadi39085@example.com,09257740792,Tehran,2021-10-02,P00171,Classic Ball 171,garden,303.57,643.09,B007,Central Branch 7,Qom,partner,0,25,online,2023-06-24,464,50,Garden,invalid quantity
S000816765,2023-07-02,C037219,Amir,Rostami,amir.rostami37219@example.com,09176844638,Rasht,2020-04-20,P00435,Plus Mixer 435,music,312.34,794.47,B013,Outlet Branch 13,Mashhad,mobile,-3,15,wallet,2024-12-28,315,100,Music,invalid quantity
S000817657,2025-07-17,C035166,Neda,Moradi,neda.moradi35166@example.com,09901280716,Tehran,2021-03-31,P00071,Classic Sneakers 71,garden,280.34,477.06,B002,Mall Branch 2,Karaj,partner,0,0,cash,2023-12-11,361,75,Garden,invalid quantity
S000818894,2025-09-03,C013427,Hana,Karimi,hana.karimi13427@example.com,09496952528,Tabriz,2021-02-05,P00433,Prime Notebook 433,health,187.76,358.31,B025,Bazaar Branch 25,Tehran,mobile,0,10,cash,2025-06-30,262,30,Health,invalid quantity
S000819968,2024-10-09,C010405,Yasin,Rahimi,yasin.rahimi10405@example.com,09883577361,Qom,2023-01-01,P00466,Classic Mixer 466,toys,194.76,453.54,B036,Express Branch 36,Tehran,store,-4,20,card,2024-04-26,140,100,Toys,invalid quantity
S000820131,2024-09-28,C027335,Sara,Ahmadi,sara.ahmadi27335@example.com,09322505278,Isfahan,2023-07-12,P00062,Prime Sneakers 62,home appliances,358.63,458.16,B016,North Branch 16,Rasht,online,0,10,online,2025-12-02,14,75,Home Appliances,invalid quantity
S000821368,2023-03-13,C019304,Reza,Ahmadi,reza.ahmadi19304@example.com,09765237337,Isfahan,2023-06-13,P00053,Max Ball 53,health,288.74,434.09,B036,Express Branch 36,Tehran,store,0,20,online,2025-11-03,124,20,Health,invalid quantity
S000822605,2024-09-21,C004470,Ali,Rahimi,ali.rahimi4470@example.com,09771709698,Rasht,2021-06-13,P00048,Eco Mixer 48,shoes,350.81,713.98,B007,Central Branch 7,Qom,partner,0,10,card,2025-11-10,1,50,Shoes,invalid quantity
S000823171,2024-12-09,C049094,Neda,Ahmadi,neda.ahmadi49094@example.com,09188364785,Tehran,2023-01-03,P00067,Basic Cream 67,clothing,154.08,200.69,B030,Airport Branch 30,Mashhad,mobile,-1,5,online,2024-10-05,463,30,Clothing,invalid quantity
S000823842,2023-08-13,C020051,Amir,Rostami,amir.rostami20051@example.com,09976842049,Tehran,2023-10-25,P00488,Basic Shirt 488,shoes,28.99,52.72,B036,Express Branch 36,Tehran,store,0,15,wallet,2025-12-04,106,40,Shoes,invalid quantity
S000825079,2025-11-01,C003040,Sara,Salehi,sara.salehi3040@example.com,09605709532,Shiraz,2023-08-30,P00481,Pro Desk 481,electronics,333.13,838.02,B038,East Branch 38,Tehran,mobile,0,20,cash,2023-11-11,472,50,Electronics,invalid quantity
S000826316,2024-12-27,C010273,Amir,Hosseini,amir.hosseini10273@example.com,09457655625,Shiraz,2022-04-11,P00290,Nova Mixer 290,office,160.58,216.38,B034,Express Branch 34,Isfahan,partner,0,10,online,2023-12-19,165,40,Office,invalid quantity
S000826374,2024-11-25,C016626,Neda,Rahimi,neda.rahimi16626@example.com,09406507559,Mashhad,2022-08-17,P00405,Prime Coffee 405,sports,382.05,772.23,B039,Mall Branch 39,Shiraz,online,-5,15,wallet,2024-05-04,269,10,Sports,invalid quantity
S000827553,2024-10-11,C024753,Amir,Rostami,amir.rostami24753@example.com,09702386337,Isfahan,2020-11-28,P00398,Plus Cream 398,travel,94.68,206.26,B018,North Branch 18,Tabriz,partner,0,20,wallet,2025-01-18,206,100,Travel,invalid quantity
S000828790,2025-09-12,C018789,Reza,Salehi,reza.salehi18789@example.com,09569573358,Shiraz,2021-12-30,P00284,Prime Coffee 284,beauty,21.3,39.57,B015,Outlet Branch 15,Isfahan,partner,0,15,online,2024-07-25,426,10,Beauty,invalid quantity
S000829577,2023-08-10,C034274,Leila,Hosseini,leila.hosseini34274@example.com,09605996871,Karaj,2020-12-16,P00356,Basic Desk 356,pets,157.9,309.83,B032,Central Branch 32,Shiraz,partner,-5,0,wallet,2025-08-09,158,100,Pets,invalid quantity
S000830027,2023-08-07,C040917,Leila,Hosseini,leila.hosseini40917@example.com,09826399204,Isfahan,2023-08-26,P00196,Basic Sneakers 196,pets,123.58,287.37,B025,Bazaar Branch 25,Tehran,mobile,0,20,card,2025-02-04,297,10,Pets,invalid quantity
S000831264,2024-07-09,C031530,Sara,Salehi,sara.salehi31530@example.com,09266062589,Rasht,2024-03-23,P00198,Smart Puzzle 198,travel,345.04,899.9,B011,Central Branch 11,Tehran,partner,0,25,online,2025-03-05,68,20,Travel,invalid quantity
S000832501,2024-08-13,C014152,Maryam,Mohammadi,maryam.mohammadi14152@example.com,09271872864,Tehran,2023-03-25,P00034,Basic Coffee 34,jewelry,219.46,377.08,B023,Bazaar Branch 23,Rasht,mobile,0,25,card,2024-11-02,260,20,Jewelry,invalid quantity
S000832780,2023-11-05,C038941,Amir,Salehi,amir.salehi38941@example.com,09349362859,Tehran,2023-10-04,P00162,Nova Coffee 162,home appliances,208.87,309.83,B010,Central Branch 10,Rasht,mobile,-2,0,card,2025-09-05,38,20,Home Appliances,invalid quantity
S000833738,2024-05-13,C008760,Reza,Mohammadi,reza.mohammadi8760@example.com,09424792667,Isfahan,2020-01-17,P00249,Max Sneakers 249,grocery,309.04,808.45,B018,North Branch 18,Tabriz,partner,0,25,cash,2023-12-13,161,10,Grocery,invalid quantity
S000834975,2023-07-11,C044194,Omid,Mohammadi,omid.mohammadi44194@example.com,09354271445,Shiraz,2023-10-06,P00202,Eco Ball 202,home appliances,190.62,431.24,B006,North Branch 6,Tehran,online,0,25,online,2024-01-24,418,10,Home Appliances,invalid quantity
S000835983,2023-05-01,C024593,Mina,Rostami,mina.rostami24593@example.com,09593157004,Karaj,2023-02-08,P00097,Eco Desk 97,baby,35.63,77.14,B025,Bazaar Branch 25,Tehran,mobile,-4,5,online,2024-08-04,125,100,Baby,invalid quantity
S000836212,2025-10-31,C048395,Maryam,Rostami,maryam.rostami48395@example.com,09190752351,Tehran,2020-04-24,P00103,Nova Ball 103,books,327.2,674.75,B005,South Branch 5,Tehran,online,0,20,card,2024-12-09,339,50,Books,invalid quantity
S000837449,2025-08-29,C015678,Amir,Akbari,amir.akbari15678@example.com,09684407227,Tehran,2020-06-22,P00288,Smart Puzzle 288,shoes,19.17,22.84,B030,Airport Branch 30,Mashhad,mobile,0,0,card,2025-12-06,458,10,Shoes,invalid quantity
S000838686,2023-10-18,C030738,Yasin,Ahmadi,yasin.ahmadi30738@example.com,09304241336,Rasht,2023-12-04,P00386,Basic Desk 386,toys,359.72,470.14,B024,Outlet Branch 24,Tehran,store,0,5,card,2025-04-25,125,30,Toys,invalid quantity
S000839186,2025-10-04,C006348,Arman,Rostami,arman.rostami6348@example.com,09584192935,Karaj,2021-01-18,P00153,Plus Puzzle 153,health,369.08,590.34,B038,East Branch 38,Tehran,mobile,-3,20,online,2025-01-12,347,100,Health,invalid quantity
S000839923,2023-12-24,C001294,Reza,Akbari,reza.akbari1294@example.com,09673359435,Rasht,2021-08-10,P00271,Prime Ball 271,garden,136.82,320.74,B034,Express Branch 34,Isfahan,partner,0,20,card,2024-12-21,446,30,Garden,invalid quantity
S000841160,2023-12-27,C040831,Yasin,Mohammadi,yasin.mohammadi40831@example.com,09121473118,Tehran,2023-01-23,P00390,Eco Cream 390,office,145.86,323.51,B019,Bazaar Branch 19,Shiraz,mobile,0,10,online,2023-07-16,465,30,Office,invalid quantity
S000842389,2023-03-23,C015588,Yasin,Salehi,yasin.salehi15588@example.com,09112061433,Tehran,2021-10-07,P00283,Classic Headphones 283,books,187.97,239.09,B012,South Branch 12,Mashhad,online,-4,0,card,2023-05-09,344,30,Books,invalid quantity
S000842397,2024-08-06,C014298,Yasin,Rahimi,yasin.rahimi14298@example.com,09272290479,Tabriz,2020-05-30,P00107,Smart Coffee 107,clothing,286.7,387.25,B029,North Branch 29,Tehran,mobile,0,20,online,2025-09-22,58,100,Clothing,invalid quantity
S000843634,2023-06-14,C001534,Neda,Salehi,neda.salehi1534@example.com,09545207819,Isfahan,2020-04-03,P00399,Smart Ball 399,gaming,139.74,282.62,B023,Bazaar Branch 23,Rasht,mobile,0,0,wallet,2024-06-29,3,10,Gaming,invalid quantity
S000844871,2025-10-10,C046511,Sara,Rostami,sara.rostami46511@example.com,09769786112,Qom,2023-08-15,P00289,Classic Ball 289,grocery,184.22,500.0,B022,Outlet Branch 22,Rasht,mobile,0,0,online,2023-09-08,67,100,Grocery,invalid quantity
S000845592,2023-05-10,C003592,Reza,Moradi,reza.moradi3592@example.com,09652691461,Tehran,2024-07-07,P00464,Classic Coffee 464,beauty,251.12,453.84,B029,North Branch 29,Tehran,mobile,-3,0,wallet,2023-03-23,325,40,Beauty,invalid quantity
S000846108,2024-12-11,C047457,Hana,Salehi,hana.salehi47457@example.com,09618391958,Mashhad,2021-05-12,P00186,Classic Headphones 186,toys,163.2,421.84,B016,North Branch 16,Rasht,online,0,25,online,2023-08-18,152,100,Toys,invalid quantity
S000847345,2023-08-25,C023808,Arman,Rostami,arman.rostami23808@example.com,09396392938,Tehran,2024-01-30,P00140,Prime Sneakers 140,furniture,245.7,525.65,B007,Central Branch 7,Qom,partner,0,0,wallet,2024-07-13,271,30,Furniture,invalid quantity
S000848582,2023-04-10,C005071,Sara,Rostami,sara.rostami5071@example.com,09668158268,Qom,2023-09-14,P00350,Plus Notebook 350,office,165.98,197.33,B007,Central Branch 7,Qom,partner,0,15,online,2025-03-25,473,10,Office,invalid quantity
S000848795,2023-06-27,C027885,Sara,Mohammadi,sara.mohammadi27885@example.com,09250495405,Rasht,2024-01-31,P00500,Nova Headphones 500,furniture,126.81,193.21,B022,Outlet Branch 22,Rasht,mobile,-1,10,online,2025-01-03,64,75,Furniture,invalid quantity
S000849819,2024-03-23,C026395,Leila,Salehi,leila.salehi26395@example.com,09299490212,Shiraz,2020-05-18,P00112,Basic Puzzle 112,automotive,340.55,706.63,B009,South Branch 9,Isfahan,store,0,0,card,2023-06-21,130,30,Automotive,invalid quantity
S000851056,2023-04-06,C027507,Leila,Rostami,leila.rostami27507@example.com,09265882154,Shiraz,2020-02-29,P00223,Eco Puzzle 223,books,330.33,632.39,B028,Express Branch 28,Isfahan,partner,0,10,wallet,2025-12-17,67,75,Books,invalid quantity
S000851998,2025-03-19,C032134,Leila,Akbari,leila.akbari32134@example.com,09375797460,Rasht,2024-04-18,P00251,Eco Shirt 251,garden,386.68,910.55,B036,Express Branch 36,Tehran,store,-5,0,card,2023-11-29,312,30,Garden,invalid quantity
S000852293,2023-04-03,C021793,Yasin,Rahimi,yasin.rahimi21793@example.com,09280197974,Shiraz,2020-09-01,P00230,Eco Puzzle 230,office,255.77,608.45,B032,Central Branch 32,Shiraz,partner,0,25,card,2025-05-21,427,100,Office,invalid quantity
S000853530,2025-03-10,C021262,Arman,Karimi,arman.karimi21262@example.com,09696884756,Mashhad,2023-12-20,P00242,Plus Puzzle 242,home appliances,233.24,393.81,B018,North Branch 18,Tabriz,partner,0,0,cash,2025-08-09,482,40,Home Appliances,invalid quantity
S000854767,2023-06-10,C005253,Mina,Salehi,mina.salehi5253@example.com,09408099181,Shiraz,2021-07-09,P00235,Max Coffee 235,music,226.41,613.19,B038,East Branch 38,Tehran,mobile,0,10,online,2025-02-15,406,100,Music,invalid quantity
S000855201,2025-06-09,C039208,Neda,Akbari,neda.akbari39208@example.com,09677762795,Isfahan,2024-04-03,P00070,Classic Sneakers 70,office,333.81,640.16,B040,Outlet Branch 40,Tehran,online,-1,20,card,2024-12-17,472,50,Office,invalid quantity
S000856004,2024-11-11,C009901,Leila,Ahmadi,leila.ahmadi9901@example.com,09725787019,Tehran,2020-10-13,P00264,Pro Desk 264,beauty,281.41,612.86,B008,West Branch 8,Isfahan,store,0,0,card,2025-11-11,162,40,Beauty,invalid quantity
S000857241,2024-03-08,C001148,Leila,Hosseini,leila.hosseini1148@example.com,09674274037,Tehran,2023-08-06,P00145,Prime Headphones 145,sports,196.35,266.58,B022,Outlet Branch 22,Rasht,mobile,0,20,online,2023-03-22,80,75,Sports,invalid quantity
S000858404,2024-05-29,C010132,Yasin,Karimi,yasin.karimi10132@example.com,09751993721,Shiraz,2021-02-01,P00384,Prime Desk 384,beauty,221.06,363.12,B011,Central Branch 11,Tehran,partner,-4,25,online,2025-06-11,96,40,Beauty,invalid quantity
S000858478,2025-10-05,C046159,Neda,Jafari,neda.jafari46159@example.com,09284236561,Isfahan,2024-07-16,P00181,Nova Puzzle 181,electronics,388.81,795.0,B033,South Branch 33,Isfahan,online,0,0,online,2025-01-03,391,50,Electronics,invalid quantity
S000859715,2025-09-19,C018132,Maryam,Ahmadi,maryam.ahmadi18132@example.com,09776209774,Tehran,2023-06-15,P00124,Plus Coffee 124,beauty,200.91,367.89,B007,Central Branch 7,Qom,partner,0,15,online,2025-05-23,237,50,Beauty,invalid quantity
S000860952,2024-02-25,C047158,Amir,Mohammadi,amir.mohammadi47158@example.com,09330999901,Rasht,2020-01-17,P00040,Plus Cream 40,furniture,273.99,678.66,B032,Central Branch 32,Shiraz,partner,0,0,card,2024-12-31,260,75,Furniture,invalid quantity
S000861607,2025-11-30,C023390,Amir,Salehi,amir.salehi23390@example.com,09595965574,Rasht,2020-08-01,P00237,Classic Puzzle 237,baby,143.02,216.44,B004,Bazaar Branch 4,Rasht,partner,-4,0,card,2023-04-03,128,40,Baby,invalid quantity
S000862189,2024-04-30,C023368,Hana,Jafari,hana.jafari23368@example.com,09251616973,Rasht,2022-04-08,P00225,Eco Headphones 225,sports,120.55,302.55,B016,North Branch 16,Rasht,online,0,10,cash,2023-09-16,190,20,Sports,invalid quantity
S000863426,2024-12-09,C018680,Maryam,Rostami,maryam.rostami18680@example.com,09675102650,Tehran,2024-09-08,P00209,Max Coffee 209,grocery,191.87,459.46,B032,Central Branch 32,Shiraz,partner,0,15,card,2024-09-16,450,50,Grocery,invalid quantity
S000864663,2024-10-19,C035138,Yasin,Jafari,yasin.jafari35138@example.com,09796165405,Karaj,2020-12-28,P00279,Mini Shirt 279,gaming,295.19,674.12,B007,Central Branch 7,Qom,partner,0,5,online,2023-07-23,272,50,Gaming,invalid quantity
S000864810,2024-07-04,C032020,Amir,Moradi,amir.moradi32020@example.com,09924581539,Shiraz,2021-08-28,P00410,Classic Mixer 410,office,327.16,425.14,B010,Central Branch 10,Rasht,mobile,-1,10,card,2023-07-08,51,100,Office,invalid quantity
S000865900,2025-05-02,C018624,Hana,Salehi,hana.salehi18624@example.com,09749375314,Qom,2022-04-22,P00331,Classic Coffee 331,garden,24.75,35.69,B007,Central Branch 7,Qom,partner,0,25,card,2023-08-09,369,20,Garden,invalid quantity
S000867137,2023-07-23,C022211,Yasin,Moradi,yasin.moradi22211@example.com,09472197076,Rasht,2022-02-06,P00282,Pro Ball 282,home appliances,148.9,364.51,B032,Central Branch 32,Shiraz,partner,0,25,cash,2025-07-26,267,20,Home Appliances,invalid quantity
S000868013,2025-03-08,C001770,Hana,Jafari,hana.jafari1770@example.com,09397582542,Tehran,2020-05-09,P00390,Eco Cream 390,office,145.86,323.51,B006,North Branch 6,Tehran,online,-2,0,online,2025-10-28,94,20,Office,invalid quantity
S000868374,2025-04-22,C042684,Mina,Mohammadi,mina.mohammadi42684@example.com,09343136904,Mashhad,2022-06-02,P00468,Basic Headphones 468,shoes,365.42,841.75,B034,Express Branch 34,Isfahan,partner,0,0,online,2023-08-01,95,100,Shoes,invalid quantity
S000869611,2024-06-29,C026324,Hana,Rahimi,hana.rahimi26324@example.com,09386333086,Shiraz,2022-08-23,P00491,Classic Desk 491,garden,287.98,508.98,B021,Airport Branch 21,Tehran,online,0,25,cash,2024-02-27,294,75,Garden,invalid quantity
S000870848,2024-08-07,C018006,Ali,Hosseini,ali.hosseini18006@example.com,09846195258,Qom,2024-09-08,P00093,Basic Cream 93,health,116.63,178.97,B038,East Branch 38,Tehran,mobile,0,15,cash,2023-02-02,445,75,Health,invalid quantity
S000871216,2023-09-24,C046694,Arman,Akbari,arman.akbari46694@example.com,09444664824,Tehran,2020-06-05,P00191,Classic Notebook 191,garden,121.31,242.46,B030,Airport Branch 30,Mashhad,mobile,-4,0,online,2023-03-06,483,20,Garden,invalid quantity
S000872085,2023-06-21,C032976,Reza,Rahimi,reza.rahimi32976@example.com,09103861109,Tehran,2020-07-06,P00048,Eco Mixer 48,shoes,350.81,713.98,B022,Outlet Branch 22,Rasht,mobile,0,0,wallet,2024-10-18,353,30,Shoes,invalid quantity
S000873322,2023-10-25,C020997,Hana,Karimi,hana.karimi20997@example.com,09936402982,Tehran,2021-03-01,P00243,Smart Desk 243,books,137.29,377.72,B025,Bazaar Branch 25,Tehran,mobile,0,0,wallet,2023-09-03,395,30,Books,invalid quantity
S000874419,2025-12-01,C045448,Maryam,Moradi,maryam.moradi45448@example.com,09163376541,Qom,2023-04-27,P00042,Max Mixer 42,home appliances,384.92,609.82,B027,Express Branch 27,Shiraz,store,-4,15,wallet,2024-04-09,266,40,Home Appliances,invalid quantity
S000874559,2025-04-29,C026810,Arman,Moradi,arman.moradi26810@example.com,09297003342,Shiraz,2020-01-23,P00369,Pro Desk 369,grocery,82.64,102.81,B008,West Branch 8,Isfahan,store,0,20,cash,2023-12-24,458,30,Grocery,invalid quantity
S000875796,2024-04-26,C027207,Hana,Rostami,hana.rostami27207@example.com,09355781681,Mashhad,2022-07-12,P00470,Nova Notebook 470,office,126.78,262.45,B005,South Branch 5,Tehran,online,0,15,cash,2025-01-15,192,100,Office,invalid quantity
S000877033,2023-07-26,C025003,Leila,Akbari,leila.akbari25003@example.com,09640723812,Rasht,2024-02-26,P00279,Mini Shirt 279,gaming,295.19,674.12,B019,Bazaar Branch 19,Shiraz,mobile,0,0,card,2023-01-14,63,50,Gaming,invalid quantity
S000877622,2023-03-16,C001335,Mina,Hosseini,mina.hosseini1335@example.com,09553376084,Qom,2021-05-05,P00053,Max Ball 53,health,288.74,434.09,B027,Express Branch 27,Shiraz,store,-5,0,online,2024-04-15,252,75,Health,invalid quantity
S000878270,2024-05-25,C045304,Reza,Rahimi,reza.rahimi45304@example.com,09751782113,Tehran,2020-01-29,P00424,Eco Coffee 424,beauty,295.17,614.82,B036,Express Branch 36,Tehran,store,0,10,card,2023-06-17,98,10,Beauty,invalid quantity
S000879507,2025-07-26,C005978,Arman,Hosseini,arman.hosseini5978@example.com,09776823445,Isfahan,2020-11-14,P00271,Prime Ball 271,garden,136.82,320.74,B032,Central Branch 32,Shiraz,partner,0,0,card,2023-09-22,105,30,Garden,invalid quantity
S000880744,2023-05-28,C023856,Amir,Rahimi,amir.rahimi23856@example.com,09523818437,Tabriz,2020-06-26,P00254,Max Desk 254,jewelry,239.84,534.85,B021,Airport Branch 21,Tehran,online,0,0,card,2024-10-31,152,50,Jewelry,invalid quantity
S000880825,2024-06-15,C012901,Sara,Mohammadi,sara.mohammadi12901@example.com,09848205047,Tehran,2023-03-30,P00101,Smart Coffee 101,electronics,256.43,356.86,B031,North Branch 31,Tehran,store,-2,0,cash,2025-11-17,412,75,Electronics,invalid quantity
S000881981,2025-08-09,C022853,Leila,Karimi,leila.karimi22853@example.com,09265371578,Shiraz,2023-10-12,P00206,Basic Shirt 206,toys,241.09,589.63,B008,West Branch 8,Isfahan,store,0,0,card,2023-10-16,62,75,Toys,invalid quantity
S000883218,2025-11-05,C029941,Amir,Ahmadi,amir.ahmadi29941@example.com,09795409729,Rasht,2023-05-01,P00414,Max Mixer 414,jewelry,179.29,279.68,B009,South Branch 9,Isfahan,store,0,15,card,2023-03-14,464,50,Jewelry,invalid quantity
S000884028,2024-07-03,C005568,Reza,Ahmadi,reza.ahmadi5568@example.com,09166988563,Tehran,2021-12-13,P00122,Max Shirt 122,home appliances,171.69,431.29,B023,Bazaar Branch 23,Rasht,mobile,-5,20,wallet,2023-03-14,450,100,Home Appliances,invalid quantity
S000884455,2023-07-28,C036112,Neda,Rostami,neda.rostami36112@example.com,09845002013,Shiraz,2021-05-28,P00425,Pro Mixer 425,sports,136.16,346.38,B008,West Branch 8,Isfahan,store,0,15,cash,2024-07-27,108,30,Sports,invalid quantity
S000885692,2024-07-24,C036773,Yasin,Rahimi,yasin.rahimi36773@example.com,09410391092,Isfahan,2020-02-13,P00358,Prime Puzzle 358,travel,75.76,172.32,B020,North Branch 20,Shiraz,online,0,25,cash,2025-07-17,441,100,Travel,invalid quantity
S000886929,2025-11-03,C016207,Hana,Karimi,hana.karimi16207@example.com,09303580789,Karaj,2024-01-10,P00105,Pro Puzzle 105,sports,150.03,375.07,B024,Outlet Branch 24,Tehran,store,0,25,wallet,2024-05-06,143,30,Sports,invalid quantity
S000887231,2023-04-03,C030146,Neda,Karimi,neda.karimi30146@example.com,09400268392,Mashhad,2020-07-05,P00319,Basic Sneakers 319,gaming,110.8,226.34,B017,Express Branch 17,Tehran,online,-2,10,card,2023-05-26,500,50,Gaming,invalid quantity
S000888166,2023-08-24,C015111,Sara,Ahmadi,sara.ahmadi15111@example.com,09169307621,Rasht,2021-05-07,P00396,Prime Cream 396,pets,286.22,618.0,B032,Central Branch 32,Shiraz,partner,0,15,wallet,2023-11-22,364,50,Pets,invalid quantity
S000889403,2024-04-09,C028377,Yasin,Salehi,yasin.salehi28377@example.com,09903149103,Tehran,2021-11-18,P00412,Nova Ball 412,automotive,182.91,291.96,B040,Outlet Branch 40,Tehran,online,0,25,online,2025-03-02,88,75,Automotive,invalid quantity
S000890434,2025-02-03,C010625,Yasin,Mohammadi,yasin.mohammadi10625@example.com,09390496604,Isfahan,2023-01-30,P00347,Classic Cream 347,clothing,60.65,93.42,B022,Outlet Branch 22,Rasht,mobile,-5,0,card,2025-06-17,178,40,Clothing,invalid quantity
S000890640,2024-11-12,C039351,Neda,Karimi,neda.karimi39351@example.com,09398696497,Rasht,2021-06-20,P00261,Smart Desk 261,electronics,216.51,315.09,B004,Bazaar Branch 4,Rasht,partner,0,20,online,2023-01-19,50,40,Electronics,invalid quantity
S000891877,2025-11-09,C045179,Amir,Ahmadi,amir.ahmadi45179@example.com,09363844896,Isfahan,2023-11-02,P00102,Basic Puzzle 102,home appliances,58.09,68.84,B025,Bazaar Branch 25,Tehran,mobile,0,0,wallet,2024-07-10,225,100,Home Appliances,invalid quantity
S000893114,2025-01-31,C025018,Hana,Salehi,hana.salehi25018@example.com,09144978750,Qom,2021-11-22,P00145,Prime Headphones 145,sports,196.35,266.58,B021,Airport Branch 21,Tehran,online,0,5,online,2025-08-01,483,10,Sports,invalid quantity
S000893637,2023-08-31,C042556,Sara,Salehi,sara.salehi42556@example.com,09641616220,Tehran,2021-04-18,P00378,Max Ball 378,travel,84.0,122.48,B025,Bazaar Branch 25,Tehran,mobile,-3,5,wallet,2025-12-05,40,50,Travel,invalid quantity
S000894351,2024-01-11,C030412,Arman,Rostami,arman.rostami30412@example.com,09392550416,Shiraz,2024-11-05,P00158,Prime Coffee 158,travel,21.38,31.49,B024,Outlet Branch 24,Tehran,store,0,0,wallet,2025-04-21,397,20,Travel,invalid quantity
S000895588,2024-07-15,C038647,Arman,Akbari,arman.akbari38647@example.com,09352492367,Rasht,2022-05-30,P00203,Smart Desk 203,books,140.57,251.88,B031,North Branch 31,Tehran,store,0,5,card,2025-09-15,54,40,Books,invalid quantity
S000896825,2023-09-26,C036994,Leila,Ahmadi,leila.ahmadi36994@example.com,09937136251,Tehran,2023-04-10,P00137,Plus Shirt 137,baby,361.5,491.41,B026,Central Branch 26,Mashhad,partner,0,0,cash,2025-10-03,143,40,Baby,invalid quantity
S000896840,2025-10-30,C022059,Amir,Ahmadi,amir.ahmadi22059@example.com,09752621302,Tehran,2020-07-27,P00380,Pro Notebook 380,furniture,132.42,291.35,B011,Central Branch 11,Tehran,partner,-5,10,card,2025-12-22,283,40,Furniture,invalid quantity
S000898062,2025-09-15,C025266,Reza,Ahmadi,reza.ahmadi25266@example.com,09237878077,Rasht,2022-08-10,P00303,Max Ball 303,books,21.36,45.56,B040,Outlet Branch 40,Tehran,online,0,15,cash,2023-01-31,58,40,Books,invalid quantity
S000899299,2024-02-25,C034090,Ali,Jafari,ali.jafari34090@example.com,09690324024,Tehran,2022-03-18,P00476,Plus Puzzle 476,pets,358.21,718.34,B027,Express Branch 27,Shiraz,store,0,0,online,2025-11-01,158,30,Pets,invalid quantity
S000900043,2024-11-17,C030212,Yasin,Akbari,yasin.akbari30212@example.com,09657131229,Isfahan,2024-01-03,P00113,Mini Coffee 113,health,187.79,369.98,B029,North Branch 29,Tehran,mobile,-1,0,card,2024-06-14,222,40,Health,invalid quantity
S000900536,2024-12-18,C042268,Amir,Moradi,amir.moradi42268@example.com,09527914022,Tehran,2024-05-26,P00033,Smart Coffee 33,health,338.72,496.36,B024,Outlet Branch 24,Tehran,store,0,0,wallet,2025-09-25,38,75,Health,invalid quantity
S000901773,2025-03-11,C003854,Hana,Jafari,hana.jafari3854@example.com,09537222341,Rasht,2021-12-01,P00182,Eco Cream 182,home appliances,349.26,822.32,B040,Outlet Branch 40,Tehran,online,0,0,online,2025-07-15,203,100,Home Appliances,invalid quantity
S000903010,2024-01-22,C031352,Neda,Hosseini,neda.hosseini31352@example.com,09796832739,Tehran,2024-08-23,P00147,Prime Puzzle 147,clothing,333.65,444.33,B022,Outlet Branch 22,Rasht,mobile,0,0,cash,2024-12-19,283,75,Clothing,invalid quantity
S000903246,2023-01-23,C027752,Leila,Jafari,leila.jafari27752@example.com,09455454036,Mashhad,2020-11-16,P00362,Prime Notebook 362,home appliances,293.28,659.94,B011,Central Branch 11,Tehran,partner,-5,0,card,2025-04-02,461,30,Home Appliances,invalid quantity
S000904247,2025-12-24,C016969,Leila,Rostami,leila.rostami16969@example.com,09994703881,Shiraz,2020-10-20,P00449,Mini Cream 449,grocery,80.17,173.91,B008,West Branch 8,Isfahan,store,0,0,card,2023-12-03,98,30,Grocery,invalid quantity
S000905484,2023-04-05,C028747,Maryam,Ahmadi,maryam.ahmadi28747@example.com,09890892112,Karaj,2021-11-15,P00344,Pro Mixer 344,beauty,216.3,340.99,B034,Express Branch 34,Isfahan,partner,0,20,card,2024-05-29,496,20,Beauty,invalid quantity
S000906449,2025-08-18,C037068,Amir,Akbari,amir.akbari37068@example.com,09938350137,Shiraz,2020-07-29,P00358,Prime Puzzle 358,travel,75.76,172.32,B011,Central Branch 11,Tehran,partner,-5,0,card,2025-02-10,390,30,Travel,invalid quantity
S000906721,2025-01-21,C005497,Ali,Moradi,ali.moradi5497@example.com,09848278945,Isfahan,2023-11-10,P00176,Nova Coffee 176,pets,271.52,372.77,B008,West Branch 8,Isfahan,store,0,0,online,2025-03-26,410,100,Pets,invalid quantity
S000907958,2024-11-26,C027884,Ali,Hosseini,ali.hosseini27884@example.com,09890967201,Shiraz,2020-01-27,P00007,Prime Coffee 7,clothing,118.64,318.72,B015,Outlet Branch 15,Isfahan,partner,0,0,online,2023-12-03,328,20,Clothing,invalid quantity
S000909195,2023-05-12,C017205,Mina,Jafari,mina.jafari17205@example.com,09598258149,Tehran,2023-05-12,P00180,Plus Coffee 180,furniture,366.97,527.06,B014,Bazaar Branch 14,Shiraz,mobile,0,10,cash,2024-08-13,393,40,Furniture,invalid quantity
S000909652,2023-08-16,C041175,Maryam,Mohammadi,maryam.mohammadi41175@example.com,09978269761,Isfahan,2020-06-27,P00464,Classic Coffee 464,beauty,251.12,453.84,B034,Express Branch 34,Isfahan,partner,-5,0,online,2024-10-24,182,75,Beauty,invalid quantity
S000910432,2025-11-30,C041620,Mina,Jafari,mina.jafari41620@example.com,09293724022,Isfahan,2023-02-11,P00316,Basic Shirt 316,pets,202.33,497.7,B032,Central Branch 32,Shiraz,partner,0,10,wallet,2024-06-08,349,50,Pets,invalid quantity
S000911669,2024-04-20,C022755,Reza,Moradi,reza.moradi22755@example.com,09731759809,Isfahan,2021-02-08,P00272,Smart Coffee 272,automotive,213.09,320.35,B026,Central Branch 26,Mashhad,partner,0,0,online,2024-04-04,291,75,Automotive,invalid quantity
S000912855,2025-01-15,C007484,Ali,Akbari,ali.akbari7484@example.com,09904509987,Karaj,2023-05-24,P00022,Eco Coffee 22,home appliances,177.76,303.68,B016,North Branch 16,Rasht,online,-4,25,cash,2023-10-12,468,20,Home Appliances,invalid quantity
S000912906,2024-06-06,C044340,Sara,Jafari,sara.jafari44340@example.com,09766366547,Tabriz,2021-06-27,P00063,Classic Headphones 63,books,360.04,496.7,B032,Central Branch 32,Shiraz,partner,0,0,wallet,2024-10-30,478,50,Books,invalid quantity
S000914143,2023-05-17,C005907,Reza,Jafari,reza.jafari5907@example.com,09251116724,Tehran,2022-12-23,P00135,Plus Mixer 135,music,318.36,542.98,B008,West Branch 8,Isfahan,store,0,20,online,2025-06-27,484,50,Music,invalid quantity
S000915380,2023-11-26,C022772,Ali,Rostami,ali.rostami22772@example.com,09242062459,Rasht,2022-10-25,P00377,Mini Desk 377,baby,246.61,686.92,B029,North Branch 29,Tehran,mobile,0,5,online,2023-08-28,327,10,Baby,invalid quantity
S000916058,2023-04-15,C027300,Leila,Hosseini,leila.hosseini27300@example.com,09571453735,Isfahan,2023-08-09,P00179,Pro Puzzle 179,gaming,78.04,192.56,B027,Express Branch 27,Shiraz,store,-2,15,card,2025-03-26,347,40,Gaming,invalid quantity
S000916617,2023-11-22,C048934,Neda,Mohammadi,neda.mohammadi48934@example.com,09582925184,Tehran,2020-04-06,P00285,Nova Ball 285,sports,11.64,21.17,B024,Outlet Branch 24,Tehran,store,0,0,online,2023-12-02,410,75,Sports,invalid quantity
S000917854,2025-08-27,C008256,Ali,Rahimi,ali.rahimi8256@example.com,09573318637,Shiraz,2022-12-03,P00359,Basic Sneakers 359,gaming,70.94,125.13,B027,Express Branch 27,Shiraz,store,0,0,card,2025-05-19,472,75,Gaming,invalid quantity
S000919091,2024-01-31,C006493,Maryam,Akbari,maryam.akbari6493@example.com,09784215146,Karaj,2022-12-24,P00213,Basic Sneakers 213,health,312.76,515.89,B005,South Branch 5,Tehran,online,0,15,online,2023-06-17,44,100,Health,invalid quantity
S000919261,2025-02-01,C009161,Reza,Moradi,reza.moradi9161@example.com,09904216986,Mashhad,2024-08-14,P00223,Eco Puzzle 223,books,330.33,632.39,B039,Mall Branch 39,Shiraz,online,-5,20,wallet,2023-04-13,280,10,Books,invalid quantity
S000920328,2024-06-18,C002950,Hana,Rahimi,hana.rahimi2950@example.com,09769794920,Tabriz,2023-09-22,P00204,Prime Sneakers 204,beauty,184.44,355.83,B038,East Branch 38,Tehran,mobile,0,5,cash,2025-02-28,62,75,Beauty,invalid quantity
S000921565,2024-01-15,C044731,Sara,Mohammadi,sara.mohammadi44731@example.com,09704271649,Tabriz,2022-03-22,P00253,Classic Notebook 253,health,79.31,220.23,B017,Express Branch 17,Tehran,online,0,0,cash,2023-12-05,293,50,Health,invalid quantity
S000922464,2025-10-15,C004167,Mina,Rostami,mina.rostami4167@example.com,09363913847,Mashhad,2020-12-24,P00231,Mini Coffee 231,garden,38.07,103.26,B014,Bazaar Branch 14,Shiraz,mobile,-3,15,online,2025-06-28,44,50,Garden,invalid quantity
S000922802,2024-06-20,C008430,Arman,Mohammadi,arman.mohammadi8430@example.com,09740226364,Tehran,2020-04-02,P00383,Basic Ball 383,books,246.85,639.81,B020,North Branch 20,Shiraz,online,0,15,online,2025-01-28,33,10,Books,invalid quantity
S000924039,2023-09-14,C025423,Mina,Jafari,mina.jafari25423@example.com,09144014786,Tehran,2020-03-15,P00321,Classic Desk 321,electronics,261.02,359.94,B016,North Branch 16,Rasht,online,0,20,card,2023-07-11,369,30,Electronics,invalid quantity
S000925276,2023-09-26,C029281,Neda,Karimi,neda.karimi29281@example.com,09624514223,Karaj,2020-03-21,P00151,Prime Coffee 151,garden,396.9,465.8,B027,Express Branch 27,Shiraz,store,0,0,card,2024-07-13,317,50,Garden,invalid quantity
S000925667,2024-07-15,C015260,Mina,Salehi,mina.salehi15260@example.com,09363782822,Qom,2023-03-07,P00443,Smart Puzzle 443,books,337.64,456.41,B008,West Branch 8,Isfahan,store,-5,25,online,2023-09-18,305,40,Books,invalid quantity
S000926513,2025-03-19,C029396,Maryam,Rostami,maryam.rostami29396@example.com,09462862945,Rasht,2021-05-06,P00257,Nova Headphones 257,baby,285.53,336.65,B006,North Branch 6,Tehran,online,0,10,card,2025-05-30,81,30,Baby,invalid quantity
S000927750,2025-05-09,C009606,Leila,Rahimi,leila.rahimi9606@example.com,09557183973,Qom,2023-03-29,P00157,Smart Puzzle 157,baby,225.98,442.33,B015,Outlet Branch 15,Isfahan,partner,0,20,online,2024-11-02,496,40,Baby,invalid quantity
S000928870,2023-10-25,C045353,Yasin,Karimi,yasin.karimi45353@example.com,09480988890,Shiraz,2020-08-24,P00157,Smart Puzzle 157,baby,225.98,442.33,B010,Central Branch 10,Rasht,mobile,-2,0,wallet,2025-06-25,35,10,Baby,invalid quantity
S000928987,2024-05-29,C009315,Omid,Salehi,omid.salehi9315@example.com,09780588647,Mashhad,2021-02-18,P00106,Eco Headphones 106,toys,321.72,376.97,B040,Outlet Branch 40,Tehran,online,0,20,cash,2023-11-23,282,10,Toys,invalid quantity
S000930224,2023-04-08,C002926,Leila,Mohammadi,leila.mohammadi2926@example.com,09122362658,Tehran,2021-06-24,P00211,Max Cream 211,garden,327.13,381.27,B024,Outlet Branch 24,Tehran,store,0,0,card,2025-07-19,248,40,Garden,invalid quantity
S000931461,2024-03-04,C006483,Maryam,Hosseini,maryam.hosseini6483@example.com,09554365071,Mashhad,2024-07-14,P00333,Smart Shirt 333,health,339.25,667.08,B016,North Branch 16,Rasht,online,0,25,cash,2024-05-26,266,10,Health,invalid quantity
S000932073,2024-08-18,C040780,Amir,Rahimi,amir.rahimi40780@example.com,09856957771,Tabriz,2024-09-21,P00198,Smart Puzzle 198,travel,345.04,899.9,B020,North Branch 20,Shiraz,online,-4,10,wallet,2024-04-06,253,10,Travel,invalid quantity
S000932698,2023-07-08,C044653,Arman,Karimi,arman.karimi44653@example.com,09189083083,Tehran,2021-12-31,P00121,Classic Puzzle 121,electronics,268.82,442.77,B026,Central Branch 26,Mashhad,partner,0,0,card,2024-11-29,498,100,Electronics,invalid quantity
S000933935,2023-09-09,C047676,Hana,Ahmadi,hana.ahmadi47676@example.com,09816842133,Mashhad,2021-05-08,P00141,Pro Desk 141,electronics,166.04,422.45,B032,Central Branch 32,Shiraz,partner,0,0,cash,2025-01-27,412,50,Electronics,invalid quantity
S000935172,2024-07-12,C048940,Mina,Rostami,mina.rostami48940@example.com,09966136351,Tehran,2023-09-12,P00296,Smart Sneakers 296,pets,276.49,703.33,B012,South Branch 12,Mashhad,online,0,0,card,2024-04-24,197,10,Pets,invalid quantity
S000935276,2023-05-06,C040936,Arman,Jafari,arman.jafari40936@example.com,09475449467,Mashhad,2020-09-09,P00353,Max Headphones 353,health,273.14,584.02,B029,North Branch 29,Tehran,mobile,-5,5,online,2025-05-08,477,50,Health,invalid quantity
S000936409,2023-02-02,C041029,Maryam,Rostami,maryam.rostami41029@example.com,09148679949,Tehran,2020-04-26,P00110,Prime Sneakers 110,office,158.2,278.01,B014,Bazaar Branch 14,Shiraz,mobile,0,0,card,2024-03-09,257,40,Office,invalid quantity
S000937646,2024-02-14,C026744,Arman,Moradi,arman.moradi26744@example.com,09206584548,Tehran,2023-10-31,P00339,Max Sneakers 339,gaming,357.41,586.63,B029,North Branch 29,Tehran,mobile,0,0,wallet,2025-08-01,172,40,Gaming,invalid quantity
S000938479,2025-07-03,C020086,Arman,Rahimi,arman.rahimi20086@example.com,09549118776,Shiraz,2022-05-16,P00394,Pro Puzzle 394,jewelry,301.92,551.85,B029,North Branch 29,Tehran,mobile,-4,15,online,2023-10-05,384,50,Jewelry,invalid quantity
S000938883,2025-09-25,C041310,Ali,Moradi,ali.moradi41310@example.com,09609674588,Tehran,2020-04-12,P00402,Plus Mixer 402,home appliances,127.27,286.84,B026,Central Branch 26,Mashhad,partner,0,20,online,2023-11-11,258,50,Home Appliances,invalid quantity
S000940120,2024-07-29,C036892,Hana,Akbari,hana.akbari36892@example.com,09239567376,Isfahan,2024-10-15,P00475,Pro Puzzle 475,music,76.34,120.89,B025,Bazaar Branch 25,Tehran,mobile,0,10,card,2023-10-09,318,40,Music,invalid quantity
S000941357,2023-08-21,C048209,Omid,Moradi,omid.moradi48209@example.com,09459108348,Tehran,2024-01-09,P00108,Smart Shirt 108,shoes,359.95,495.27,B011,Central Branch 11,Tehran,partner,0,5,wallet,2025-01-18,128,75,Shoes,invalid quantity
S000941682,2024-02-27,C043414,Sara,Salehi,sara.salehi43414@example.com,09813378237,Tabriz,2022-01-11,P00022,Eco Coffee 22,home appliances,177.76,303.68,B034,Express Branch 34,Isfahan,partner,-1,0,wallet,2024-11-12,269,10,Home Appliances,invalid quantity
S000942594,2023-07-02,C048445,Ali,Mohammadi,ali.mohammadi48445@example.com,09201629029,Rasht,2023-07-07,P00285,Nova Ball 285,sports,11.64,21.17,B039,Mall Branch 39,Shiraz,online,0,20,online,2025-08-20,478,100,Sports,invalid quantity
S000943831,2025-05-22,C029330,Mina,Moradi,mina.moradi29330@example.com,09369900782,Qom,2022-05-30,P00222,Pro Coffee 222,home appliances,222.49,604.28,B009,South Branch 9,Isfahan,store,0,10,online,2023-10-21,458,100,Home Appliances,invalid quantity
S000944885,2023-12-04,C030122,Leila,Ahmadi,leila.ahmadi30122@example.com,09792951069,Tabriz,2021-09-23,P00433,Prime Notebook 433,health,187.76,358.31,B023,Bazaar Branch 23,Rasht,mobile,-3,25,cash,2023-10-31,350,30,Health,invalid quantity
S000945068,2025-03-07,C043212,Sara,Mohammadi,sara.mohammadi43212@example.com,09261622302,Mashhad,2022-02-20,P00020,Basic Headphones 20,furniture,188.14,336.67,B030,Airport Branch 30,Mashhad,mobile,0,0,card,2023-03-28,325,75,Furniture,invalid quantity
S000946305,2024-07-08,C023000,Maryam,Ahmadi,maryam.ahmadi23000@example.com,09377845519,Tabriz,2023-12-19,P00311,Pro Sneakers 311,garden,87.8,245.35,B035,Mall Branch 35,Isfahan,mobile,0,0,card,2023-06-17,29,20,Garden,invalid quantity
S000947542,2025-08-09,C010320,Amir,Moradi,amir.moradi10320@example.com,09882251338,Tehran,2020-05-01,P00481,Pro Desk 481,electronics,333.13,838.02,B020,North Branch 20,Shiraz,online,0,0,cash,2025-05-29,246,20,Electronics,invalid quantity
S000948088,2024-03-01,C045851,Mina,Mohammadi,mina.mohammadi45851@example.com,09485486936,Tehran,2022-01-28,P00146,Max Cream 146,toys,343.18,874.03,B008,West Branch 8,Isfahan,store,-3,25,card,2024-05-25,495,20,Toys,invalid quantity
S000948779,2023-03-10,C025774,Maryam,Rahimi,maryam.rahimi25774@example.com,09665408560,Isfahan,2021-02-15,P00411,Max Desk 411,garden,25.89,56.32,B026,Central Branch 26,Mashhad,partner,0,0,wallet,2025-10-31,416,10,Garden,invalid quantity
S000950016,2025-08-07,C037055,Maryam,Akbari,maryam.akbari37055@example.com,09365842994,Tehran,2023-06-09,P00232,Max Headphones 232,automotive,42.82,119.85,B039,Mall Branch 39,Shiraz,online,0,20,online,2023-10-04,295,40,Automotive,invalid quantity
S000951253,2025-12-11,C042458,Mina,Rahimi,mina.rahimi42458@example.com,09654987695,Tehran,2020-09-06,P00123,Pro Mixer 123,books,125.88,338.14,B011,Central Branch 11,Tehran,partner,0,0,online,2024-03-12,296,100,Books,invalid quantity
S000951291,2023-05-04,C002417,Amir,Rostami,amir.rostami2417@example.com,09534387896,Isfahan,2022-03-19,P00154,Eco Puzzle 154,jewelry,130.12,324.57,B033,South Branch 33,Isfahan,online,-5,20,wallet,2025-03-02,293,100,Jewelry,invalid quantity
S000952490,2024-10-09,C037866,Mina,Mohammadi,mina.mohammadi37866@example.com,09436647760,Shiraz,2023-04-16,P00109,Max Headphones 109,grocery,112.97,246.33,B038,East Branch 38,Tehran,mobile,0,10,card,2025-08-17,487,50,Grocery,invalid quantity
S000953727,2024-10-31,C001286,Mina,Rostami,mina.rostami1286@example.com,09758293983,Isfahan,2022-01-19,P00346,Smart Puzzle 346,toys,118.21,187.79,B025,Bazaar Branch 25,Tehran,mobile,0,15,card,2024-05-21,416,100,Toys,invalid quantity
S000954494,2023-04-28,C046555,Arman,Moradi,arman.moradi46555@example.com,09860745723,Tehran,2023-09-14,P00352,Nova Desk 352,automotive,256.47,527.87,B018,North Branch 18,Tabriz,partner,-2,10,cash,2025-08-15,226,20,Automotive,invalid quantity
S000954964,2023-05-19,C033832,Mina,Moradi,mina.moradi33832@example.com,09522240686,Tehran,2021-10-28,P00120,Pro Cream 120,furniture,105.07,128.77,B027,Express Branch 27,Shiraz,store,0,15,wallet,2025-09-12,348,10,Furniture,invalid quantity
S000956201,2023-06-06,C021233,Omid,Jafari,omid.jafari21233@example.com,09365922120,Mashhad,2022-07-03,P00334,Plus Desk 334,jewelry,341.94,421.76,B006,North Branch 6,Tehran,online,0,10,card,2023-06-23,237,30,Jewelry,invalid quantity
S000957438,2025-12-06,C045882,Arman,Ahmadi,arman.ahmadi45882@example.com,09473182600,Karaj,2021-10-24,P00089,Smart Shirt 89,grocery,47.08,58.83,B027,Express Branch 27,Shiraz,store,0,25,cash,2023-06-24,295,30,Grocery,invalid quantity
S000957697,2023-04-23,C048746,Neda,Hosseini,neda.hosseini48746@example.com,09414584080,Karaj,2023-04-01,P00347,Classic Cream 347,clothing,60.65,93.42,B010,Central Branch 10,Rasht,mobile,-2,0,card,2024-09-20,79,75,Clothing,invalid quantity
S000958675,2024-10-03,C016224,Sara,Moradi,sara.moradi16224@example.com,09999073528,Rasht,2023-07-24,P00130,Pro Ball 130,office,335.8,760.51,B020,North Branch 20,Shiraz,online,0,0,card,2024-10-25,480,75,Office,invalid quantity
S000959912,2023-04-12,C000644,Hana,Ahmadi,hana.ahmadi644@example.com,09179811669,Qom,2020-09-04,P00362,Prime Notebook 362,home appliances,293.28,659.94,B016,North Branch 16,Rasht,online,0,10,wallet,2025-01-28,220,100,Home Appliances,invalid quantity
S000960900,2023-05-16,C041023,Leila,Mohammadi,leila.mohammadi41023@example.com,09721008774,Rasht,2022-02-02,P00496,Basic Sneakers 496,pets,175.81,360.45,B013,Outlet Branch 13,Mashhad,mobile,-4,0,cash,2023-09-22,147,10,Pets,invalid quantity
S000961149,2023-07-27,C025208,Ali,Mohammadi,ali.mohammadi25208@example.com,09766549539,Isfahan,2020-04-03,P00119,Max Coffee 119,gaming,82.15,102.14,B012,South Branch 12,Mashhad,online,0,25,online,2024-06-25,244,20,Gaming,invalid quantity
S000962386,2025-08-25,C011449,Leila,Jafari,leila.jafari11449@example.com,09450612574,Rasht,2022-05-17,P00087,Basic Shirt 87,clothing,348.29,691.88,B004,Bazaar Branch 4,Rasht,partner,0,0,cash,2025-10-09,185,75,Clothing,invalid quantity
S000963623,2025-12-05,C019031,Yasin,Moradi,yasin.moradi19031@example.com,09675252514,Mashhad,2023-11-26,P00225,Eco Headphones 225,sports,120.55,302.55,B035,Mall Branch 35,Isfahan,mobile,0,20,card,2025-09-18,200,50,Sports,invalid quantity
S000964103,2024-01-09,C000631,Neda,Akbari,neda.akbari631@example.com,09445331485,Shiraz,2022-02-18,P00020,Basic Headphones 20,furniture,188.14,336.67,B028,Express Branch 28,Isfahan,partner,-2,5,card,2024-08-10,498,10,Furniture,invalid quantity
S000964860,2024-06-19,C011218,Yasin,Akbari,yasin.akbari11218@example.com,09878178336,Shiraz,2024-11-11,P00320,Pro Puzzle 320,furniture,224.03,267.37,B021,Airport Branch 21,Tehran,online,0,15,online,2023-01-07,230,100,Furniture,invalid quantity
S000966097,2023-02-17,C032191,Amir,Mohammadi,amir.mohammadi32191@example.com,09766117088,Tehran,2021-06-17,P00356,Basic Desk 356,pets,157.9,309.83,B001,Central Branch 1,Rasht,online,0,25,wallet,2023-02-21,12,75,Pets,invalid quantity
S000967306,2025-06-04,C020747,Omid,Jafari,omid.jafari20747@example.com,09569063828,Tehran,2020-11-12,P00016,Plus Shirt 16,pets,201.17,553.22,B034,Express Branch 34,Isfahan,partner,-5,15,card,2024-12-01,243,50,Pets,invalid quantity
S000967334,2025-07-29,C013790,Leila,Salehi,leila.salehi13790@example.com,09837329127,Tehran,2024-03-29,P00060,Basic Puzzle 60,furniture,59.7,144.88,B026,Central Branch 26,Mashhad,partner,0,25,online,2025-08-02,166,10,Furniture,invalid quantity
S000968571,2025-03-31,C035772,Amir,Mohammadi,amir.mohammadi35772@example.com,09823610977,Karaj,2021-06-11,P00373,Pro Puzzle 373,health,394.19,520.69,B023,Bazaar Branch 23,Rasht,mobile,0,25,online,2025-09-20,498,30,Health,invalid quantity
S000969808,2023-12-02,C040295,Ali,Hosseini,ali.hosseini40295@example.com,09720679331,Tabriz,2024-10-05,P00231,Mini Coffee 231,garden,38.07,103.26,B031,North Branch 31,Tehran,store,0,0,card,2025-02-01,167,20,Garden,invalid quantity
S000970509,2023-01-23,C047412,Leila,Rahimi,leila.rahimi47412@example.com,09285509854,Tehran,2024-01-31,P00145,Prime Headphones 145,sports,196.35,266.58,B012,South Branch 12,Mashhad,online,-4,0,card,2023-01-30,280,10,Sports,invalid quantity
S000971045,2023-10-21,C036159,Arman,Moradi,arman.moradi36159@example.com,09776365975,Rasht,2022-08-17,P00453,Basic Sneakers 453,health,151.96,405.64,B031,North Branch 31,Tehran,store,0,0,online,2023-02-10,159,20,Health,invalid quantity
S000972282,2024-05-05,C035742,Ali,Rostami,ali.rostami35742@example.com,09329198650,Tehran,2021-12-07,P00438,Basic Notebook 438,travel,332.3,715.77,B011,Central Branch 11,Tehran,partner,0,5,online,2023-10-01,175,10,Travel,invalid quantity
S000973519,2024-06-17,C034197,Ali,Hosseini,ali.hosseini34197@example.com,09634122244,Tehran,2021-08-16,P00204,Prime Sneakers 204,beauty,184.44,355.83,B016,North Branch 16,Rasht,online,0,10,online,2023-06-27,169,40,Beauty,invalid quantity
S000973712,2024-09-25,C033371,Ali,Rostami,ali.rostami33371@example.com,09914371778,Shiraz,2022-06-07,P00184,Basic Sneakers 184,beauty,129.67,278.47,B015,Outlet Branch 15,Isfahan,partner,-4,10,cash,2023-02-15,66,75,Beauty,invalid quantity
S000974756,2025-12-10,C039483,Hana,Salehi,hana.salehi39483@example.com,09173743353,Karaj,2020-08-28,P00012,Classic Headphones 12,automotive,167.7,202.09,B031,North Branch 31,Tehran,store,0,20,online,2025-12-21,165,75,Automotive,invalid quantity
S000975993,2023-05-05,C004404,Yasin,Moradi,yasin.moradi4404@example.com,09718126104,Shiraz,2020-01-01,P00221,Eco Ball 221,electronics,159.84,202.3,B032,Central Branch 32,Shiraz,partner,0,0,online,2024-09-24,59,40,Electronics,invalid quantity
S000976915,2025-04-05,C044166,Hana,Ahmadi,hana.ahmadi44166@example.com,09465216034,Shiraz,2021-07-19,P00478,Plus Coffee 478,travel,277.37,601.41,B011,Central Branch 11,Tehran,partner,-3,10,wallet,2025-02-08,275,100,Travel,invalid quantity
S000977230,2025-11-10,C023431,Reza,Jafari,reza.jafari23431@example.com,09691836897,Tehran,2023-11-15,P00131,Pro Shirt 131,garden,34.95,77.2,B039,Mall Branch 39,Shiraz,online,0,0,card,2025-02-02,474,30,Garden,invalid quantity
S000978467,2024-01-20,C006473,Reza,Hosseini,reza.hosseini6473@example.com,09629702023,Karaj,2022-10-10,P00104,Mini Desk 104,beauty,185.86,431.35,B039,Mall Branch 39,Shiraz,online,0,0,online,2025-06-12,488,100,Beauty,invalid quantity
S000979704,2024-02-07,C034829,Maryam,Moradi,maryam.moradi34829@example.com,09984069753,Rasht,2021-02-07,P00497,Eco Headphones 497,baby,117.38,175.5,B040,Outlet Branch 40,Tehran,online,0,0,card,2024-12-17,147,50,Baby,invalid quantity
S000980118,2024-01-03,C031562,Ali,Akbari,ali.akbari31562@example.com,09395331230,Shiraz,2021-08-15,P00497,Eco Headphones 497,baby,117.38,175.5,B009,South Branch 9,Isfahan,store,-1,10,card,2025-08-04,351,75,Baby,invalid quantity
S000980941,2025-05-27,C038025,Sara,Moradi,sara.moradi38025@example.com,09208619107,Isfahan,2023-02-04,P00292,Eco Notebook 292,automotive,98.79,275.22,B025,Bazaar Branch 25,Tehran,mobile,0,10,card,2024-05-03,186,50,Automotive,invalid quantity
S000982178,2023-12-24,C024456,Hana,Ahmadi,hana.ahmadi24456@example.com,09156191975,Tehran,2024-08-12,P00033,Smart Coffee 33,health,338.72,496.36,B006,North Branch 6,Tehran,online,0,0,card,2023-04-10,287,75,Health,invalid quantity
S000983321,2025-09-12,C008873,Amir,Hosseini,amir.hosseini8873@example.com,09976296466,Isfahan,2023-12-28,P00041,Prime Puzzle 41,electronics,176.45,458.88,B008,West Branch 8,Isfahan,store,-4,20,card,2025-02-04,416,75,Electronics,invalid quantity
S000983415,2024-10-12,C011621,Arman,Rahimi,arman.rahimi11621@example.com,09398155904,Isfahan,2022-06-10,P00096,Classic Headphones 96,pets,149.76,341.76,B016,North Branch 16,Rasht,online,0,0,cash,2024-12-31,498,10,Pets,invalid quantity
S000984652,2023-08-13,C012599,Neda,Rostami,neda.rostami12599@example.com,09185432420,Karaj,2022-05-13,P00493,Smart Ball 493,health,196.16,387.38,B026,Central Branch 26,Mashhad,partner,0,15,cash,2023-04-13,112,75,Health,invalid quantity
S000985889,2025-10-07,C035479,Sara,Salehi,sara.salehi35479@example.com,09143594617,Qom,2023-01-11,P00058,Classic Headphones 58,travel,73.06,162.67,B028,Express Branch 28,Isfahan,partner,0,0,online,2024-04-27,269,30,Travel,invalid quantity
S000986524,2025-03-09,C029484,Hana,Akbari,hana.akbari29484@example.com,09537120550,Tehran,2024-05-14,P00310,Smart Coffee 310,office,201.78,331.87,B006,North Branch 6,Tehran,online,-5,25,card,2024-01-26,272,20,Office,invalid quantity
S000987126,2023-11-06,C004585,Leila,Hosseini,leila.hosseini4585@example.com,09159217839,Tehran,2024-03-09,P00224,Smart Ball 224,beauty,324.83,506.06,B029,North Branch 29,Tehran,mobile,0,10,wallet,2024-03-04,322,40,Beauty,invalid quantity
S000988363,2023-12-19,C047361,Hana,Hosseini,hana.hosseini47361@example.com,09515317055,Isfahan,2020-06-01,P00221,Eco Ball 221,electronics,159.84,202.3,B001,Central Branch 1,Rasht,online,0,0,card,2024-10-08,17,20,Electronics,invalid quantity
S000989600,2025-01-21,C010417,Mina,Mohammadi,mina.mohammadi10417@example.com,09725377108,Shiraz,2020-04-05,P00201,Prime Notebook 201,electronics,162.81,426.39,B023,Bazaar Branch 23,Rasht,mobile,0,5,online,2023-08-05,471,10,Electronics,invalid quantity
S000989727,2023-08-11,C033382,Hana,Rostami,hana.rostami33382@example.com,09460932565,Shiraz,2021-11-07,P00433,Prime Notebook 433,health,187.76,358.31,B034,Express Branch 34,Isfahan,partner,-3,0,card,2023-10-08,461,75,Health,invalid quantity
S000990837,2025-10-01,C024174,Hana,Hosseini,hana.hosseini24174@example.com,09151225709,Karaj,2023-04-11,P00150,Smart Ball 150,office,326.14,480.8,B039,Mall Branch 39,Shiraz,online,0,20,online,2025-12-02,498,20,Office,invalid quantity
S000992074,2024-03-31,C017388,Yasin,Hosseini,yasin.hosseini17388@example.com,09107176014,Isfahan,2024-05-08,P00103,Nova Ball 103,books,327.2,674.75,B017,Express Branch 17,Tehran,online,0,0,online,2023-12-23,294,75,Books,invalid quantity
S000992930,2025-09-14,C003635,Maryam,Rahimi,maryam.rahimi3635@example.com,09916671494,Isfahan,2020-01-23,P00188,Mini Puzzle 188,shoes,21.37,36.15,B035,Mall Branch 35,Isfahan,mobile,-2,25,card,2023-09-23,164,75,Shoes,invalid quantity
S000993311,2025-06-16,C032247,Ali,Ahmadi,ali.ahmadi32247@example.com,09598599046,Shiraz,2020-10-16,P00118,Classic Notebook 118,travel,123.09,220.66,B013,Outlet Branch 13,Mashhad,mobile,0,0,card,2023-12-06,121,100,Travel,invalid quantity
S000994548,2024-05-30,C004016,Leila,Moradi,leila.moradi4016@example.com,09719569898,Isfahan,2024-03-15,P00259,Classic Shirt 259,gaming,149.43,334.22,B005,South Branch 5,Tehran,online,0,0,online,2024-07-05,125,75,Gaming,invalid quantity
S000995785,2024-08-12,C002465,Arman,Karimi,arman.karimi2465@example.com,09658404186,Karaj,2024-05-26,P00401,Classic Puzzle 401,electronics,154.81,387.8,B012,South Branch 12,Mashhad,online,0,0,wallet,2024-03-04,379,20,Electronics,invalid quantity
S000996133,2024-07-14,C025261,Mina,Jafari,mina.jafari25261@example.com,09567929559,Rasht,2024-11-02,P00128,Mini Coffee 128,shoes,136.7,209.32,B037,Bazaar Branch 37,Tehran,online,-3,15,card,2024-04-05,22,40,Shoes,invalid quantity
S000997022,2024-11-06,C004500,Sara,Akbari,sara.akbari4500@example.com,09151894299,Karaj,2021-02-10,P00182,Eco Cream 182,home appliances,349.26,822.32,B010,Central Branch 10,Rasht,mobile,0,5,card,2024-06-05,273,20,Home Appliances,invalid quantity
S000998259,2024-07-13,C023367,Neda,Mohammadi,neda.mohammadi23367@example.com,09880574812,Qom,2020-06-30,P00370,Max Puzzle 370,office,394.39,608.3,B022,Outlet Branch 22,Rasht,mobile,0,5,card,2023-04-01,426,40,Office,invalid quantity
S000999336,2025-03-26,C032623,Maryam,Rahimi,maryam.rahimi32623@example.com,09101465982,Mashhad,2020-12-14,P00457,Plus Sneakers 457,baby,51.47,111.57,B015,Outlet Branch 15,Isfahan,partner,-2,0,online,2023-05-13,229,75,Baby,invalid quantity
S000999496,2025-12-22,C008469,Maryam,Salehi,maryam.salehi8469@example.com,09895398019,Tehran,2022-08-04,P00357,Classic Shirt 357,baby,323.67,832.68,B031,North Branch 31,Tehran,store,0,25,online,2023-06-08,90,50,Baby,invalid quantity
S000004547,2025-10-14,C037182,Omid,Akbari,omid.akbari37182@example.com,09534338909,Isfahan,2021-10-15,P00468,Basic Headphones 468,shoes,-365.42,841.75,B018,North Branch 18,Tabriz,partner,1,0,card,2023-09-13,341,75,Shoes,negative price or cost
S000005003,2023-08-12,C017500,Yasin,Rostami,yasin.rostami17500@example.com,09329664019,Tehran,2021-05-07,P00352,Nova Desk 352,automotive,256.47,-527.87,B030,Airport Branch 30,Mashhad,mobile,2,15,online,2023-11-10,55,40,Automotive,negative price or cost
S000009094,2025-12-02,C046746,Maryam,Ahmadi,maryam.ahmadi46746@example.com,09561561307,Tabriz,2020-01-31,P00086,Plus Cream 86,toys,-326.49,808.57,B021,Airport Branch 21,Tehran,online,2,25,card,2024-12-29,358,50,Toys,negative price or cost
S000010006,2025-06-03,C009788,Ali,Rahimi,ali.rahimi9788@example.com,09218675429,Shiraz,2020-09-06,P00151,Prime Coffee 151,garden,396.9,-465.8,B020,North Branch 20,Shiraz,online,1,25,cash,2024-11-11,452,75,Garden,negative price or cost
S000013641,2025-10-10,C034395,Arman,Salehi,arman.salehi34395@example.com,09409493457,Tehran,2024-09-17,P00146,Max Cream 146,toys,-343.18,874.03,B030,Airport Branch 30,Mashhad,mobile,1,10,cash,2025-02-19,437,30,Toys,negative price or cost
S000015009,2023-08-29,C017545,Sara,Ahmadi,sara.ahmadi17545@example.com,09727570336,Isfahan,2023-06-04,P00211,Max Cream 211,garden,327.13,-381.27,B006,North Branch 6,Tehran,online,6,0,cash,2023-04-30,94,75,Garden,negative price or cost
S000018188,2025-11-16,C034162,Reza,Karimi,reza.karimi34162@example.com,09313240613,Tabriz,2021-02-10,P00244,Max Headphones 244,beauty,-189.21,312.06,B040,Outlet Branch 40,Tehran,online,4,10,online,2025-11-24,169,20,Beauty,negative price or cost
S000020012,2025-09-11,C001524,Mina,Mohammadi,mina.mohammadi1524@example.com,09665918566,Isfahan,2022-10-12,P00113,Mini Coffee 113,health,187.79,-369.98,B026,Central Branch 26,Mashhad,partner,6,25,online,2024-10-22,474,10,Health,negative price or cost
S000022735,2024-05-17,C048965,Yasin,Karimi,yasin.karimi48965@example.com,09973015241,Isfahan,2023-12-10,P00241,Prime Sneakers 241,electronics,-207.74,325.11,B031,North Branch 31,Tehran,store,3,10,online,2025-01-14,404,50,Electronics,negative price or cost
S000025015,2025-11-22,C000043,Hana,Karimi,hana.karimi43@example.com,09384602384,Tabriz,2024-11-21,P00147,Prime Puzzle 147,clothing,333.65,-444.33,B027,Express Branch 27,Shiraz,store,10,15,wallet,2023-06-30,55,30,Clothing,negative price or cost
S000027282,2024-01-13,C043152,Hana,Salehi,hana.salehi43152@example.com,09671689985,Isfahan,2023-02-20,P00488,Basic Shirt 488,shoes,-28.99,52.72,B040,Outlet Branch 40,Tehran,online,1,15,cash,2025-01-13,394,10,Shoes,negative price or cost
S000030018,2023-12-11,C034611,Mina,Karimi,mina.karimi34611@example.com,09529075442,Qom,2024-02-07,P00043,Prime Mixer 43,books,59.66,-72.72,B031,North Branch 31,Tehran,store,3,25,wallet,2024-12-07,485,100,Books,negative price or cost
S000031829,2024-06-11,C034150,Omid,Jafari,omid.jafari34150@example.com,09501244620,Tehran,2024-01-06,P00298,Classic Sneakers 298,travel,-336.48,475.55,B011,Central Branch 11,Tehran,partner,5,0,online,2023-05-24,254,100,Travel,negative price or cost
S000035021,2023-12-19,C031816,Reza,Rostami,reza.rostami31816@example.com,09170768987,Rasht,2020-06-02,P00069,Eco Ball 69,grocery,41.97,-62.04,B024,Outlet Branch 24,Tehran,store,1,0,online,2024-12-05,277,75,Grocery,negative price or cost
S000036376,2024-12-12,C029871,Maryam,Ahmadi,maryam.ahmadi29871@example.com,09621966397,Qom,2020-06-26,P00090,Basic Shirt 90,office,-18.52,40.15,B025,Bazaar Branch 25,Tehran,mobile,4,0,online,2024-05-11,91,75,Office,negative price or cost
S000040024,2024-09-09,C025498,Leila,Hosseini,leila.hosseini25498@example.com,09107541516,Tehran,2024-03-30,P00022,Eco Coffee 22,home appliances,177.76,-303.68,B002,Mall Branch 2,Karaj,partner,3,0,wallet,2025-06-09,464,40,Home Appliances,negative price or cost
S000040923,2023-10-16,C037872,Amir,Salehi,amir.salehi37872@example.com,09901408436,Karaj,2021-03-24,P00141,Pro Desk 141,electronics,-166.04,422.45,B036,Express Branch 36,Tehran,store,1,15,cash,2023-04-14,192,75,Electronics,negative price or cost
S000045027,2025-11-10,C017183,Mina,Akbari,mina.akbari17183@example.com,09449076931,Shiraz,2020-06-13,P00131,Pro Shirt 131,garden,34.95,-77.2,B019,Bazaar Branch 19,Shiraz,mobile,1,25,card,2024-03-29,134,40,Garden,negative price or cost
S000045470,2023-05-28,C006959,Ali,Akbari,ali.akbari6959@example.com,09915571858,Shiraz,2021-01-17,P00265,Eco Mixer 265,sports,-398.58,866.09,B009,South Branch 9,Isfahan,store,3,0,card,2024-06-23,318,30,Sports,negative price or cost
S000050017,2025-10-07,C045285,Mina,Karimi,mina.karimi45285@example.com,09611616073,Mashhad,2023-08-28,P00069,Eco Ball 69,grocery,-41.97,62.04,B004,Bazaar Branch 4,Rasht,partner,4,25,card,2023-01-14,91,75,Grocery,negative price or cost
S000050030,2023-08-26,C046561,Yasin,Moradi,yasin.moradi46561@example.com,09290576739,Karaj,2022-09-18,P00336,Max Mixer 336,pets,176.9,-250.81,B001,Central Branch 1,Rasht,online,3,15,card,2023-11-16,257,30,Pets,negative price or cost
S000054564,2024-10-17,C026874,Hana,Karimi,hana.karimi26874@example.com,09835536566,Karaj,2022-02-10,P00467,Nova Headphones 467,clothing,-191.58,471.9,B032,Central Branch 32,Shiraz,partner,5,0,card,2024-08-08,58,75,Clothing,negative price or cost
S000055033,2023-07-24,C030796,Sara,Akbari,sara.akbari30796@example.com,09680643616,Tehran,2021-10-04,P00415,Plus Mixer 415,music,179.33,-403.07,B040,Outlet Branch 40,Tehran,online,1,0,online,2025-02-15,24,50,Music,negative price or cost
S000059111,2024-08-26,C038751,Neda,Rahimi,neda.rahimi38751@example.com,09886693500,Mashhad,2020-05-11,P00346,Smart Puzzle 346,toys,-118.21,187.79,B009,South Branch 9,Isfahan,store,2,15,card,2024-11-14,500,10,Toys,negative price or cost
S000060036,2023-05-11,C025695,Maryam,Ahmadi,maryam.ahmadi25695@example.com,09831017560,Tehran,2020-09-19,P00443,Smart Puzzle 443,books,337.64,-456.41,B021,Airport Branch 21,Tehran,online,3,15,wallet,2025-04-17,164,40,Books,negative price or cost
S000063658,2023-08-18,C028535,Arman,Rostami,arman.rostami28535@example.com,09481648170,Rasht,2023-10-10,P00492,Eco Sneakers 492,automotive,-247.47,496.34,B015,Outlet Branch 15,Isfahan,partner,1,25,card,2023-03-17,61,100,Automotive,negative price or cost
S000065039,2023-11-21,C037623,Amir,Salehi,amir.salehi37623@example.com,09333251367,Tehran,2022-11-12,P00351,Max Notebook 351,garden,191.99,-271.92,B007,Central Branch 7,Qom,partner,5,0,online,2025-10-02,70,100,Garden,negative price or cost
S000068205,2023-03-05,C030635,Ali,Akbari,ali.akbari30635@example.com,09980509273,Shiraz,2024-10-11,P00476,Plus Puzzle 476,pets,-358.21,718.34,B002,Mall Branch 2,Karaj,partner,2,0,cash,2025-03-22,157,50,Pets,negative price or cost
S000070042,2025-05-16,C021703,Neda,Hosseini,neda.hosseini21703@example.com,09208529434,Qom,2020-12-03,P00381,Nova Puzzle 381,electronics,163.77,-238.64,B035,Mall Branch 35,Isfahan,mobile,4,0,card,2024-08-25,301,100,Electronics,negative price or cost
S000072752,2024-03-10,C032213,Maryam,Karimi,maryam.karimi32213@example.com,09649940970,Tabriz,2024-09-04,P00484,Classic Mixer 484,beauty,-335.8,844.89,B035,Mall Branch 35,Isfahan,mobile,3,0,online,2024-09-05,344,75,Beauty,negative price or cost
S000075045,2023-12-26,C005337,Sara,Akbari,sara.akbari5337@example.com,09966429960,Tehran,2024-08-26,P00394,Pro Puzzle 394,jewelry,301.92,-551.85,B028,Express Branch 28,Isfahan,partner,5,0,online,2023-10-31,263,20,Jewelry,negative price or cost
S000077299,2023-04-15,C008947,Omid,Jafari,omid.jafari8947@example.com,09347549203,Shiraz,2021-12-06,P00403,Mini Ball 403,books,-380.22,1017.38,B037,Bazaar Branch 37,Tehran,online,4,0,card,2024-02-06,483,20,Books,negative price or cost
S000080048,2023-01-26,C006702,Maryam,Moradi,maryam.moradi6702@example.com,09227802344,Isfahan,2023-07-04,P00334,Plus Desk 334,jewelry,341.94,-421.76,B010,Central Branch 10,Rasht,mobile,3,25,online,2025-01-01,31,10,Jewelry,negative price or cost
S000081846,2023-03-21,C040561,Arman,Hosseini,arman.hosseini40561@example.com,09304636996,Qom,2023-12-09,P00459,Classic Sneakers 459,gaming,-36.87,67.96,B001,Central Branch 1,Rasht,online,10,15,online,2023-02-25,70,30,Gaming,negative price or cost
S000085051,2024-12-07,C037803,Amir,Rostami,amir.rostami37803@example.com,09764527638,Qom,2024-03-29,P00436,Basic Notebook 436,pets,41.7,-75.27,B018,North Branch 18,Tabriz,partner,3,20,wallet,2023-07-13,37,20,Pets,negative price or cost
S000086393,2025-02-05,C023575,Neda,Jafari,neda.jafari23575@example.com,09463179353,Isfahan,2022-08-23,P00039,Mini Shirt 39,gaming,-160.85,364.32,B034,Express Branch 34,Isfahan,partner,3,15,card,2025-07-20,168,40,Gaming,negative price or cost
S000090054,2023-04-13,C039035,Reza,Salehi,reza.salehi39035@example.com,09538784441,Shiraz,2020-02-08,P00498,Prime Coffee 498,travel,36.32,-65.61,B030,Airport Branch 30,Mashhad,mobile,3,10,card,2024-12-13,329,30,Travel,negative price or cost
S000090940,2025-03-24,C004418,Leila,Hosseini,leila.hosseini4418@example.com,09566668019,Shiraz,2023-12-03,P00327,Mini Shirt 327,clothing,-294.84,800.35,B019,Bazaar Branch 19,Shiraz,mobile,4,10,online,2024-02-02,244,40,Clothing,negative price or cost
S000095057,2024-06-15,C037566,Reza,Hosseini,reza.hosseini37566@example.com,09618308837,Isfahan,2020-06-02,P00428,Smart Headphones 428,shoes,32.67,-71.02,B003,Bazaar Branch 3,Karaj,online,1,0,wallet,2023-06-16,2,100,Shoes,negative price or cost
S000095487,2024-02-15,C045149,Hana,Rostami,hana.rostami45149@example.com,09612017708,Shiraz,2022-01-27,P00281,Basic Puzzle 281,electronics,-55.09,127.69,B027,Express Branch 27,Shiraz,store,2,0,online,2023-02-08,471,40,Electronics,negative price or cost
S000100034,2023-04-21,C024247,Hana,Jafari,hana.jafari24247@example.com,09505633907,Isfahan,2024-07-06,P00071,Classic Sneakers 71,garden,-280.34,477.06,B009,South Branch 9,Isfahan,store,2,5,cash,2025-11-26,413,20,Garden,negative price or cost
S000100060,2024-03-12,C015391,Maryam,Salehi,maryam.salehi15391@example.com,09538153824,Karaj,2020-07-12,P00081,Eco Coffee 81,electronics,267.58,-643.87,B034,Express Branch 34,Isfahan,partner,8,0,card,2025-06-06,430,30,Electronics,negative price or cost
S000104581,2024-05-02,C036697,Neda,Rahimi,neda.rahimi36697@example.com,09859401183,Isfahan,2023-10-09,P00131,Pro Shirt 131,garden,-34.95,77.2,B022,Outlet Branch 22,Rasht,mobile,8,0,card,2024-10-04,463,30,Garden,negative price or cost
S000105063,2023-01-31,C020304,Leila,Moradi,leila.moradi20304@example.com,09873832590,Karaj,2023-05-19,P00160,Nova Coffee 160,furniture,334.31,-436.72,B010,Central Branch 10,Rasht,mobile,1,0,online,2025-08-24,129,75,Furniture,negative price or cost
S000109128,2025-09-15,C044194,Omid,Mohammadi,omid.mohammadi44194@example.com,09354271445,Shiraz,2023-10-06,P00458,Nova Cream 458,travel,-243.73,604.02,B028,Express Branch 28,Isfahan,partner,1,10,online,2023-04-21,285,40,Travel,negative price or cost
S000110066,2023-02-12,C000911,Neda,Moradi,neda.moradi911@example.com,09844292151,Tehran,2021-12-18,P00167,Prime Cream 167,clothing,239.27,-457.81,B028,Express Branch 28,Isfahan,partner,3,20,online,2025-12-08,454,30,Clothing,negative price or cost
S000113675,2024-12-17,C047105,Omid,Karimi,omid.karimi47105@example.com,09513083077,Tehran,2020-04-24,P00156,Nova Shirt 156,pets,-184.17,381.04,B039,Mall Branch 39,Shiraz,online,3,15,online,2024-07-20,18,100,Pets,negative price or cost
S000115069,2025-09-25,C009662,Leila,Ahmadi,leila.ahmadi9662@example.com,09960537767,Karaj,2021-11-28,P00326,Eco Sneakers 326,toys,67.56,-99.81,B007,Central Branch 7,Qom,partner,2,5,wallet,2023-08-27,455,10,Toys,negative price or cost
S000118222,2024-06-25,C002649,Neda,Rahimi,neda.rahimi2649@example.com,09141973293,Qom,2020-10-30,P00305,Prime Shirt 305,sports,-391.21,851.28,B001,Central Branch 1,Rasht,online,1,0,online,2025-02-27,266,40,Sports,negative price or cost
S000120072,2024-04-02,C039270,Omid,Akbari,omid.akbari39270@example.com,09688246244,Isfahan,2020-08-25,P00155,Plus Cream 155,music,252.23,-303.31,B026,Central Branch 26,Mashhad,partner,6,15,card,2025-05-10,220,100,Music,negative price or cost
S000122769,2023-09-12,C024987,Neda,Rostami,neda.rostami24987@example.com,09996895396,Tehran,2022-08-02,P00307,Nova Notebook 307,clothing,-103.14,175.72,B023,Bazaar Branch 23,Rasht,mobile,2,10,wallet,2023-08-22,47,20,Clothing,negative price or cost
S000125075,2024-07-06,C038967,Reza,Mohammadi,reza.mohammadi38967@example.com,09375883142,Karaj,2021-07-11,P00001,Mini Desk 1,electronics,75.63,-160.11,B006,North Branch 6,Tehran,online,4,0,cash,2023-03-31,324,50,Electronics,negative price or cost
S000127316,2023-07-31,C040907,Reza,Salehi,reza.salehi40907@example.com,09467742703,Isfahan,2021-09-10,P00150,Smart Ball 150,office,-326.14,480.8,B037,Bazaar Branch 37,Tehran,online,2,15,card,2023-03-02,340,10,Office,negative price or cost
S000130078,2025-08-24,C048019,Mina,Salehi,mina.salehi48019@example.com,09265793753,Shiraz,2021-04-05,P00477,Eco Notebook 477,baby,324.84,-410.46,B017,Express Branch 17,Tehran,online,3,5,online,2023-04-25,389,100,Baby,negative price or cost
S000131863,2024-06-15,C040554,Arman,Rostami,arman.rostami40554@example.com,09758421946,Isfahan,2024-07-18,P00104,Mini Desk 104,beauty,-185.86,431.35,B003,Bazaar Branch 3,Karaj,online,6,15,card,2023-03-22,110,10,Beauty,negative price or cost
S000135081,2024-03-21,C029150,Hana,Jafari,hana.jafari29150@example.com,09818096977,Tehran,2023-11-26,P00229,Nova Coffee 229,grocery,310.04,-785.58,B010,Central Branch 10,Rasht,mobile,2,25,cash,2023-05-07,274,10,Grocery,negative price or cost
S000136410,2023-11-26,C035403,Sara,Salehi,sara.salehi35403@example.com,09575953760,Isfahan,2021-07-31,P00382,Prime Shirt 382,home appliances,-269.62,315.09,B028,Express Branch 28,Isfahan,partner,1,0,card,2024-07-14,100,50,Home Appliances,negative price or cost
S000140084,2025-12-22,C048426,Leila,Mohammadi,leila.mohammadi48426@example.com,09194310961,Qom,2022-08-18,P00179,Pro Puzzle 179,gaming,78.04,-192.56,B019,Bazaar Branch 19,Shiraz,mobile,5,0,cash,2023-04-26,457,40,Gaming,negative price or cost
S000140957,2024-10-22,C005503,Arman,Mohammadi,arman.mohammadi5503@example.com,09291343796,Karaj,2021-10-13,P00326,Eco Sneakers 326,toys,-67.56,99.81,B017,Express Branch 17,Tehran,online,1,5,card,2023-06-01,4,20,Toys,negative price or cost
S000145087,2024-04-06,C015961,Arman,Mohammadi,arman.mohammadi15961@example.com,09868456677,Qom,2024-10-17,P00449,Mini Cream 449,grocery,80.17,-173.91,B026,Central Branch 26,Mashhad,partner,2,10,card,2024-11-12,181,50,Grocery,negative price or cost
S000145504,2024-03-22,C039640,Amir,Rostami,amir.rostami39640@example.com,09267490440,Tehran,2020-11-21,P00469,Prime Desk 469,grocery,-73.29,87.48,B024,Outlet Branch 24,Tehran,store,4,0,online,2023-12-13,414,30,Grocery,negative price or cost
S000150051,2024-02-19,C026394,Amir,Mohammadi,amir.mohammadi26394@example.com,09746754828,Isfahan,2023-12-08,P00282,Pro Ball 282,home appliances,-148.9,364.51,B033,South Branch 33,Isfahan,online,2,25,wallet,2023-12-03,405,30,Home Appliances,negative price or cost
S000150090,2023-12-28,C006372,Ali,Hosseini,ali.hosseini6372@example.com,09608801224,Qom,2022-01-16,P00253,Classic Notebook 253,health,79.31,-220.23,B018,North Branch 18,Tabriz,partner,1,0,online,2023-02-20,62,100,Health,negative price or cost
S000154598,2025-12-05,C014946,Maryam,Moradi,maryam.moradi14946@example.com,09472079275,Tehran,2020-09-01,P00401,Classic Puzzle 401,electronics,-154.81,387.8,B033,South Branch 33,Isfahan,online,3,25,card,2023-01-01,459,75,Electronics,negative price or cost
S000155093,2024-03-06,C012434,Amir,Mohammadi,amir.mohammadi12434@example.com,09543618266,Mashhad,2022-05-19,P00468,Basic Headphones 468,shoes,365.42,-841.75,B006,North Branch 6,Tehran,online,1,5,card,2024-11-25,450,50,Shoes,negative price or cost
S000159145,2025-10-27,C027852,Neda,Hosseini,neda.hosseini27852@example.com,09553284457,Shiraz,2020-01-24,P00215,Mini Puzzle 215,music,-73.52,87.63,B003,Bazaar Branch 3,Karaj,online,4,15,card,2024-03-26,139,50,Music,negative price or cost
S000160096,2023-05-25,C019341,Sara,Jafari,sara.jafari19341@example.com,09479835343,Tehran,2022-06-02,P00477,Eco Notebook 477,baby,324.84,-410.46,B015,Outlet Branch 15,Isfahan,partner,3,25,card,2025-11-22,473,75,Baby,negative price or cost
S000163692,2024-01-31,C048999,Hana,Mohammadi,hana.mohammadi48999@example.com,09312329054,Tehran,2024-01-02,P00107,Smart Coffee 107,clothing,-286.7,387.25,B037,Bazaar Branch 37,Tehran,online,3,15,online,2025-11-19,147,75,Clothing,negative price or cost
S000165099,2024-10-11,C040567,Neda,Mohammadi,neda.mohammadi40567@example.com,09159568415,Isfahan,2023-10-17,P00382,Prime Shirt 382,home appliances,269.62,-315.09,B001,Central Branch 1,Rasht,online,4,15,wallet,2023-11-11,428,75,Home Appliances,negative price or cost
S000168239,2023-08-27,C012262,Neda,Rostami,neda.rostami12262@example.com,09733628082,Karaj,2023-01-05,P00124,Plus Coffee 124,beauty,-200.91,367.89,B026,Central Branch 26,Mashhad,partner,8,10,card,2025-06-16,87,75,Beauty,negative price or cost
S000170102,2023-07-04,C036381,Arman,Hosseini,arman.hosseini36381@example.com,09583334482,Isfahan,2020-01-25,P00314,Classic Puzzle 314,jewelry,375.06,-447.37,B014,Bazaar Branch 14,Shiraz,mobile,4,5,wallet,2023-07-14,181,75,Jewelry,negative price or cost
S000172786,2025-02-10,C001467,Arman,Akbari,arman.akbari1467@example.com,09245226262,Isfahan,2024-04-26,P00338,Pro Puzzle 338,travel,-237.05,369.95,B020,North Branch 20,Shiraz,online,5,10,online,2023-03-01,143,30,Travel,negative price or cost
S000175105,2024-04-15,C033791,Leila,Ahmadi,leila.ahmadi33791@example.com,09283360165,Qom,2021-08-11,P00363,Plus Ball 363,books,113.88,-239.16,B036,Express Branch 36,Tehran,store,3,0,card,2024-11-26,55,20,Books,negative price or cost
S000177333,2023-05-12,C031613,Hana,Ahmadi,hana.ahmadi31613@example.com,09732776534,Shiraz,2022-01-27,P00182,Eco Cream 182,home appliances,-349.26,822.32,B024,Outlet Branch 24,Tehran,store,1,10,card,2023-01-22,365,75,Home Appliances,negative price or cost
S000180108,2024-09-03,C015759,Neda,Hosseini,neda.hosseini15759@example.com,09143069055,Tehran,2020-03-23,P00249,Max Sneakers 249,grocery,309.04,-808.45,B021,Airport Branch 21,Tehran,online,4,0,card,2025-11-02,368,20,Grocery,negative price or cost
S000181880,2023-06-01,C036563,Neda,Mohammadi,neda.mohammadi36563@example.com,09912313386,Isfahan,2021-10-05,P00425,Pro Mixer 425,sports,-136.16,346.38,B039,Mall Branch 39,Shiraz,online,1,20,online,2023-03-16,404,20,Sports,negative price or cost
S000185111,2024-06-02,C004162,Reza,Karimi,reza.karimi4162@example.com,09673010207,Tehran,2021-05-18,P00371,Mini Desk 371,garden,5.51,-11.67,B026,Central Branch 26,Mashhad,partner,1,0,card,2024-07-22,339,30,Garden,negative price or cost
S000186427,2024-01-23,C039177,Maryam,Mohammadi,maryam.mohammadi39177@example.com,09101616175,Mashhad,2024-10-13,P00110,Prime Sneakers 110,office,-158.2,278.01,B014,Bazaar Branch 14,Shiraz,mobile,1,5,wallet,2024-11-22,4,75,Office,negative price or cost
S000190114,2024-03-05,C021419,Mina,Rostami,mina.rostami21419@example.com,09147051547,Qom,2023-09-15,P00306,Nova Headphones 306,toys,78.17,-180.82,B008,West Branch 8,Isfahan,store,5,5,cash,2023-02-23,170,20,Toys,negative price or cost
S000190974,2023-12-05,C020063,Amir,Hosseini,amir.hosseini20063@example.com,09551964677,Shiraz,2024-03-03,P00318,Pro Ball 318,travel,-67.66,99.48,B037,Bazaar Branch 37,Tehran,online,1,0,online,2023-09-08,164,30,Travel,negative price or cost
S000195117,2024-08-08,C042933,Mina,Mohammadi,mina.mohammadi42933@example.com,09153082904,Mashhad,2022-05-03,P00314,Classic Puzzle 314,jewelry,375.06,-447.37,B025,Bazaar Branch 25,Tehran,mobile,3,0,cash,2024-06-29,218,20,Jewelry,negative price or cost
S000195521,2023-12-09,C049613,Hana,Rahimi,hana.rahimi49613@example.com,09890350652,Tehran,2023-02-14,P00197,Nova Puzzle 197,baby,-174.84,249.41,B033,South Branch 33,Isfahan,online,1,0,cash,2025-01-18,278,40,Baby,negative price or cost
S000200068,2025-11-16,C035975,Arman,Moradi,arman.moradi35975@example.com,09535634281,Shiraz,2023-11-18,P00320,Pro Puzzle 320,furniture,-224.03,267.37,B033,South Branch 33,Isfahan,online,5,25,card,2025-12-06,394,40,Furniture,negative price or cost
S000200120,2025-06-10,C004078,Maryam,Mohammadi,maryam.mohammadi4078@example.com,09341959177,Shiraz,2022-12-04,P00149,Basic Puzzle 149,grocery,279.64,-403.61,B020,North Branch 20,Shiraz,online,1,5,wallet,2023-05-23,352,100,Grocery,negative price or cost
S000204615,2023-02-03,C014111,Mina,Moradi,mina.moradi14111@example.com,09301419917,Shiraz,2023-02-28,P00331,Classic Coffee 331,garden,-24.75,35.69,B029,North Branch 29,Tehran,mobile,2,5,card,2023-11-04,226,100,Garden,negative price or cost
S000205123,2024-12-01,C011133,Sara,Moradi,sara.moradi11133@example.com,09238180646,Isfahan,2022-09-11,P00126,Plus Puzzle 126,toys,213.24,-527.92,B022,Outlet Branch 22,Rasht,mobile,1,20,card,2024-07-01,100,30,Toys,negative price or cost
S000209162,2025-05-24,C032212,Yasin,Hosseini,yasin.hosseini32212@example.com,09859506523,Isfahan,2024-06-30,P00078,Smart Cream 78,travel,-7.24,19.81,B026,Central Branch 26,Mashhad,partner,1,0,card,2024-04-12,247,100,Travel,negative price or cost
S000210126,2024-04-11,C046151,Hana,Salehi,hana.salehi46151@example.com,09400064744,Tehran,2023-01-26,P00386,Basic Desk 386,toys,359.72,-470.14,B001,Central Branch 1,Rasht,online,2,10,card,2023-06-15,465,40,Toys,negative price or cost
S000213709,2023-09-16,C046020,Sara,Salehi,sara.salehi46020@example.com,09553175278,Tehran,2021-02-27,P00128,Mini Coffee 128,shoes,-136.7,209.32,B003,Bazaar Branch 3,Karaj,online,5,25,wallet,2023-01-10,84,10,Shoes,negative price or cost
S000215129,2023-04-17,C021447,Neda,Rostami,neda.rostami21447@example.com,09669658097,Rasht,2022-10-24,P00350,Plus Notebook 350,office,165.98,-197.33,B008,West Branch 8,Isfahan,store,2,5,online,2025-06-27,135,10,Office,negative price or cost
S000218256,2025-05-09,C002797,Reza,Rostami,reza.rostami2797@example.com,09559973407,Isfahan,2020-12-28,P00485,Classic Desk 485,sports,-77.9,130.26,B013,Outlet Branch 13,Mashhad,mobile,3,20,card,2023-03-28,39,100,Sports,negative price or cost
S000220132,2024-05-10,C041723,Leila,Mohammadi,leila.mohammadi41723@example.com,09936033668,Rasht,2023-10-02,P00103,Nova Ball 103,books,327.2,-674.75,B027,Express Branch 27,Shiraz,store,1,0,online,2025-04-17,259,10,Books,negative price or cost
S000222803,2024-09-12,C039972,Mina,Akbari,mina.akbari39972@example.com,09962120820,Qom,2023-10-17,P00118,Classic Notebook 118,travel,-123.09,220.66,B019,Bazaar Branch 19,Shiraz,mobile,2,5,card,2025-12-11,199,30,Travel,negative price or cost
S000225135,2025-10-21,C016627,Maryam,Salehi,maryam.salehi16627@example.com,09300693215,Mashhad,2023-08-09,P00246,Smart Shirt 246,toys,392.4,-1056.94,B040,Outlet Branch 40,Tehran,online,2,25,card,2024-12-04,222,30,Toys,negative price or cost
S000227350,2023-02-05,C026254,Neda,Ahmadi,neda.ahmadi26254@example.com,09357372385,Isfahan,2021-01-01,P00430,Nova Puzzle 430,office,-49.37,56.85,B028,Express Branch 28,Isfahan,partner,4,15,online,2024-05-28,445,10,Office,negative price or cost
S000230138,2024-09-30,C036109,Omid,Moradi,omid.moradi36109@example.com,09782072598,Rasht,2022-01-23,P00213,Basic Sneakers 213,health,312.76,-515.89,B004,Bazaar Branch 4,Rasht,partner,5,25,wallet,2025-01-24,157,40,Health,negative price or cost
S000231897,2025-07-12,C004509,Sara,Mohammadi,sara.mohammadi4509@example.com,09936050835,Isfahan,2020-08-17,P00454,Max Mixer 454,jewelry,-135.82,163.81,B024,Outlet Branch 24,Tehran,store,2,10,online,2024-07-31,101,20,Jewelry,negative price or cost
S000235141,2024-11-01,C008977,Hana,Moradi,hana.moradi8977@example.com,09827695820,Shiraz,2020-06-13,P00427,Smart Notebook 427,clothing,273.02,-377.32,B008,West Branch 8,Isfahan,store,1,0,online,2025-01-31,283,10,Clothing,negative price or cost
S000236444,2023-05-05,C008119,Neda,Akbari,neda.akbari8119@example.com,09959835682,Tehran,2022-09-22,P00077,Smart Mixer 77,baby,-358.16,681.63,B039,Mall Branch 39,Shiraz,online,6,15,wallet,2024-03-26,134,50,Baby,negative price or cost
S000240144,2023-04-13,C040373,Leila,Hosseini,leila.hosseini40373@example.com,09171805469,Qom,2023-10-23,P00071,Classic Sneakers 71,garden,280.34,-477.06,B014,Bazaar Branch 14,Shiraz,mobile,2,25,card,2023-10-25,289,75,Garden,negative price or cost
S000240991,2024-08-24,C007589,Amir,Rostami,amir.rostami7589@example.com,09595586415,Isfahan,2020-12-20,P00481,Pro Desk 481,electronics,-333.13,838.02,B002,Mall Branch 2,Karaj,partner,2,15,online,2023-09-13,2,40,Electronics,negative price or cost
S000245147,2023-10-20,C009232,Arman,Akbari,arman.akbari9232@example.com,09965962558,Qom,2023-12-24,P00368,Basic Sneakers 368,shoes,190.32,-413.01,B001,Central Branch 1,Rasht,online,4,0,online,2023-05-20,328,75,Shoes,negative price or cost
S000245538,2023-04-26,C039570,Arman,Hosseini,arman.hosseini39570@example.com,09957843982,Tehran,2022-09-24,P00011,Prime Ball 11,garden,-73.98,195.05,B034,Express Branch 34,Isfahan,partner,1,5,card,2024-04-27,122,50,Garden,negative price or cost
S000250085,2023-09-25,C009951,Yasin,Moradi,yasin.moradi9951@example.com,09350116156,Mashhad,2022-07-09,P00087,Basic Shirt 87,clothing,-348.29,691.88,B022,Outlet Branch 22,Rasht,mobile,1,15,card,2023-02-24,363,20,Clothing,negative price or cost
S000250150,2024-12-23,C003445,Hana,Rostami,hana.rostami3445@example.com,09560193439,Tehran,2020-07-31,P00014,Max Sneakers 14,jewelry,272.13,-661.16,B009,South Branch 9,Isfahan,store,1,15,wallet,2023-07-07,498,30,Jewelry,negative price or cost
S000254632,2023-05-15,C040094,Reza,Rostami,reza.rostami40094@example.com,09726592309,Shiraz,2022-01-31,P00001,Mini Desk 1,electronics,-75.63,160.11,B022,Outlet Branch 22,Rasht,mobile,2,10,online,2023-03-15,457,10,Electronics,negative price or cost
S000255153,2023-12-09,C000295,Omid,Rahimi,omid.rahimi295@example.com,09797115550,Isfahan,2020-08-26,P00307,Nova Notebook 307,clothing,103.14,-175.72,B007,Central Branch 7,Qom,partner,2,25,wallet,2025-06-09,173,100,Clothing,negative price or cost
S000259179,2024-03-24,C000648,Maryam,Salehi,maryam.salehi648@example.com,09618836510,Qom,2022-09-26,P00405,Prime Coffee 405,sports,-382.05,772.23,B008,West Branch 8,Isfahan,store,3,0,wallet,2025-01-02,130,75,Sports,negative price or cost
S000260156,2025-12-14,C003849,Maryam,Hosseini,maryam.hosseini3849@example.com,09457468907,Tabriz,2020-05-03,P00110,Prime Sneakers 110,office,158.2,-278.01,B004,Bazaar Branch 4,Rasht,partner,6,0,wallet,2024-11-11,188,40,Office,negative price or cost
S000263726,2024-07-24,C043833,Neda,Akbari,neda.akbari43833@example.com,09269437384,Tabriz,2024-02-19,P00043,Prime Mixer 43,books,-59.66,72.72,B027,Express Branch 27,Shiraz,store,4,0,online,2023-01-02,122,50,Books,negative price or cost
S000265159,2025-09-24,C031105,Ali,Salehi,ali.salehi31105@example.com,09286176922,Isfahan,2021-02-26,P00037,Basic Ball 37,baby,125.82,-338.81,B011,Central Branch 11,Tehran,partner,6,15,card,2024-01-02,219,20,Baby,negative price or cost
S000268273,2024-11-26,C018791,Hana,Akbari,hana.akbari18791@example.com,09344654283,Tehran,2020-03-04,P00284,Prime Coffee 284,beauty,-21.3,39.57,B039,Mall Branch 39,Shiraz,online,4,25,online,2025-08-20,147,75,Beauty,negative price or cost
S000270162,2024-04-22,C049010,Sara,Moradi,sara.moradi49010@example.com,09341300243,Isfahan,2023-02-03,P00363,Plus Ball 363,books,113.88,-239.16,B007,Central Branch 7,Qom,partner,3,10,online,2025-04-29,275,30,Books,negative price or cost
S000272820,2025-12-01,C004166,Reza,Moradi,reza.moradi4166@example.com,09753875594,Isfahan,2023-03-21,P00080,Nova Puzzle 80,furniture,-298.24,674.76,B032,Central Branch 32,Shiraz,partner,1,0,online,2025-03-07,385,50,Furniture,negative price or cost
S000275165,2025-07-10,C041762,Yasin,Rahimi,yasin.rahimi41762@example.com,09823225939,Shiraz,2022-04-24,P00133,Eco Shirt 133,health,341.92,-713.88,B029,North Branch 29,Tehran,mobile,6,20,cash,2024-07-02,53,100,Health,negative price or cost
S000277367,2023-04-24,C019807,Neda,Hosseini,neda.hosseini19807@example.com,09745112005,Tehran,2020-06-03,P00057,Classic Ball 57,baby,-229.73,409.52,B016,North Branch 16,Rasht,online,3,5,online,2024-06-22,403,75,Baby,negative price or cost
S000280168,2025-06-15,C048645,Arman,Moradi,arman.moradi48645@example.com,09499571364,Isfahan,2020-08-24,P00104,Mini Desk 104,beauty,185.86,-431.35,B007,Central Branch 7,Qom,partner,1,0,card,2024-03-17,106,50,Beauty,negative price or cost
S000281914,2024-05-11,C035652,Maryam,Karimi,maryam.karimi35652@example.com,09580185825,Isfahan,2020-10-16,P00212,Smart Puzzle 212,automotive,-203.94,292.16,B030,Airport Branch 30,Mashhad,mobile,3,15,card,2024-05-29,111,40,Automotive,negative price or cost
S000285171,2025-12-22,C040784,Sara,Rostami,sara.rostami40784@example.com,09346806407,Shiraz,2023-09-12,P00368,Basic Sneakers 368,shoes,190.32,-413.01,B010,Central Branch 10,Rasht,mobile,1,15,cash,2023-04-07,127,50,Shoes,negative price or cost
S000286461,2024-12-15,C040829,Hana,Karimi,hana.karimi40829@example.com,09160182448,Isfahan,2022-08-07,P00256,Basic Headphones 256,pets,-293.01,614.78,B029,North Branch 29,Tehran,mobile,4,20,online,2023-12-04,438,75,Pets,negative price or cost
S000290174,2025-05-28,C045943,Reza,Moradi,reza.moradi45943@example.com,09319338127,Isfahan,2023-08-04,P00193,Max Mixer 193,health,263.86,-493.43,B022,Outlet Branch 22,Rasht,mobile,5,5,wallet,2024-10-20,344,50,Health,negative price or cost
S000291008,2024-04-12,C048765,Mina,Moradi,mina.moradi48765@example.com,09527361025,Tehran,2023-07-24,P00220,Smart Cream 220,furniture,-113.15,271.39,B013,Outlet Branch 13,Mashhad,mobile,2,5,wallet,2023-12-16,493,10,Furniture,negative price or cost
S000295177,2025-12-27,C001628,Yasin,Rahimi,yasin.rahimi1628@example.com,09758245742,Tehran,2021-12-04,P00251,Eco Shirt 251,garden,386.68,-910.55,B009,South Branch 9,Isfahan,store,10,0,wallet,2023-08-21,162,75,Garden,negative price or cost
S000295555,2024-07-25,C036411,Arman,Ahmadi,arman.ahmadi36411@example.com,09502165286,Qom,2024-03-31,P00338,Pro Puzzle 338,travel,-237.05,369.95,B027,Express Branch 27,Shiraz,store,4,5,online,2025-09-21,230,50,Travel,negative price or cost
S000300102,2023-06-02,C036043,Arman,Ahmadi,arman.ahmadi36043@example.com,09912317637,Tehran,2024-04-04,P00337,Nova Sneakers 337,baby,-266.29,458.7,B027,Express Branch 27,Shiraz,store,4,0,card,2024-08-24,37,75,Baby,negative price or cost
S000300180,2025-12-21,C044981,Mina,Moradi,mina.moradi44981@example.com,09248764402,Tehran,2022-11-02,P00072,Max Desk 72,automotive,260.74,-662.34,B028,Express Branch 28,Isfahan,partner,8,0,online,2024-05-21,133,40,Automotive,negative price or cost
S000304649,2025-03-30,C021446,Omid,Rostami,omid.rostami21446@example.com,09536573030,Shiraz,2020-09-26,P00013,Plus Notebook 13,health,-217.38,305.51,B039,Mall Branch 39,Shiraz,online,8,5,cash,2025-01-17,179,100,Health,negative price or cost
S000305183,2023-02-06,C047993,Omid,Jafari,omid.jafari47993@example.com,09537994572,Karaj,2020-04-30,P00175,Smart Sneakers 175,music,258.3,-449.81,B002,Mall Branch 2,Karaj,partner,2,5,online,2024-11-29,496,100,Music,negative price or cost
S000309196,2023-12-13,C037967,Hana,Salehi,hana.salehi37967@example.com,09560165080,Shiraz,2023-06-10,P00078,Smart Cream 78,travel,-7.24,19.81,B004,Bazaar Branch 4,Rasht,partner,1,20,cash,2023-10-31,311,20,Travel,negative price or cost
S000310186,2023-10-18,C004767,Omid,Mohammadi,omid.mohammadi4767@example.com,09248472045,Karaj,2023-02-17,P00350,Plus Notebook 350,office,165.98,-197.33,B036,Express Branch 36,Tehran,store,1,5,online,2023-03-17,138,75,Office,negative price or cost
S000313743,2023-10-09,C031232,Arman,Moradi,arman.moradi31232@example.com,09266866596,Tehran,2020-07-06,P00281,Basic Puzzle 281,electronics,-55.09,127.69,B007,Central Branch 7,Qom,partner,3,0,card,2025-03-01,210,75,Electronics,negative price or cost
S000315189,2023-02-07,C026722,Mina,Rostami,mina.rostami26722@example.com,09880525821,Tehran,2022-11-25,P00380,Pro Notebook 380,furniture,132.42,-291.35,B029,North Branch 29,Tehran,mobile,5,0,wallet,2025-10-20,110,100,Furniture,negative price or cost
S000318290,2024-12-10,C033894,Hana,Hosseini,hana.hosseini33894@example.com,09415503417,Tabriz,2024-10-20,P00251,Eco Shirt 251,garden,-386.68,910.55,B010,Central Branch 10,Rasht,mobile,6,0,wallet,2023-10-22,46,75,Garden,negative price or cost
S000320192,2024-07-09,C042962,Hana,Mohammadi,hana.mohammadi42962@example.com,09579956284,Tehran,2024-02-06,P00021,Classic Notebook 21,electronics,378.84,-644.97,B040,Outlet Branch 40,Tehran,online,1,0,online,2024-01-07,209,75,Electronics,negative price or cost
S000322837,2024-09-24,C013139,Omid,Ahmadi,omid.ahmadi13139@example.com,09366669337,Shiraz,2022-05-18,P00353,Max Headphones 353,health,-273.14,584.02,B010,Central Branch 10,Rasht,mobile,2,25,wallet,2023-09-09,454,100,Health,negative price or cost
S000325195,2024-03-31,C029561,Hana,Ahmadi,hana.ahmadi29561@example.com,09643882995,Isfahan,2023-01-25,P00205,Max Ball 205,sports,276.44,-597.66,B013,Outlet Branch 13,Mashhad,mobile,10,20,card,2025-08-09,433,50,Sports,negative price or cost
S000327384,2025-10-24,C042574,Yasin,Jafari,yasin.jafari42574@example.com,09175472800,Tehran,2021-07-06,P00031,Mini Coffee 31,garden,-22.73,26.89,B037,Bazaar Branch 37,Tehran,online,1,15,wallet,2024-11-30,52,30,Garden,negative price or cost
S000330198,2023-08-21,C011693,Omid,Rostami,omid.rostami11693@example.com,09159490793,Tehran,2022-01-17,P00365,Basic Shirt 365,sports,259.92,-432.66,B033,South Branch 33,Isfahan,online,2,0,online,2023-03-29,215,50,Sports,negative price or cost
S000331931,2025-01-28,C042267,Omid,Karimi,omid.karimi42267@example.com,09138955726,Tehran,2020-08-21,P00363,Plus Ball 363,books,-113.88,239.16,B033,South Branch 33,Isfahan,online,1,0,online,2025-02-15,473,50,Books,negative price or cost
S000335201,2024-05-22,C009749,Ali,Mohammadi,ali.mohammadi9749@example.com,09757488292,Tehran,2021-12-19,P00310,Smart Coffee 310,office,201.78,-331.87,B039,Mall Branch 39,Shiraz,online,3,0,wallet,2024-05-07,434,50,Office,negative price or cost
S000336478,2025-07-08,C044558,Sara,Akbari,sara.akbari44558@example.com,09959061490,Shiraz,2022-08-04,P00443,Smart Puzzle 443,books,-337.64,456.41,B031,North Branch 31,Tehran,store,5,15,wallet,2025-06-09,440,100,Books,negative price or cost
S000340204,2024-04-11,C018276,Mina,Ahmadi,mina.ahmadi18276@example.com,09281743640,Shiraz,2024-04-12,P00098,Plus Shirt 98,travel,18.48,-50.59,B034,Express Branch 34,Isfahan,partner,3,20,card,2023-06-13,34,30,Travel,negative price or cost
S000341025,2023-06-23,C006966,Mina,Mohammadi,mina.mohammadi6966@example.com,09576797391,Tehran,2020-06-18,P00111,Basic Cream 111,garden,-155.52,295.18,B028,Express Branch 28,Isfahan,partner,2,25,online,2024-06-08,18,40,Garden,negative price or cost
S000345207,2024-01-07,C017275,Arman,Rahimi,arman.rahimi17275@example.com,09204926531,Shiraz,2022-03-02,P00221,Eco Ball 221,electronics,159.84,-202.3,B021,Airport Branch 21,Tehran,online,2,5,cash,2024-12-05,225,40,Electronics,negative price or cost
S000345572,2023-11-04,C025037,Mina,Karimi,mina.karimi25037@example.com,09486737477,Qom,2021-01-13,P00065,Basic Mixer 65,sports,-381.26,805.32,B027,Express Branch 27,Shiraz,store,4,20,cash,2023-07-16,58,40,Sports,negative price or cost
S000350119,2024-02-06,C040830,Leila,Ahmadi,leila.ahmadi40830@example.com,09108778325,Qom,2022-09-13,P00493,Smart Ball 493,health,-196.16,387.38,B035,Mall Branch 35,Isfahan,mobile,8,0,online,2024-11-18,59,30,Health,negative price or cost
S000350210,2023-12-29,C003920,Mina,Karimi,mina.karimi3920@example.com,09490608439,Tehran,2022-08-28,P00328,Classic Sneakers 328,shoes,211.53,-335.25,B001,Central Branch 1,Rasht,online,4,0,online,2023-02-19,326,20,Shoes,negative price or cost
S000354666,2025-10-20,C004516,Yasin,Hosseini,yasin.hosseini4516@example.com,09968134885,Tehran,2024-11-18,P00321,Classic Desk 321,electronics,-261.02,359.94,B007,Central Branch 7,Qom,partner,1,15,cash,2025-06-09,311,100,Electronics,negative price or cost
S000355213,2025-09-18,C030326,Mina,Ahmadi,mina.ahmadi30326@example.com,09701362026,Shiraz,2021-12-01,P00431,Smart Coffee 431,garden,220.23,-444.28,B017,Express Branch 17,Tehran,online,8,20,online,2023-10-28,264,30,Garden,negative price or cost
S000359213,2025-05-11,C015761,Mina,Jafari,mina.jafari15761@example.com,09138512326,Tehran,2024-08-07,P00065,Basic Mixer 65,sports,-381.26,805.32,B009,South Branch 9,Isfahan,store,5,0,wallet,2024-01-24,67,10,Sports,negative price or cost
S000360216,2023-11-14,C042264,Leila,Salehi,leila.salehi42264@example.com,09893420968,Tehran,2023-11-21,P00476,Plus Puzzle 476,pets,358.21,-718.34,B009,South Branch 9,Isfahan,store,1,0,online,2023-07-25,405,30,Pets,negative price or cost
S000363760,2024-07-08,C031575,Neda,Rostami,neda.rostami31575@example.com,09390836673,Tehran,2021-05-30,P00500,Nova Headphones 500,furniture,-126.81,193.21,B011,Central Branch 11,Tehran,partner,3,20,wallet,2023-01-24,323,10,Furniture,negative price or cost
S000365219,2025-07-31,C048342,Ali,Rahimi,ali.rahimi48342@example.com,09771563825,Mashhad,2023-11-21,P00277,Nova Shirt 277,baby,22.67,-27.89,B018,North Branch 18,Tabriz,partner,1,10,wallet,2023-02-17,153,40,Baby,negative price or cost
S000368307,2025-08-27,C022389,Ali,Mohammadi,ali.mohammadi22389@example.com,09125257406,Rasht,2022-05-03,P00394,Pro Puzzle 394,jewelry,-301.92,551.85,B008,West Branch 8,Isfahan,store,5,0,card,2025-03-06,245,20,Jewelry,negative price or cost
S000370222,2024-03-10,C008259,Yasin,Akbari,yasin.akbari8259@example.com,09734519160,Shiraz,2022-11-07,P00169,Plus Cream 169,grocery,233.72,-392.58,B034,Express Branch 34,Isfahan,partner,3,20,cash,2023-01-18,146,50,Grocery,negative price or cost
S000372854,2024-09-10,C024528,Amir,Akbari,amir.akbari24528@example.com,09108632212,Shiraz,2021-05-15,P00463,Plus Puzzle 463,books,-68.42,131.58,B012,South Branch 12,Mashhad,online,4,25,card,2025-07-24,158,75,Books,negative price or cost
S000375225,2023-12-21,C006395,Omid,Ahmadi,omid.ahmadi6395@example.com,09838800041,Tabriz,2024-10-13,P00498,Prime Coffee 498,travel,36.32,-65.61,B034,Express Branch 34,Isfahan,partner,3,0,card,2024-03-04,388,100,Travel,negative price or cost
S000377401,2024-09-27,C044776,Hana,Akbari,hana.akbari44776@example.com,09599677509,Isfahan,2023-06-13,P00182,Eco Cream 182,home appliances,-349.26,822.32,B012,South Branch 12,Mashhad,online,4,25,card,2025-02-22,244,20,Home Appliances,negative price or cost
S000380228,2024-10-30,C008431,Amir,Mohammadi,amir.mohammadi8431@example.com,09705086674,Isfahan,2022-06-26,P00472,Pro Desk 472,automotive,74.87,-99.86,B028,Express Branch 28,Isfahan,partner,1,0,online,2023-02-01,312,30,Automotive,negative price or cost
S000381948,2023-07-15,C043367,Yasin,Rahimi,yasin.rahimi43367@example.com,09829470151,Tehran,2022-07-07,P00280,Classic Cream 280,furniture,-161.54,357.81,B032,Central Branch 32,Shiraz,partner,2,20,card,2025-05-22,311,50,Furniture,negative price or cost
S000385231,2023-04-21,C042881,Hana,Hosseini,hana.hosseini42881@example.com,09535938006,Tehran,2020-04-29,P00040,Plus Cream 40,furniture,273.99,-678.66,B034,Express Branch 34,Isfahan,partner,4,0,card,2023-10-25,74,75,Furniture,negative price or cost
S000386495,2024-09-21,C006253,Leila,Rostami,leila.rostami6253@example.com,09717010780,Qom,2021-07-29,P00454,Max Mixer 454,jewelry,-135.82,163.81,B030,Airport Branch 30,Mashhad,mobile,4,25,card,2025-07-05,292,40,Jewelry,negative price or cost
S000390234,2023-03-02,C019859,Leila,Rostami,leila.rostami19859@example.com,09604212767,Karaj,2021-03-24,P00036,Eco Desk 36,pets,374.23,-991.73,B021,Airport Branch 21,Tehran,online,3,5,card,2024-04-25,232,20,Pets,negative price or cost
S000391042,2023-03-24,C001493,Arman,Akbari,arman.akbari1493@example.com,09252728624,Mashhad,2024-08-26,P00369,Pro Desk 369,grocery,-82.64,102.81,B032,Central Branch 32,Shiraz,partner,3,25,card,2024-09-24,372,40,Grocery,negative price or cost
S000395237,2025-10-23,C014057,Leila,Rostami,leila.rostami14057@example.com,09109332496,Qom,2020-04-19,P00052,Smart Coffee 52,automotive,204.8,-285.16,B016,North Branch 16,Rasht,online,4,0,online,2025-07-02,6,10,Automotive,negative price or cost
S000395589,2024-07-06,C043836,Amir,Akbari,amir.akbari43836@example.com,09919754749,Isfahan,2024-09-24,P00185,Classic Mixer 185,sports,-266.46,434.87,B013,Outlet Branch 13,Mashhad,mobile,2,10,online,2025-03-12,488,30,Sports,negative price or cost
S000400136,2024-06-23,C003259,Leila,Salehi,leila.salehi3259@example.com,09883104733,Shiraz,2022-01-22,P00302,Nova Shirt 302,home appliances,-179.53,245.27,B026,Central Branch 26,Mashhad,partner,3,0,wallet,2023-08-21,288,30,Home Appliances,negative price or cost
S000400240,2024-05-10,C014023,Mina,Salehi,mina.salehi14023@example.com,09843791166,Tehran,2021-05-12,P00391,Nova Notebook 391,garden,18.27,-30.83,B025,Bazaar Branch 25,Tehran,mobile,2,25,cash,2023-08-21,209,40,Garden,negative price or cost
S000404683,2023-09-18,C005181,Reza,Mohammadi,reza.mohammadi5181@example.com,09452285821,Tehran,2021-03-22,P00237,Classic Puzzle 237,baby,-143.02,216.44,B039,Mall Branch 39,Shiraz,online,4,25,online,2023-05-09,234,30,Baby,negative price or cost
S000405243,2025-02-11,C032800,Yasin,Jafari,yasin.jafari32800@example.com,09918063712,Qom,2023-04-22,P00355,Nova Headphones 355,music,231.45,-288.14,B023,Bazaar Branch 23,Rasht,mobile,1,0,online,2023-08-17,84,100,Music,negative price or cost
S000409230,2024-10-31,C029804,Mina,Moradi,mina.moradi29804@example.com,09678857246,Mashhad,2024-05-11,P00070,Classic Sneakers 70,office,-333.81,640.16,B022,Outlet Branch 22,Rasht,mobile,1,0,card,2024-05-24,267,20,Office,negative price or cost
S000410246,2024-03-03,C011806,Mina,Akbari,mina.akbari11806@example.com,09545636283,Tehran,2024-05-17,P00275,Mini Mixer 275,music,9.96,-27.06,B030,Airport Branch 30,Mashhad,mobile,3,0,online,2025-06-30,354,75,Music,negative price or cost
S000413777,2023-05-18,C043917,Sara,Karimi,sara.karimi43917@example.com,09578393795,Mashhad,2022-01-06,P00057,Classic Ball 57,baby,-229.73,409.52,B003,Bazaar Branch 3,Karaj,online,5,10,wallet,2025-06-05,271,10,Baby,negative price or cost
S000415249,2024-09-27,C024859,Amir,Karimi,amir.karimi24859@example.com,09502579394,Tabriz,2023-02-27,P00395,Plus Desk 395,music,293.0,-541.44,B039,Mall Branch 39,Shiraz,online,5,0,wallet,2025-12-04,264,10,Music,negative price or cost
S000418324,2023-07-17,C047761,Arman,Salehi,arman.salehi47761@example.com,09927650933,Shiraz,2024-09-02,P00013,Plus Notebook 13,health,-217.38,305.51,B028,Express Branch 28,Isfahan,partner,8,20,card,2025-04-25,52,30,Health,negative price or cost
S000420252,2023-01-28,C045192,Neda,Rahimi,neda.rahimi45192@example.com,09588400945,Rasht,2023-10-12,P00429,Eco Cream 429,grocery,109.15,-222.46,B008,West Branch 8,Isfahan,store,2,20,cash,2023-02-09,172,100,Grocery,negative price or cost
S000422871,2025-01-19,C040146,Yasin,Ahmadi,yasin.ahmadi40146@example.com,09827252652,Tehran,2022-12-26,P00120,Pro Cream 120,furniture,-105.07,128.77,B003,Bazaar Branch 3,Karaj,online,3,10,online,2024-12-17,358,20,Furniture,negative price or cost
S000425255,2025-01-26,C010891,Arman,Karimi,arman.karimi10891@example.com,09480755542,Qom,2024-01-02,P00189,Basic Notebook 189,grocery,261.49,-410.24,B021,Airport Branch 21,Tehran,online,10,15,online,2025-04-15,335,10,Grocery,negative price or cost
S000427418,2025-06-18,C023279,Sara,Rahimi,sara.rahimi23279@example.com,09257825098,Karaj,2021-03-17,P00347,Classic Cream 347,clothing,-60.65,93.42,B034,Express Branch 34,Isfahan,partner,2,5,cash,2024-10-05,479,10,Clothing,negative price or cost
S000430258,2023-09-17,C046052,Omid,Salehi,omid.salehi46052@example.com,09255074907,Isfahan,2021-03-26,P00026,Pro Ball 26,toys,354.05,-925.27,B031,North Branch 31,Tehran,store,4,20,online,2024-07-17,500,10,Toys,negative price or cost
S000431965,2024-05-04,C034955,Hana,Rahimi,hana.rahimi34955@example.com,09497362844,Mashhad,2020-11-08,P00306,Nova Headphones 306,toys,-78.17,180.82,B003,Bazaar Branch 3,Karaj,online,10,0,cash,2025-01-31,328,100,Toys,negative price or cost
S000435261,2025-11-21,C049320,Hana,Hosseini,hana.hosseini49320@example.com,09154060272,Tehran,2023-04-11,P00410,Classic Mixer 410,office,327.16,-425.14,B021,Airport Branch 21,Tehran,online,5,10,cash,2024-06-12,420,40,Office,negative price or cost
S000436512,2025-03-30,C008567,Sara,Jafari,sara.jafari8567@example.com,09950192278,Tehran,2020-06-22,P00102,Basic Puzzle 102,home appliances,-58.09,68.84,B032,Central Branch 32,Shiraz,partner,2,20,online,2023-09-06,118,30,Home Appliances,negative price or cost
S000440264,2024-10-16,C021739,Leila,Ahmadi,leila.ahmadi21739@example.com,09144044788,Tehran,2024-03-25,P00358,Prime Puzzle 358,travel,75.76,-172.32,B007,Central Branch 7,Qom,partner,5,10,wallet,2023-10-03,137,40,Travel,negative price or cost
S000441059,2024-08-04,C022808,Sara,Mohammadi,sara.mohammadi22808@example.com,09935902267,Mashhad,2020-04-26,P00230,Eco Puzzle 230,office,-255.77,608.45,B034,Express Branch 34,Isfahan,partner,3,0,card,2024-07-28,354,30,Office,negative price or cost
S000445267,2024-08-13,C047441,Arman,Hosseini,arman.hosseini47441@example.com,09134392341,Shiraz,2021-09-04,P00093,Basic Cream 93,health,116.63,-178.97,B031,North Branch 31,Tehran,store,1,25,card,2024-12-16,201,20,Health,negative price or cost
S000445606,2023-03-26,C012403,Maryam,Mohammadi,maryam.mohammadi12403@example.com,09566075865,Tehran,2020-10-06,P00227,Eco Shirt 227,clothing,-58.89,115.25,B015,Outlet Branch 15,Isfahan,partner,2,15,online,2023-01-10,309,50,Clothing,negative price or cost
S000450153,2025-05-08,C047881,Omid,Hosseini,omid.hosseini47881@example.com,09718960111,Isfahan,2020-10-28,P00055,Prime Headphones 55,music,-197.73,375.36,B012,South Branch 12,Mashhad,online,4,0,online,2023-02-02,58,100,Music,negative price or cost
S000450270,2024-12-21,C012469,Mina,Hosseini,mina.hosseini12469@example.com,09645735095,Qom,2023-06-25,P00381,Nova Puzzle 381,electronics,163.77,-238.64,B028,Express Branch 28,Isfahan,partner,1,10,online,2024-03-22,405,40,Electronics,negative price or cost
S000454700,2024-12-25,C015820,Mina,Rahimi,mina.rahimi15820@example.com,09513312450,Rasht,2021-11-03,P00123,Pro Mixer 123,books,-125.88,338.14,B002,Mall Branch 2,Karaj,partner,4,5,online,2023-08-04,206,30,Books,negative price or cost
S000455273,2023-08-15,C035686,Leila,Hosseini,leila.hosseini35686@example.com,09424424640,Shiraz,2024-09-15,P00287,Nova Shirt 287,clothing,104.62,-257.48,B040,Outlet Branch 40,Tehran,online,3,10,cash,2023-09-28,46,10,Clothing,negative price or cost
S000459247,2023-09-29,C024267,Reza,Ahmadi,reza.ahmadi24267@example.com,09702822647,Karaj,2022-03-18,P00214,Nova Cream 214,jewelry,-95.86,187.81,B033,South Branch 33,Isfahan,online,1,25,card,2024-10-04,296,10,Jewelry,negative price or cost
S000460276,2023-04-16,C029414,Ali,Mohammadi,ali.mohammadi29414@example.com,09805887930,Qom,2022-10-21,P00299,Basic Desk 299,gaming,20.33,-50.31,B021,Airport Branch 21,Tehran,online,1,0,online,2023-04-27,263,40,Gaming,negative price or cost
S000463794,2023-02-03,C007613,Ali,Ahmadi,ali.ahmadi7613@example.com,09379418113,Mashhad,2020-02-29,P00150,Smart Ball 150,office,-326.14,480.8,B038,East Branch 38,Tehran,mobile,1,15,online,2025-12-05,458,50,Office,negative price or cost
S000465279,2023-10-25,C047505,Reza,Mohammadi,reza.mohammadi47505@example.com,09174896308,Tehran,2020-09-18,P00315,Basic Puzzle 315,music,242.26,-512.27,B022,Outlet Branch 22,Rasht,mobile,8,0,wallet,2025-03-28,54,50,Music,negative price or cost
S000468341,2024-01-16,C043715,Ali,Rostami,ali.rostami43715@example.com,09368662521,Isfahan,2023-05-10,P00419,Prime Cream 419,gaming,-154.82,206.51,B039,Mall Branch 39,Shiraz,online,3,15,wallet,2025-09-01,333,100,Gaming,negative price or cost
S000470282,2025-10-13,C032207,Mina,Rahimi,mina.rahimi32207@example.com,09200201706,Isfahan,2024-09-15,P00222,Pro Coffee 222,home appliances,222.49,-604.28,B013,Outlet Branch 13,Mashhad,mobile,2,20,card,2024-04-12,63,50,Home Appliances,negative price or cost
S000472888,2023-06-26,C040740,Omid,Salehi,omid.salehi40740@example.com,09477260955,Tehran,2021-11-30,P00490,Classic Sneakers 490,office,-201.05,322.63,B009,South Branch 9,Isfahan,store,2,25,cash,2023-08-23,407,50,Office,negative price or cost
S000475285,2023-02-06,C010038,Yasin,Akbari,yasin.akbari10038@example.com,09637482820,Mashhad,2020-12-20,P00264,Pro Desk 264,beauty,281.41,-612.86,B035,Mall Branch 35,Isfahan,mobile,3,0,wallet,2023-12-24,415,100,Beauty,negative price or cost
S000477435,2025-07-12,C029721,Yasin,Mohammadi,yasin.mohammadi29721@example.com,09267683277,Qom,2022-01-10,P00149,Basic Puzzle 149,grocery,-279.64,403.61,B035,Mall Branch 35,Isfahan,mobile,2,0,card,2024-12-20,187,10,Grocery,negative price or cost
S000480288,2024-09-27,C010300,Omid,Rahimi,omid.rahimi10300@example.com,09609617905,Tehran,2024-01-12,P00213,Basic Sneakers 213,health,312.76,-515.89,B029,North Branch 29,Tehran,mobile,1,0,online,2025-01-18,374,20,Health,negative price or cost
S000481982,2023-12-23,C023217,Omid,Ahmadi,omid.ahmadi23217@example.com,09484046985,Isfahan,2021-06-06,P00187,Basic Shirt 187,clothing,-144.89,318.21,B021,Airport Branch 21,Tehran,online,2,15,card,2023-04-29,129,10,Clothing,negative price or cost
S000485291,2023-11-20,C035652,Maryam,Karimi,maryam.karimi35652@example.com,09580185825,Isfahan,2020-10-16,P00410,Classic Mixer 410,office,327.16,-425.14,B023,Bazaar Branch 23,Rasht,mobile,2,25,cash,2024-05-11,179,20,Office,negative price or cost
S000486529,2025-02-04,C015486,Yasin,Akbari,yasin.akbari15486@example.com,09817615789,Tehran,2020-11-02,P00277,Nova Shirt 277,baby,-22.67,27.89,B037,Bazaar Branch 37,Tehran,online,10,0,cash,2024-08-10,288,30,Baby,negative price or cost
S000490294,2023-11-07,C009988,Hana,Akbari,hana.akbari9988@example.com,09821571325,Rasht,2022-05-09,P00127,Max Coffee 127,clothing,116.97,-270.98,B032,Central Branch 32,Shiraz,partner,10,10,wallet,2023-03-19,48,40,Clothing,negative price or cost
S000491076,2024-02-05,C001266,Amir,Akbari,amir.akbari1266@example.com,09675151857,Tehran,2023-12-06,P00116,Prime Desk 116,pets,-182.76,477.18,B032,Central Branch 32,Shiraz,partner,1,0,card,2024-09-26,149,10,Pets,negative price or cost
S000495297,2024-02-19,C018268,Mina,Hosseini,mina.hosseini18268@example.com,09517341464,Tehran,2022-03-22,P00426,Basic Mixer 426,toys,288.91,-561.11,B005,South Branch 5,Tehran,online,1,0,card,2024-11-15,292,40,Toys,negative price or cost
S000495623,2024-03-11,C046478,Leila,Rahimi,leila.rahimi46478@example.com,09114050619,Isfahan,2023-07-14,P00324,Pro Ball 324,beauty,-265.69,392.33,B026,Central Branch 26,Mashhad,partner,2,0,card,2025-11-28,396,10,Beauty,negative price or cost
S000500170,2024-12-23,C025688,Hana,Hosseini,hana.hosseini25688@example.com,09702689122,Karaj,2024-01-21,P00038,Eco Desk 38,travel,-388.86,600.62,B019,Bazaar Branch 19,Shiraz,mobile,1,5,online,2024-08-29,143,20,Travel,negative price or cost
S000500300,2023-05-11,C029355,Ali,Hosseini,ali.hosseini29355@example.com,09417311530,Karaj,2023-01-18,P00327,Mini Shirt 327,clothing,294.84,-800.35,B038,East Branch 38,Tehran,mobile,2,0,cash,2024-12-05,105,30,Clothing,negative price or cost
S000504717,2025-09-20,C023085,Maryam,Mohammadi,maryam.mohammadi23085@example.com,09601910443,Tehran,2022-09-17,P00014,Max Sneakers 14,jewelry,-272.13,661.16,B010,Central Branch 10,Rasht,mobile,2,0,wallet,2024-09-16,134,75,Jewelry,negative price or cost
S000505303,2023-09-17,C042050,Arman,Rostami,arman.rostami42050@example.com,09929665909,Karaj,2022-07-04,P00430,Nova Puzzle 430,office,49.37,-56.85,B022,Outlet Branch 22,Rasht,mobile,6,0,wallet,2023-04-01,281,100,Office,negative price or cost
S000509264,2024-09-17,C009720,Yasin,Rostami,yasin.rostami9720@example.com,09255306960,Shiraz,2024-06-22,P00264,Pro Desk 264,beauty,-281.41,612.86,B040,Outlet Branch 40,Tehran,online,2,0,cash,2025-03-21,25,100,Beauty,negative price or cost
S000510306,2024-06-08,C026887,Sara,Hosseini,sara.hosseini26887@example.com,09777095256,Shiraz,2021-10-28,P00478,Plus Coffee 478,travel,277.37,-601.41,B006,North Branch 6,Tehran,online,2,25,cash,2023-11-18,107,40,Travel,negative price or cost
S000513811,2025-09-27,C002341,Amir,Rahimi,amir.rahimi2341@example.com,09519930083,Karaj,2024-08-13,P00178,Max Puzzle 178,travel,-87.79,103.15,B028,Express Branch 28,Isfahan,partner,2,0,online,2024-08-19,82,40,Travel,negative price or cost
S000515309,2025-12-04,C047894,Sara,Rostami,sara.rostami47894@example.com,09954714972,Tehran,2022-10-07,P00255,Classic Sneakers 255,music,107.06,-262.05,B019,Bazaar Branch 19,Shiraz,mobile,5,15,card,2025-07-01,12,75,Music,negative price or cost
S000518358,2023-04-23,C016327,Sara,Akbari,sara.akbari16327@example.com,09214464413,Shiraz,2020-07-13,P00143,Classic Cream 143,books,-280.13,530.49,B036,Express Branch 36,Tehran,store,6,0,online,2023-12-04,219,50,Books,negative price or cost
S000520312,2025-10-07,C035241,Sara,Jafari,sara.jafari35241@example.com,09240384963,Mashhad,2021-10-08,P00206,Basic Shirt 206,toys,241.09,-589.63,B038,East Branch 38,Tehran,mobile,1,15,card,2024-01-23,439,50,Toys,negative price or cost
S000522905,2025-12-29,C036746,Ali,Akbari,ali.akbari36746@example.com,09833941219,Rasht,2023-06-07,P00111,Basic Cream 111,garden,-155.52,295.18,B015,Outlet Branch 15,Isfahan,partner,3,0,online,2025-04-07,232,30,Garden,negative price or cost
S000525315,2025-09-24,C018484,Neda,Karimi,neda.karimi18484@example.com,09694458996,Tabriz,2020-11-19,P00340,Mini Mixer 340,furniture,53.3,-69.47,B032,Central Branch 32,Shiraz,partner,1,15,card,2025-09-23,9,100,Furniture,negative price or cost
S000527452,2024-12-19,C026240,Hana,Rahimi,hana.rahimi26240@example.com,09530921454,Isfahan,2020-01-15,P00246,Smart Shirt 246,toys,-392.4,1056.94,B001,Central Branch 1,Rasht,online,1,5,online,2025-08-16,383,40,Toys,negative price or cost
S000530318,2024-05-05,C020765,Reza,Jafari,reza.jafari20765@example.com,09442628568,Tehran,2020-11-09,P00245,Pro Shirt 245,sports,346.68,-922.26,B030,Airport Branch 30,Mashhad,mobile,1,25,online,2025-08-18,264,75,Sports,negative price or cost
S000531999,2023-04-20,C039687,Arman,Salehi,arman.salehi39687@example.com,09325478374,Karaj,2022-01-18,P00273,Nova Cream 273,health,-112.11,158.93,B028,Express Branch 28,Isfahan,partner,2,0,online,2023-08-25,475,50,Health,negative price or cost
S000535321,2025-08-20,C000047,Sara,Moradi,sara.moradi47@example.com,09341266931,Tehran,2021-11-23,P00034,Basic Coffee 34,jewelry,219.46,-377.08,B030,Airport Branch 30,Mashhad,mobile,3,20,cash,2023-10-03,217,50,Jewelry,negative price or cost
S000536546,2023-08-07,C003620,Hana,Moradi,hana.moradi3620@example.com,09844849063,Tabriz,2020-12-07,P00060,Basic Puzzle 60,furniture,-59.7,144.88,B010,Central Branch 10,Rasht,mobile,2,0,wallet,2024-04-07,321,10,Furniture,negative price or cost
S000540324,2025-07-18,C046565,Sara,Jafari,sara.jafari46565@example.com,09917470594,Shiraz,2020-06-07,P00177,Eco Shirt 177,baby,121.13,-229.27,B007,Central Branch 7,Qom,partner,10,10,online,2023-06-12,39,20,Baby,negative price or cost
S000541093,2024-12-18,C010086,Neda,Akbari,neda.akbari10086@example.com,09864555926,Karaj,2021-12-28,P00229,Nova Coffee 229,grocery,-310.04,785.58,B008,West Branch 8,Isfahan,store,1,0,online,2025-01-29,212,50,Grocery,negative price or cost
S000545327,2024-08-10,C002907,Amir,Rahimi,amir.rahimi2907@example.com,09227051781,Tabriz,2020-06-21,P00426,Basic Mixer 426,toys,288.91,-561.11,B035,Mall Branch 35,Isfahan,mobile,4,0,card,2023-06-16,239,75,Toys,negative price or cost
S000545640,2024-10-05,C014849,Neda,Moradi,neda.moradi14849@example.com,09870157872,Isfahan,2024-08-11,P00367,Smart Headphones 367,clothing,-172.59,425.74,B015,Outlet Branch 15,Isfahan,partner,1,0,card,2025-11-04,383,75,Clothing,negative price or cost
S000550187,2023-09-08,C021339,Sara,Salehi,sara.salehi21339@example.com,09334507962,Tabriz,2024-05-06,P00143,Classic Cream 143,books,-280.13,530.49,B039,Mall Branch 39,Shiraz,online,1,10,card,2025-11-20,162,75,Books,negative price or cost
S000550330,2023-02-07,C003123,Hana,Akbari,hana.akbari3123@example.com,09573538845,Isfahan,2021-07-05,P00350,Plus Notebook 350,office,165.98,-197.33,B010,Central Branch 10,Rasht,mobile,4,5,online,2024-09-09,119,10,Office,negative price or cost
S000554734,2024-07-23,C013607,Sara,Hosseini,sara.hosseini13607@example.com,09678280904,Tabriz,2020-06-04,P00065,Basic Mixer 65,sports,-381.26,805.32,B038,East Branch 38,Tehran,mobile,3,5,card,2025-11-26,320,75,Sports,negative price or cost
S000555333,2025-01-23,C025751,Sara,Hosseini,sara.hosseini25751@example.com,09540721768,Shiraz,2021-07-01,P00129,Max Sneakers 129,grocery,52.81,-102.47,B030,Airport Branch 30,Mashhad,mobile,2,0,card,2024-07-06,140,20,Grocery,negative price or cost
S000559281,2024-05-04,C017073,Mina,Hosseini,mina.hosseini17073@example.com,09418797713,Shiraz,2020-10-04,P00456,Pro Desk 456,pets,-341.2,753.86,B034,Express Branch 34,Isfahan,partner,4,20,cash,2024-11-21,296,40,Pets,negative price or cost
S000560336,2025-06-11,C032686,Maryam,Rostami,maryam.rostami32686@example.com,09361511125,Shiraz,2024-08-25,P00374,Max Headphones 374,jewelry,34.93,-62.7,B004,Bazaar Branch 4,Rasht,partner,2,5,wallet,2024-03-14,401,30,Jewelry,negative price or cost
S000563828,2023-10-26,C004610,Hana,Mohammadi,hana.mohammadi4610@example.com,09242116467,Mashhad,2022-12-10,P00495,Prime Puzzle 495,music,-266.31,335.43,B038,East Branch 38,Tehran,mobile,1,5,card,2024-10-14,218,50,Music,negative price or cost
S000565339,2025-03-30,C023863,Neda,Akbari,neda.akbari23863@example.com,09520970902,Rasht,2020-12-23,P00037,Basic Ball 37,baby,125.82,-338.81,B027,Express Branch 27,Shiraz,store,3,0,online,2025-12-21,387,75,Baby,negative price or cost
S000568375,2025-10-06,C013603,Mina,Karimi,mina.karimi13603@example.com,09396547944,Shiraz,2021-04-18,P00314,Classic Puzzle 314,jewelry,-375.06,447.37,B037,Bazaar Branch 37,Tehran,online,3,0,cash,2024-11-30,321,20,Jewelry,negative price or cost
S000570342,2024-02-16,C042929,Amir,Salehi,amir.salehi42929@example.com,09543654913,Tabriz,2020-02-25,P00445,Nova Desk 445,sports,306.96,-389.09,B032,Central Branch 32,Shiraz,partner,2,0,card,2024-07-27,15,75,Sports,negative price or cost
S000572922,2024-06-20,C043010,Yasin,Karimi,yasin.karimi43010@example.com,09412822531,Isfahan,2023-04-30,P00436,Basic Notebook 436,pets,-41.7,75.27,B015,Outlet Branch 15,Isfahan,partner,3,0,wallet,2025-02-20,239,10,Pets,negative price or cost
S000575345,2023-01-10,C015333,Reza,Rahimi,reza.rahimi15333@example.com,09465363054,Tehran,2022-03-17,P00444,Basic Ball 444,beauty,101.01,-270.28,B038,East Branch 38,Tehran,mobile,5,25,online,2025-06-25,182,40,Beauty,negative price or cost
S000577469,2025-08-02,C007874,Sara,Salehi,sara.salehi7874@example.com,09625308720,Qom,2023-01-24,P00176,Nova Coffee 176,pets,-271.52,372.77,B006,North Branch 6,Tehran,online,3,10,cash,2023-03-19,435,10,Pets,negative price or cost
S000580348,2024-08-11,C009319,Hana,Salehi,hana.salehi9319@example.com,09325886802,Isfahan,2020-02-16,P00201,Prime Notebook 201,electronics,162.81,-426.39,B040,Outlet Branch 40,Tehran,online,2,5,online,2023-01-29,272,20,Electronics,negative price or cost
S000582016,2023-08-03,C043322,Neda,Mohammadi,neda.mohammadi43322@example.com,09371833926,Shiraz,2021-07-08,P00023,Eco Ball 23,books,-204.05,491.54,B011,Central Branch 11,Tehran,partner,2,25,card,2025-07-03,347,75,Books,negative price or cost
S000585351,2024-01-28,C026499,Hana,Ahmadi,hana.ahmadi26499@example.com,09613019260,Qom,2020-07-14,P00356,Basic Desk 356,pets,157.9,-309.83,B014,Bazaar Branch 14,Shiraz,mobile,3,0,wallet,2024-04-22,57,50,Pets,negative price or cost
S000586563,2025-12-17,C039656,Neda,Mohammadi,neda.mohammadi39656@example.com,09577157512,Qom,2020-08-08,P00436,Basic Notebook 436,pets,-41.7,75.27,B014,Bazaar Branch 14,Shiraz,mobile,8,0,online,2025-09-15,109,30,Pets,negative price or cost
S000590354,2024-08-21,C035473,Neda,Jafari,neda.jafari35473@example.com,09978491528,Tabriz,2021-08-01,P00288,Smart Puzzle 288,shoes,19.17,-22.84,B028,Express Branch 28,Isfahan,partner,3,10,online,2025-11-18,380,10,Shoes,negative price or cost
S000591110,2024-04-05,C040545,Arman,Rostami,arman.rostami40545@example.com,09583402001,Karaj,2024-03-22,P00070,Classic Sneakers 70,office,-333.81,640.16,B037,Bazaar Branch 37,Tehran,online,4,0,cash,2025-03-31,364,75,Office,negative price or cost
S000595357,2023-07-23,C021007,Maryam,Mohammadi,maryam.mohammadi21007@example.com,09983971960,Qom,2021-08-11,P00015,Pro Shirt 15,music,56.2,-147.54,B031,North Branch 31,Tehran,store,1,25,card,2024-05-28,368,40,Music,negative price or cost
S000595657,2025-11-06,C044472,Arman,Moradi,arman.moradi44472@example.com,09884230561,Isfahan,2023-03-22,P00071,Classic Sneakers 71,garden,-280.34,477.06,B034,Express Branch 34,Isfahan,partner,10,0,card,2023-10-05,219,100,Garden,negative price or cost
S000600204,2024-10-17,C036800,Hana,Ahmadi,hana.ahmadi36800@example.com,09611449919,Shiraz,2022-11-06,P00211,Max Cream 211,garden,-327.13,381.27,B024,Outlet Branch 24,Tehran,store,2,5,online,2023-11-19,301,30,Garden,negative price or cost
S000600360,2023-09-21,C008750,Arman,Mohammadi,arman.mohammadi8750@example.com,09833582557,Shiraz,2020-12-18,P00135,Plus Mixer 135,music,318.36,-542.98,B033,South Branch 33,Isfahan,online,2,0,card,2025-02-12,285,20,Music,negative price or cost
S000604751,2025-06-28,C044671,Leila,Salehi,leila.salehi44671@example.com,09771251347,Karaj,2021-10-13,P00153,Plus Puzzle 153,health,-369.08,590.34,B039,Mall Branch 39,Shiraz,online,3,20,online,2025-11-29,465,75,Health,negative price or cost
S000605363,2023-12-25,C017191,Reza,Rahimi,reza.rahimi17191@example.com,09606347573,Tabriz,2020-06-12,P00346,Smart Puzzle 346,toys,118.21,-187.79,B038,East Branch 38,Tehran,mobile,6,5,online,2025-09-14,33,30,Toys,negative price or cost
S000609298,2023-09-12,C001430,Hana,Moradi,hana.moradi1430@example.com,09623836867,Isfahan,2023-08-28,P00304,Max Headphones 304,beauty,-16.34,31.81,B011,Central Branch 11,Tehran,partner,6,0,online,2023-01-13,281,75,Beauty,negative price or cost
S000610366,2025-12-06,C006136,Sara,Salehi,sara.salehi6136@example.com,09318130086,Mashhad,2021-12-01,P00214,Nova Cream 214,jewelry,95.86,-187.81,B013,Outlet Branch 13,Mashhad,mobile,3,0,wallet,2025-03-29,353,40,Jewelry,negative price or cost
S000613845,2024-09-20,C045640,Arman,Akbari,arman.akbari45640@example.com,09489863383,Tehran,2020-02-02,P00291,Eco Puzzle 291,garden,-38.57,102.84,B022,Outlet Branch 22,Rasht,mobile,10,20,wallet,2025-06-13,240,75,Garden,negative price or cost
S000615369,2023-11-19,C008728,Neda,Mohammadi,neda.mohammadi8728@example.com,09533469775,Mashhad,2020-02-13,P00239,Plus Cream 239,gaming,283.27,-706.9,B019,Bazaar Branch 19,Shiraz,mobile,2,25,online,2024-01-15,290,20,Gaming,negative price or cost
S000618392,2024-08-01,C017520,Omid,Rahimi,omid.rahimi17520@example.com,09977089520,Tehran,2020-03-13,P00443,Smart Puzzle 443,books,-337.64,456.41,B026,Central Branch 26,Mashhad,partner,2,0,wallet,2024-10-27,378,20,Books,negative price or cost
S000620372,2024-12-23,C009887,Ali,Rostami,ali.rostami9887@example.com,09868875862,Qom,2022-07-11,P00319,Basic Sneakers 319,gaming,110.8,-226.34,B003,Bazaar Branch 3,Karaj,online,3,0,online,2024-06-25,359,10,Gaming,negative price or cost
S000622939,2025-04-24,C016664,Reza,Moradi,reza.moradi16664@example.com,09874332905,Rasht,2021-05-22,P00006,Nova Puzzle 6,toys,-236.33,478.89,B009,South Branch 9,Isfahan,store,2,20,online,2024-09-06,361,50,Toys,negative price or cost
S000625375,2023-11-15,C031235,Omid,Jafari,omid.jafari31235@example.com,09488707133,Karaj,2020-09-11,P00201,Prime Notebook 201,electronics,162.81,-426.39,B023,Bazaar Branch 23,Rasht,mobile,2,0,online,2023-09-01,351,20,Electronics,negative price or cost
S000627486,2025-05-04,C021275,Neda,Mohammadi,neda.mohammadi21275@example.com,09873269314,Tehran,2020-04-01,P00308,Plus Mixer 308,shoes,-387.27,448.11,B025,Bazaar Branch 25,Tehran,mobile,3,20,card,2024-10-19,157,50,Shoes,negative price or cost
S000630378,2024-02-26,C027580,Reza,Ahmadi,reza.ahmadi27580@example.com,09441854180,Tehran,2021-04-01,P00275,Mini Mixer 275,music,9.96,-27.06,B002,Mall Branch 2,Karaj,partner,10,10,cash,2023-01-14,484,75,Music,negative price or cost
S000632033,2024-03-07,C015786,Amir,Jafari,amir.jafari15786@example.com,09935695824,Karaj,2024-06-08,P00109,Max Headphones 109,grocery,-112.97,246.33,B018,North Branch 18,Tabriz,partner,1,25,online,2025-06-20,35,10,Grocery,negative price or cost
S000635381,2023-11-05,C009434,Reza,Jafari,reza.jafari9434@example.com,09406054504,Tehran,2020-03-08,P00139,Prime Mixer 139,gaming,149.35,-256.99,B020,North Branch 20,Shiraz,online,1,5,online,2025-06-27,438,10,Gaming,negative price or cost
S000636580,2023-11-13,C024919,Omid,Salehi,omid.salehi24919@example.com,09620317756,Tehran,2022-09-29,P00104,Mini Desk 104,beauty,-185.86,431.35,B012,South Branch 12,Mashhad,online,5,0,cash,2025-09-21,363,100,Beauty,negative price or cost
S000640384,2024-05-02,C031601,Sara,Mohammadi,sara.mohammadi31601@example.com,09636724068,Tehran,2021-01-13,P00495,Prime Puzzle 495,music,266.31,-335.43,B025,Bazaar Branch 25,Tehran,mobile,1,0,card,2023-01-22,107,20,Music,negative price or cost
S000641127,2023-04-26,C046698,Sara,Moradi,sara.moradi46698@example.com,09731986232,Rasht,2022-09-23,P00180,Plus Coffee 180,furniture,-366.97,527.06,B032,Central Branch 32,Shiraz,partner,2,15,wallet,2024-11-04,262,30,Furniture,negative price or cost
S000645387,2025-03-12,C008903,Arman,Rostami,arman.rostami8903@example.com,09592301175,Tehran,2020-04-25,P00117,Mini Sneakers 117,baby,76.17,-211.2,B028,Express Branch 28,Isfahan,partner,4,25,online,2025-01-25,384,10,Baby,negative price or cost
S000645674,2024-03-20,C004575,Sara,Akbari,sara.akbari4575@example.com,09510635261,Karaj,2022-02-13,P00103,Nova Ball 103,books,-327.2,674.75,B001,Central Branch 1,Rasht,online,5,5,cash,2023-09-22,401,50,Books,negative price or cost
S000650221,2024-10-26,C018345,Mina,Rostami,mina.rostami18345@example.com,09960181506,Karaj,2023-08-21,P00176,Nova Coffee 176,pets,-271.52,372.77,B002,Mall Branch 2,Karaj,partner,1,0,cash,2024-01-23,160,75,Pets,negative price or cost
S000650390,2023-07-09,C036503,Neda,Moradi,neda.moradi36503@example.com,09916142548,Shiraz,2021-07-23,P00133,Eco Shirt 133,health,341.92,-713.88,B019,Bazaar Branch 19,Shiraz,mobile,1,0,online,2024-11-08,278,40,Health,negative price or cost
S000654768,2023-08-09,C046826,Leila,Jafari,leila.jafari46826@example.com,09840345631,Shiraz,2021-09-20,P00476,Plus Puzzle 476,pets,-358.21,718.34,B030,Airport Branch 30,Mashhad,mobile,3,20,card,2025-03-22,490,10,Pets,negative price or cost
S000655393,2024-01-12,C040074,Leila,Mohammadi,leila.mohammadi40074@example.com,09963334449,Isfahan,2022-01-11,P00128,Mini Coffee 128,shoes,136.7,-209.32,B009,South Branch 9,Isfahan,store,10,10,card,2025-07-24,380,30,Shoes,negative price or cost
S000659315,2023-06-06,C042443,Neda,Jafari,neda.jafari42443@example.com,09389780753,Tehran,2023-09-19,P00446,Nova Coffee 446,toys,-315.88,760.78,B015,Outlet Branch 15,Isfahan,partner,10,0,wallet,2024-12-19,132,10,Toys,negative price or cost
S000660396,2023-11-12,C015478,Ali,Akbari,ali.akbari15478@example.com,09751606151,Isfahan,2020-12-01,P00396,Prime Cream 396,pets,286.22,-618.0,B009,South Branch 9,Isfahan,store,6,0,card,2024-03-10,170,40,Pets,negative price or cost
S000663862,2024-07-18,C009034,Reza,Rahimi,reza.rahimi9034@example.com,09338683516,Shiraz,2024-05-05,P00026,Pro Ball 26,toys,-354.05,925.27,B028,Express Branch 28,Isfahan,partner,1,25,wallet,2024-09-12,443,100,Toys,negative price or cost
S000665399,2024-03-20,C013584,Sara,Jafari,sara.jafari13584@example.com,09536065321,Rasht,2024-11-01,P00063,Classic Headphones 63,books,360.04,-496.7,B003,Bazaar Branch 3,Karaj,online,1,20,card,2025-11-22,298,40,Books,negative price or cost
S000668409,2023-06-03,C024797,Neda,Karimi,neda.karimi24797@example.com,09880236873,Shiraz,2023-12-08,P00486,Classic Notebook 486,toys,-87.08,132.29,B001,Central Branch 1,Rasht,online,2,0,online,2023-10-01,101,50,Toys,negative price or cost
S000670402,2023-01-15,C039260,Arman,Karimi,arman.karimi39260@example.com,09570896687,Tehran,2020-09-01,P00436,Basic Notebook 436,pets,41.7,-75.27,B006,North Branch 6,Tehran,online,5,20,card,2025-05-12,176,100,Pets,negative price or cost
S000672956,2025-01-19,C003314,Omid,Rahimi,omid.rahimi3314@example.com,09199226690,Mashhad,2021-12-28,P00242,Plus Puzzle 242,home appliances,-233.24,393.81,B021,Airport Branch 21,Tehran,online,2,15,online,2023-06-26,258,10,Home Appliances,negative price or cost
S000675405,2023-05-15,C023272,Sara,Mohammadi,sara.mohammadi23272@example.com,09658928637,Karaj,2024-01-16,P00431,Smart Coffee 431,garden,220.23,-444.28,B027,Express Branch 27,Shiraz,store,1,0,card,2025-01-14,148,10,Garden,negative price or cost
S000677503,2025-04-20,C035863,Ali,Akbari,ali.akbari35863@example.com,09621888967,Karaj,2024-04-13,P00044,Eco Mixer 44,beauty,-302.06,834.85,B002,Mall Branch 2,Karaj,partner,3,15,card,2024-08-31,427,10,Beauty,negative price or cost
S000680408,2025-09-26,C027594,Reza,Mohammadi,reza.mohammadi27594@example.com,09872846710,Tehran,2020-07-17,P00133,Eco Shirt 133,health,341.92,-713.88,B019,Bazaar Branch 19,Shiraz,mobile,2,20,online,2025-11-06,492,20,Health,negative price or cost
S000682050,2024-10-10,C043411,Amir,Hosseini,amir.hosseini43411@example.com,09272736330,Tehran,2020-11-22,P00434,Mini Shirt 434,jewelry,-294.45,422.67,B034,Express Branch 34,Isfahan,partner,1,20,cash,2024-10-06,32,20,Jewelry,negative price or cost
S000685411,2025-05-20,C009843,Ali,Rostami,ali.rostami9843@example.com,09362287149,Tehran,2021-09-22,P00036,Eco Desk 36,pets,374.23,-991.73,B010,Central Branch 10,Rasht,mobile,5,0,wallet,2025-01-16,426,20,Pets,negative price or cost
S000686597,2024-07-03,C002152,Ali,Jafari,ali.jafari2152@example.com,09616659256,Karaj,2021-09-26,P00166,Nova Notebook 166,toys,-222.57,536.63,B016,North Branch 16,Rasht,online,8,0,cash,2025-02-14,38,10,Toys,negative price or cost
S000690414,2025-12-19,C046596,Maryam,Mohammadi,maryam.mohammadi46596@example.com,09696371149,Tehran,2020-03-28,P00353,Max Headphones 353,health,273.14,-584.02,B035,Mall Branch 35,Isfahan,mobile,10,0,online,2023-01-08,42,20,Health,negative price or cost
S000691144,2023-04-26,C031300,Neda,Akbari,neda.akbari31300@example.com,09609843171,Isfahan,2020-04-24,P00324,Pro Ball 324,beauty,-265.69,392.33,B023,Bazaar Branch 23,Rasht,mobile,1,20,online,2025-06-07,487,20,Beauty,negative price or cost
S000695417,2024-05-22,C033938,Omid,Moradi,omid.moradi33938@example.com,09352376930,Tehran,2021-05-19,P00253,Classic Notebook 253,health,79.31,-220.23,B016,North Branch 16,Rasht,online,2,20,online,2025-08-15,70,10,Health,negative price or cost
S000695691,2025-04-08,C038987,Ali,Salehi,ali.salehi38987@example.com,09336154503,Qom,2024-10-18,P00193,Max Mixer 193,health,-263.86,493.43,B019,Bazaar Branch 19,Shiraz,mobile,2,0,cash,2023-10-26,428,75,Health,negative price or cost
S000700238,2024-02-04,C044428,Yasin,Moradi,yasin.moradi44428@example.com,09103662633,Shiraz,2022-07-29,P00406,Nova Headphones 406,toys,-307.89,791.41,B037,Bazaar Branch 37,Tehran,online,3,25,online,2023-05-01,11,100,Toys,negative price or cost
S000700420,2025-09-03,C030851,Neda,Ahmadi,neda.ahmadi30851@example.com,09171070335,Shiraz,2021-02-14,P00161,Nova Puzzle 161,electronics,327.64,-748.18,B016,North Branch 16,Rasht,online,2,0,card,2025-08-02,205,40,Electronics,negative price or cost
S000704785,2024-08-19,C049807,Arman,Jafari,arman.jafari49807@example.com,09204066552,Tehran,2024-09-29,P00019,Pro Coffee 19,gaming,-77.76,112.44,B029,North Branch 29,Tehran,mobile,1,10,online,2024-11-30,488,50,Gaming,negative price or cost
S000705423,2024-11-06,C022276,Hana,Rahimi,hana.rahimi22276@example.com,09828527845,Mashhad,2024-05-11,P00381,Nova Puzzle 381,electronics,163.77,-238.64,B026,Central Branch 26,Mashhad,partner,4,5,cash,2023-05-14,330,100,Electronics,negative price or cost
S000709332,2023-05-12,C007346,Sara,Ahmadi,sara.ahmadi7346@example.com,09836238982,Qom,2024-10-18,P00327,Mini Shirt 327,clothing,-294.84,800.35,B026,Central Branch 26,Mashhad,partner,1,10,cash,2023-06-04,32,100,Clothing,negative price or cost
S000710426,2023-01-21,C019538,Arman,Rahimi,arman.rahimi19538@example.com,09229590414,Isfahan,2021-03-23,P00224,Smart Ball 224,beauty,324.83,-506.06,B030,Airport Branch 30,Mashhad,mobile,2,20,online,2024-12-20,315,75,Beauty,negative price or cost
S000713879,2025-11-12,C026401,Mina,Akbari,mina.akbari26401@example.com,09545113801,Tehran,2022-06-02,P00480,Plus Desk 480,furniture,-166.69,265.11,B038,East Branch 38,Tehran,mobile,3,0,card,2025-03-05,236,100,Furniture,negative price or cost
S000715429,2024-12-29,C007520,Maryam,Ahmadi,maryam.ahmadi7520@example.com,09997406198,Karaj,2024-06-12,P00179,Pro Puzzle 179,gaming,78.04,-192.56,B016,North Branch 16,Rasht,online,1,15,card,2024-07-10,314,50,Gaming,negative price or cost
S000718426,2025-01-20,C003965,Maryam,Akbari,maryam.akbari3965@example.com,09926799099,Isfahan,2021-02-23,P00297,Nova Puzzle 297,baby,-56.24,100.5,B028,Express Branch 28,Isfahan,partner,3,0,cash,2023-08-09,32,10,Baby,negative price or cost
S000720432,2025-02-04,C048528,Mina,Karimi,mina.karimi48528@example.com,09865457140,Shiraz,2023-01-19,P00187,Basic Shirt 187,clothing,144.89,-318.21,B026,Central Branch 26,Mashhad,partner,1,0,card,2025-11-18,142,20,Clothing,negative price or cost
S000722973,2024-07-19,C000865,Neda,Karimi,neda.karimi865@example.com,09312743722,Isfahan,2022-02-01,P00480,Plus Desk 480,furniture,-166.69,265.11,B023,Bazaar Branch 23,Rasht,mobile,5,20,cash,2023-08-26,41,10,Furniture,negative price or cost
S000725435,2024-04-28,C004448,Hana,Rahimi,hana.rahimi4448@example.com,09908022221,Shiraz,2021-06-18,P00040,Plus Cream 40,furniture,273.99,-678.66,B002,Mall Branch 2,Karaj,partner,1,5,online,2023-07-27,470,40,Furniture,negative price or cost
S000727520,2024-07-11,C043382,Ali,Rostami,ali.rostami43382@example.com,09593437163,Shiraz,2021-10-12,P00235,Max Coffee 235,music,-226.41,613.19,B039,Mall Branch 39,Shiraz,online,4,25,wallet,2024-07-05,40,75,Music,negative price or cost
S000730438,2025-11-29,C015700,Ali,Moradi,ali.moradi15700@example.com,09211440765,Isfahan,2022-09-11,P00130,Pro Ball 130,office,335.8,-760.51,B004,Bazaar Branch 4,Rasht,partner,5,15,online,2023-04-09,106,100,Office,negative price or cost
S000732067,2023-04-11,C012957,Mina,Karimi,mina.karimi12957@example.com,09148919774,Qom,2020-11-11,P00091,Prime Notebook 91,garden,-67.36,169.69,B010,Central Branch 10,Rasht,mobile,3,15,wallet,2023-11-08,227,20,Garden,negative price or cost
S000735441,2023-02-18,C012769,Sara,Ahmadi,sara.ahmadi12769@example.com,09978685557,Karaj,2024-04-07,P00348,Basic Mixer 348,shoes,134.84,-361.1,B001,Central Branch 1,Rasht,online,4,0,wallet,2025-03-24,268,10,Shoes,negative price or cost
S000736614,2023-06-18,C023740,Reza,Rostami,reza.rostami23740@example.com,09981121214,Qom,2022-05-26,P00140,Prime Sneakers 140,furniture,-245.7,525.65,B032,Central Branch 32,Shiraz,partner,3,0,wallet,2025-08-26,209,40,Furniture,negative price or cost
S000740444,2024-09-04,C007546,Omid,Ahmadi,omid.ahmadi7546@example.com,09538712660,Rasht,2020-06-08,P00143,Classic Cream 143,books,280.13,-530.49,B028,Express Branch 28,Isfahan,partner,5,0,online,2023-06-16,369,75,Books,negative price or cost
S000741161,2023-01-23,C049338,Ali,Moradi,ali.moradi49338@example.com,09959771998,Shiraz,2023-02-22,P00134,Classic Puzzle 134,jewelry,-77.68,135.96,B039,Mall Branch 39,Shiraz,online,4,5,cash,2023-05-26,99,75,Jewelry,negative price or cost
S000745447,2024-12-22,C004027,Mina,Mohammadi,mina.mohammadi4027@example.com,09516340508,Isfahan,2021-02-03,P00031,Mini Coffee 31,garden,22.73,-26.89,B005,South Branch 5,Tehran,online,3,0,online,2023-09-23,58,10,Garden,negative price or cost
S000745708,2025-02-02,C038301,Mina,Ahmadi,mina.ahmadi38301@example.com,09161819458,Qom,2023-08-01,P00299,Basic Desk 299,gaming,-20.33,50.31,B024,Outlet Branch 24,Tehran,store,3,10,wallet,2025-05-18,386,20,Gaming,negative price or cost
S000750255,2024-05-31,C045092,Reza,Moradi,reza.moradi45092@example.com,09412639138,Isfahan,2021-12-28,P00187,Basic Shirt 187,clothing,-144.89,318.21,B014,Bazaar Branch 14,Shiraz,mobile,4,0,cash,2024-01-26,26,20,Clothing,negative price or cost
S000750450,2023-05-16,C028768,Yasin,Mohammadi,yasin.mohammadi28768@example.com,09224831075,Tehran,2023-07-30,P00026,Pro Ball 26,toys,354.05,-925.27,B003,Bazaar Branch 3,Karaj,online,8,0,card,2023-07-19,32,50,Toys,negative price or cost
S000754802,2024-06-29,C048679,Leila,Hosseini,leila.hosseini48679@example.com,09472963446,Karaj,2024-07-03,P00236,Pro Puzzle 236,pets,-157.58,186.29,B016,North Branch 16,Rasht,online,4,0,online,2025-08-05,198,100,Pets,negative price or cost
S000755453,2023-04-09,C033107,Omid,Karimi,omid.karimi33107@example.com,09759878207,Shiraz,2021-10-13,P00120,Pro Cream 120,furniture,105.07,-128.77,B007,Central Branch 7,Qom,partner,2,0,card,2023-10-01,69,50,Furniture,negative price or cost
S000759349,2025-04-05,C010220,Mina,Rahimi,mina.rahimi10220@example.com,09748616170,Shiraz,2020-02-08,P00228,Basic Ball 228,shoes,-158.48,377.5,B025,Bazaar Branch 25,Tehran,mobile,1,20,card,2023-07-20,261,75,Shoes,negative price or cost
S000760456,2024-09-27,C049948,Hana,Akbari,hana.akbari49948@example.com,09778888734,Mashhad,2023-07-03,P00214,Nova Cream 214,jewelry,95.86,-187.81,B035,Mall Branch 35,Isfahan,mobile,4,0,online,2025-06-19,429,10,Jewelry,negative price or cost
S000763896,2024-03-12,C024813,Neda,Hosseini,neda.hosseini24813@example.com,09960859516,Shiraz,2021-09-23,P00407,Classic Cream 407,clothing,-191.59,535.51,B022,Outlet Branch 22,Rasht,mobile,4,15,online,2024-09-28,91,75,Clothing,negative price or cost
S000765459,2024-12-15,C010769,Neda,Mohammadi,neda.mohammadi10769@example.com,09385697739,Rasht,2021-06-04,P00139,Prime Mixer 139,gaming,149.35,-256.99,B030,Airport Branch 30,Mashhad,mobile,10,10,cash,2025-11-09,155,50,Gaming,negative price or cost
S000768443,2023-12-15,C044388,Arman,Ahmadi,arman.ahmadi44388@example.com,09602848504,Tehran,2020-05-19,P00495,Prime Puzzle 495,music,-266.31,335.43,B009,South Branch 9,Isfahan,store,1,0,card,2024-08-16,164,20,Music,negative price or cost
S000770462,2024-06-17,C031170,Mina,Ahmadi,mina.ahmadi31170@example.com,09706763786,Mashhad,2021-07-12,P00320,Pro Puzzle 320,furniture,224.03,-267.37,B007,Central Branch 7,Qom,partner,4,15,card,2023-11-25,18,10,Furniture,negative price or cost
S000772990,2025-01-27,C043935,Maryam,Akbari,maryam.akbari43935@example.com,09137638181,Isfahan,2021-01-01,P00338,Pro Puzzle 338,travel,-237.05,369.95,B040,Outlet Branch 40,Tehran,online,1,15,cash,2025-12-11,381,100,Travel,negative price or cost
S000775465,2025-02-13,C014778,Neda,Moradi,neda.moradi14778@example.com,09156649946,Tehran,2020-12-29,P00149,Basic Puzzle 149,grocery,279.64,-403.61,B032,Central Branch 32,Shiraz,partner,1,0,card,2025-05-15,152,30,Grocery,negative price or cost
S000777537,2025-01-26,C011795,Hana,Ahmadi,hana.ahmadi11795@example.com,09944150267,Tehran,2021-09-12,P00473,Prime Cream 473,health,-292.84,379.75,B009,South Branch 9,Isfahan,store,5,10,cash,2024-05-13,399,75,Health,negative price or cost
S000780468,2024-08-02,C033800,Reza,Karimi,reza.karimi33800@example.com,09214901444,Tehran,2024-06-14,P00297,Nova Puzzle 297,baby,56.24,-100.5,B018,North Branch 18,Tabriz,partner,5,15,online,2025-02-25,273,30,Baby,negative price or cost
S000782084,2023-07-25,C015906,Omid,Rahimi,omid.rahimi15906@example.com,09601883511,Shiraz,2023-05-12,P00016,Plus Shirt 16,pets,-201.17,553.22,B002,Mall Branch 2,Karaj,partner,3,0,card,2023-08-29,434,20,Pets,negative price or cost
S000785471,2023-07-03,C026023,Reza,Akbari,reza.akbari26023@example.com,09682238641,Isfahan,2022-01-22,P00356,Basic Desk 356,pets,157.9,-309.83,B031,North Branch 31,Tehran,store,4,0,wallet,2025-11-22,438,20,Pets,negative price or cost
S000786631,2025-04-27,C021726,Leila,Mohammadi,leila.mohammadi21726@example.com,09361698627,Isfahan,2023-10-12,P00447,Prime Puzzle 447,clothing,-292.42,402.58,B035,Mall Branch 35,Isfahan,mobile,3,20,online,2024-12-22,310,100,Clothing,negative price or cost
S000790474,2023-12-26,C034360,Omid,Salehi,omid.salehi34360@example.com,09769967083,Tehran,2020-11-17,P00047,Eco Desk 47,clothing,96.95,-241.24,B031,North Branch 31,Tehran,store,3,25,card,2023-01-29,25,75,Clothing,negative price or cost
S000791178,2025-04-15,C041347,Yasin,Rahimi,yasin.rahimi41347@example.com,09432131527,Shiraz,2023-07-17,P00083,Classic Shirt 83,books,-199.94,538.69,B020,North Branch 20,Shiraz,online,2,5,online,2025-10-31,274,20,Books,negative price or cost
S000795477,2025-09-30,C041168,Neda,Mohammadi,neda.mohammadi41168@example.com,09937592079,Qom,2024-08-22,P00386,Basic Desk 386,toys,359.72,-470.14,B009,South Branch 9,Isfahan,store,1,0,cash,2024-02-28,289,50,Toys,negative price or cost
S000795725,2023-09-29,C047071,Yasin,Jafari,yasin.jafari47071@example.com,09636210471,Tehran,2024-03-22,P00152,Basic Desk 152,automotive,-330.94,403.55,B016,North Branch 16,Rasht,online,3,5,card,2024-05-13,96,10,Automotive,negative price or cost
S000800272,2025-09-17,C029237,Yasin,Ahmadi,yasin.ahmadi29237@example.com,09261601625,Rasht,2020-10-11,P00075,Mini Shirt 75,music,-268.13,639.04,B007,Central Branch 7,Qom,partner,3,15,card,2025-04-14,333,75,Music,negative price or cost
S000800480,2025-10-28,C028449,Omid,Jafari,omid.jafari28449@example.com,09353111205,Rasht,2024-10-22,P00249,Max Sneakers 249,grocery,309.04,-808.45,B033,South Branch 33,Isfahan,online,5,5,card,2025-07-14,95,10,Grocery,negative price or cost
S000804819,2023-03-21,C046267,Mina,Akbari,mina.akbari46267@example.com,09956567501,Mashhad,2021-12-21,P00092,Eco Notebook 92,automotive,-132.73,337.15,B003,Bazaar Branch 3,Karaj,online,2,0,wallet,2024-10-16,77,50,Automotive,negative price or cost
S000805483,2025-12-12,C039170,Neda,Akbari,neda.akbari39170@example.com,09678347356,Tehran,2021-03-12,P00004,Mini Desk 4,beauty,211.74,-535.86,B014,Bazaar Branch 14,Shiraz,mobile,3,0,online,2025-12-05,57,20,Beauty,negative price or cost
S000809366,2025-03-18,C015208,Leila,Rostami,leila.rostami15208@example.com,09816849123,Rasht,2024-05-22,P00099,Plus Puzzle 99,gaming,-26.79,45.95,B023,Bazaar Branch 23,Rasht,mobile,1,10,cash,2025-08-16,263,30,Gaming,negative price or cost
S000810486,2025-06-25,C045129,Amir,Rahimi,amir.rahimi45129@example.com,09956429839,Shiraz,2023-10-13,P00151,Prime Coffee 151,garden,396.9,-465.8,B028,Express Branch 28,Isfahan,partner,10,25,card,2025-06-13,423,10,Garden,negative price or cost
S000813913,2024-10-18,C007470,Yasin,Karimi,yasin.karimi7470@example.com,09446465628,Tabriz,2024-12-03,P00347,Classic Cream 347,clothing,-60.65,93.42,B040,Outlet Branch 40,Tehran,online,2,0,card,2024-03-10,262,10,Clothing,negative price or cost
S000815489,2025-09-05,C026788,Ali,Hosseini,ali.hosseini26788@example.com,09561979901,Tehran,2022-09-02,P00293,Plus Sneakers 293,health,336.86,-704.05,B007,Central Branch 7,Qom,partner,2,15,online,2023-03-13,287,100,Health,negative price or cost
S000818460,2025-02-24,C022786,Mina,Rahimi,mina.rahimi22786@example.com,09335393359,Tehran,2020-07-20,P00472,Pro Desk 472,automotive,-74.87,99.86,B038,East Branch 38,Tehran,mobile,3,0,online,2025-09-09,199,50,Automotive,negative price or cost
S000820492,2025-12-15,C004549,Yasin,Karimi,yasin.karimi4549@example.com,09116936434,Rasht,2022-07-16,P00302,Nova Shirt 302,home appliances,179.53,-245.27,B014,Bazaar Branch 14,Shiraz,mobile,6,15,card,2025-02-06,438,40,Home Appliances,negative price or cost
S000823007,2023-09-23,C038349,Yasin,Rostami,yasin.rostami38349@example.com,09418310767,Karaj,2024-12-04,P00097,Eco Desk 97,baby,-35.63,77.14,B025,Bazaar Branch 25,Tehran,mobile,4,20,card,2025-03-26,289,20,Baby,negative price or cost
S000825495,2023-12-10,C036274,Mina,Jafari,mina.jafari36274@example.com,09160245625,Tehran,2023-09-12,P00312,Nova Mixer 312,automotive,76.28,-208.66,B030,Airport Branch 30,Mashhad,mobile,1,5,online,2023-04-16,421,40,Automotive,negative price or cost
S000827554,2023-01-13,C027523,Arman,Rahimi,arman.rahimi27523@example.com,09366072203,Isfahan,2020-11-10,P00401,Classic Puzzle 401,electronics,-154.81,387.8,B019,Bazaar Branch 19,Shiraz,mobile,2,0,online,2023-06-06,167,10,Electronics,negative price or cost
S000830498,2025-12-24,C040799,Omid,Salehi,omid.salehi40799@example.com,09180392086,Isfahan,2022-12-01,P00075,Mini Shirt 75,music,268.13,-639.04,B026,Central Branch 26,Mashhad,partner,2,10,wallet,2023-01-26,241,10,Music,negative price or cost
S000832101,2025-12-18,C043383,Mina,Mohammadi,mina.mohammadi43383@example.com,09912990443,Tehran,2024-08-07,P00290,Nova Mixer 290,office,-160.58,216.38,B017,Express Branch 17,Tehran,online,4,10,online,2025-06-25,479,100,Office,negative price or cost
S000835501,2023-10-24,C047850,Mina,Jafari,mina.jafari47850@example.com,09116103211,Shiraz,2023-03-27,P00388,Basic Headphones 388,shoes,302.72,-816.01,B016,North Branch 16,Rasht,online,1,0,card,2024-08-14,453,10,Shoes,negative price or cost
S000836648,2025-02-27,C035386,Omid,Ahmadi,omid.ahmadi35386@example.com,09146933830,Qom,2021-07-29,P00326,Eco Sneakers 326,toys,-67.56,99.81,B037,Bazaar Branch 37,Tehran,online,3,20,online,2023-10-10,435,40,Toys,negative price or cost
S000840504,2025-02-16,C012257,Reza,Rostami,reza.rostami12257@example.com,09902369699,Tehran,2024-05-07,P00403,Mini Ball 403,books,380.22,-1017.38,B003,Bazaar Branch 3,Karaj,online,3,15,online,2024-05-10,187,40,Books,negative price or cost
S000841195,2025-01-24,C011531,Maryam,Hosseini,maryam.hosseini11531@example.com,09594296976,Karaj,2021-11-11,P00329,Eco Desk 329,grocery,-217.65,542.59,B030,Airport Branch 30,Mashhad,mobile,4,0,online,2025-03-17,399,50,Grocery,negative price or cost
S000845507,2025-12-27,C040384,Yasin,Jafari,yasin.jafari40384@example.com,09178412434,Shiraz,2021-06-04,P00478,Plus Coffee 478,travel,277.37,-601.41,B040,Outlet Branch 40,Tehran,online,1,0,card,2024-11-25,398,20,Travel,negative price or cost
S000845742,2025-11-09,C049687,Leila,Karimi,leila.karimi49687@example.com,09650286614,Mashhad,2020-02-06,P00442,Pro Mixer 442,home appliances,-59.04,114.59,B011,Central Branch 11,Tehran,partner,2,5,online,2024-03-11,295,75,Home Appliances,negative price or cost
S000850289,2025-12-03,C025960,Hana,Moradi,hana.moradi25960@example.com,09819602033,Isfahan,2024-11-01,P00129,Max Sneakers 129,grocery,-52.81,102.47,B006,North Branch 6,Tehran,online,1,0,card,2025-11-18,76,30,Grocery,negative price or cost
S000850510,2024-01-31,C000808,Ali,Rahimi,ali.rahimi808@example.com,09331652222,Tehran,2020-05-03,P00024,Max Desk 24,beauty,290.07,-571.4,B028,Express Branch 28,Isfahan,partner,1,0,cash,2024-07-01,330,30,Beauty,negative price or cost
S000854836,2024-01-02,C043935,Maryam,Akbari,maryam.akbari43935@example.com,09137638181,Isfahan,2021-01-01,P00316,Basic Shirt 316,pets,-202.33,497.7,B005,South Branch 5,Tehran,online,4,0,online,2025-12-23,76,50,Pets,negative price or cost
S000855513,2025-09-28,C011199,Neda,Karimi,neda.karimi11199@example.com,09884337693,Tehran,2024-07-25,P00234,Nova Headphones 234,jewelry,327.65,-447.27,B032,Central Branch 32,Shiraz,partner,1,15,card,2025-05-03,238,75,Jewelry,negative price or cost
S000859383,2025-08-10,C031390,Reza,Karimi,reza.karimi31390@example.com,09250119767,Rasht,2023-03-16,P00106,Eco Headphones 106,toys,-321.72,376.97,B017,Express Branch 17,Tehran,online,3,15,online,2024-05-15,90,75,Toys,negative price or cost
S000860516,2025-06-30,C008494,Amir,Mohammadi,amir.mohammadi8494@example.com,09470093554,Rasht,2022-07-13,P00157,Smart Puzzle 157,baby,225.98,-442.33,B001,Central Branch 1,Rasht,online,5,5,card,2025-10-28,16,20,Baby,negative price or cost
S000863930,2023-04-28,C047414,Leila,Rostami,leila.rostami47414@example.com,09964573959,Shiraz,2023-11-09,P00268,Basic Headphones 268,shoes,-248.33,507.33,B005,South Branch 5,Tehran,online,3,5,cash,2024-03-07,327,75,Shoes,negative price or cost
S000865519,2025-07-20,C043122,Arman,Hosseini,arman.hosseini43122@example.com,09174485048,Tehran,2023-03-28,P00345,Pro Notebook 345,sports,377.52,-887.44,B017,Express Branch 17,Tehran,online,10,0,card,2024-03-05,383,100,Sports,negative price or cost
S000868477,2023-03-30,C029996,Hana,Mohammadi,hana.mohammadi29996@example.com,09701300621,Shiraz,2022-05-31,P00173,Max Sneakers 173,health,-70.99,167.61,B018,North Branch 18,Tabriz,partner,3,25,wallet,2023-04-09,423,40,Health,negative price or cost
S000870522,2024-10-01,C022012,Sara,Akbari,sara.akbari22012@example.com,09295571759,Mashhad,2020-12-02,P00072,Max Desk 72,automotive,260.74,-662.34,B025,Bazaar Branch 25,Tehran,mobile,3,0,cash,2023-05-18,368,20,Automotive,negative price or cost
S000873024,2025-12-11,C027365,Amir,Rahimi,amir.rahimi27365@example.com,09779453195,Tehran,2020-12-05,P00177,Eco Shirt 177,baby,-121.13,229.27,B029,North Branch 29,Tehran,mobile,8,15,wallet,2024-03-21,446,20,Baby,negative price or cost
S000875525,2023-11-20,C011130,Amir,Rahimi,amir.rahimi11130@example.com,09855702862,Tabriz,2021-01-09,P00335,Prime Shirt 335,music,134.04,-309.67,B009,South Branch 9,Isfahan,store,1,20,card,2024-04-18,278,40,Music,negative price or cost
S000877571,2023-08-05,C015481,Leila,Jafari,leila.jafari15481@example.com,09581918158,Tehran,2020-05-09,P00062,Prime Sneakers 62,home appliances,-358.63,458.16,B014,Bazaar Branch 14,Shiraz,mobile,2,0,online,2025-05-02,467,20,Home Appliances,negative price or cost
S000880528,2023-07-13,C018097,Reza,Ahmadi,reza.ahmadi18097@example.com,09140736208,Rasht,2023-12-20,P00437,Mini Notebook 437,baby,218.25,-430.16,B013,Outlet Branch 13,Mashhad,mobile,1,0,card,2023-09-17,128,50,Baby,negative price or cost
S000882118,2025-07-17,C005916,Amir,Salehi,amir.salehi5916@example.com,09119218823,Shiraz,2023-09-25,P00154,Eco Puzzle 154,jewelry,-130.12,324.57,B034,Express Branch 34,Isfahan,partner,2,0,cash,2023-11-02,126,40,Jewelry,negative price or cost
S000885531,2025-01-22,C003413,Yasin,Hosseini,yasin.hosseini3413@example.com,09204131289,Isfahan,2021-03-23,P00162,Nova Coffee 162,home appliances,208.87,-309.83,B008,West Branch 8,Isfahan,store,1,20,online,2023-02-16,66,75,Home Appliances,negative price or cost
S000886665,2024-02-12,C043850,Yasin,Akbari,yasin.akbari43850@example.com,09647007176,Shiraz,2024-03-27,P00301,Plus Coffee 301,electronics,-243.45,527.52,B031,North Branch 31,Tehran,store,1,0,cash,2023-02-26,409,20,Electronics,negative price or cost
S000890534,2025-01-27,C021386,Maryam,Mohammadi,maryam.mohammadi21386@example.com,09712511391,Shiraz,2020-01-28,P00216,Eco Shirt 216,pets,260.19,-440.09,B016,North Branch 16,Rasht,online,5,25,card,2024-08-02,160,50,Pets,negative price or cost
S000891212,2025-06-30,C016290,Amir,Akbari,amir.akbari16290@example.com,09712015189,Mashhad,2021-03-24,P00320,Pro Puzzle 320,furniture,-224.03,267.37,B025,Bazaar Branch 25,Tehran,mobile,6,20,online,2023-08-27,92,10,Furniture,negative price or cost
S000895537,2024-06-27,C029882,Ali,Salehi,ali.salehi29882@example.com,09173660637,Tehran,2022-08-07,P00043,Prime Mixer 43,books,59.66,-72.72,B038,East Branch 38,Tehran,mobile,1,15,wallet,2023-01-02,363,30,Books,negative price or cost
S000895759,2023-05-20,C018206,Arman,Akbari,arman.akbari18206@example.com,09309564791,Rasht,2023-10-23,P00374,Max Headphones 374,jewelry,-34.93,62.7,B021,Airport Branch 21,Tehran,online,4,0,card,2024-09-09,226,100,Jewelry,negative price or cost
S000900306,2023-10-30,C037965,Hana,Salehi,hana.salehi37965@example.com,09883607123,Shiraz,2021-12-11,P00115,Prime Desk 115,music,-25.03,62.93,B039,Mall Branch 39,Shiraz,online,5,5,online,2023-03-27,381,10,Music,negative price or cost
S000900540,2023-12-31,C012766,Yasin,Ahmadi,yasin.ahmadi12766@example.com,09341885663,Rasht,2021-04-05,P00370,Max Puzzle 370,office,394.39,-608.3,B035,Mall Branch 35,Isfahan,mobile,1,0,online,2023-06-05,466,40,Office,negative price or cost
S000904853,2024-12-18,C012096,Arman,Salehi,arman.salehi12096@example.com,09264939671,Tabriz,2020-12-05,P00079,Mini Mixer 79,gaming,-10.52,15.21,B029,North Branch 29,Tehran,mobile,1,15,online,2024-12-19,101,50,Gaming,negative price or cost
S000905543,2023-03-18,C016938,Reza,Rostami,reza.rostami16938@example.com,09370895823,Isfahan,2020-02-25,P00107,Smart Coffee 107,clothing,286.7,-387.25,B032,Central Branch 32,Shiraz,partner,1,20,online,2023-08-22,203,50,Clothing,negative price or cost
S000909400,2023-07-21,C037840,Maryam,Salehi,maryam.salehi37840@example.com,09944005232,Tehran,2022-04-14,P00173,Max Sneakers 173,health,-70.99,167.61,B005,South Branch 5,Tehran,online,2,25,cash,2025-11-08,153,100,Health,negative price or cost
S000910546,2024-07-07,C017501,Omid,Mohammadi,omid.mohammadi17501@example.com,09815261411,Shiraz,2022-08-25,P00426,Basic Mixer 426,toys,288.91,-561.11,B021,Airport Branch 21,Tehran,online,1,0,cash,2025-07-22,315,50,Toys,negative price or cost
S000913947,2025-12-21,C019659,Reza,Karimi,reza.karimi19659@example.com,09596716171,Shiraz,2020-04-17,P00131,Pro Shirt 131,garden,-34.95,77.2,B014,Bazaar Branch 14,Shiraz,mobile,8,0,card,2024-12-18,324,30,Garden,negative price or cost
S000915549,2024-03-12,C031260,Arman,Moradi,arman.moradi31260@example.com,09141950755,Tehran,2022-09-19,P00116,Prime Desk 116,pets,182.76,-477.18,B009,South Branch 9,Isfahan,store,5,25,online,2024-12-23,109,50,Pets,negative price or cost
S000918494,2025-02-15,C032875,Maryam,Rahimi,maryam.rahimi32875@example.com,09877312317,Tabriz,2022-10-13,P00472,Pro Desk 472,automotive,-74.87,99.86,B007,Central Branch 7,Qom,partner,1,20,online,2024-12-19,331,100,Automotive,negative price or cost
S000920552,2024-06-27,C042886,Leila,Jafari,leila.jafari42886@example.com,09434343171,Shiraz,2024-01-05,P00453,Basic Sneakers 453,health,151.96,-405.64,B021,Airport Branch 21,Tehran,online,2,20,cash,2023-08-14,425,10,Health,negative price or cost
S000923041,2023-04-08,C040084,Amir,Karimi,amir.karimi40084@example.com,09616725737,Isfahan,2024-10-29,P00344,Pro Mixer 344,beauty,-216.3,340.99,B001,Central Branch 1,Rasht,online,2,15,wallet,2025-12-29,298,40,Beauty,negative price or cost
S000925555,2024-03-05,C036622,Yasin,Salehi,yasin.salehi36622@example.com,09181511402,Mashhad,2022-03-17,P00292,Eco Notebook 292,automotive,98.79,-275.22,B003,Bazaar Branch 3,Karaj,online,1,20,cash,2025-12-07,1,30,Automotive,negative price or cost
S000927588,2023-09-21,C029277,Sara,Salehi,sara.salehi29277@example.com,09680538444,Tehran,2020-02-13,P00252,Smart Coffee 252,automotive,-180.03,388.9,B017,Express Branch 17,Tehran,online,1,20,card,2025-06-23,497,75,Automotive,negative price or cost
S000930558,2023-07-30,C028935,Reza,Jafari,reza.jafari28935@example.com,09177750533,Shiraz,2020-07-12,P00110,Prime Sneakers 110,office,158.2,-278.01,B024,Outlet Branch 24,Tehran,store,5,20,online,2025-10-24,414,10,Office,negative price or cost
S000932135,2023-05-06,C004144,Ali,Jafari,ali.jafari4144@example.com,09713811510,Isfahan,2022-01-06,P00407,Classic Cream 407,clothing,-191.59,535.51,B032,Central Branch 32,Shiraz,partner,5,5,online,2024-09-20,198,40,Clothing,negative price or cost
S000935561,2024-11-22,C006305,Maryam,Rostami,maryam.rostami6305@example.com,09777902474,Shiraz,2020-06-30,P00400,Prime Puzzle 400,furniture,151.71,-240.77,B011,Central Branch 11,Tehran,partner,3,15,online,2025-06-23,310,20,Furniture,negative price or cost
S000936682,2025-09-21,C042088,Ali,Salehi,ali.salehi42088@example.com,09446906364,Tabriz,2024-08-13,P00322,Eco Coffee 322,home appliances,-264.59,333.64,B013,Outlet Branch 13,Mashhad,mobile,2,5,card,2024-07-14,392,100,Home Appliances,negative price or cost
S000940564,2025-01-02,C009245,Yasin,Salehi,yasin.salehi9245@example.com,09113943678,Qom,2024-07-19,P00111,Basic Cream 111,garden,155.52,-295.18,B006,North Branch 6,Tehran,online,2,25,online,2025-09-10,417,30,Garden,negative price or cost
S000941229,2023-02-05,C018100,Sara,Moradi,sara.moradi18100@example.com,09142428907,Qom,2022-02-24,P00396,Prime Cream 396,pets,-286.22,618.0,B005,South Branch 5,Tehran,online,2,0,wallet,2024-12-01,298,30,Pets,negative price or cost
S000945567,2024-11-24,C011084,Neda,Jafari,neda.jafari11084@example.com,09597460035,Isfahan,2023-10-15,P00168,Nova Shirt 168,shoes,170.28,-243.7,B006,North Branch 6,Tehran,online,1,20,online,2025-09-07,494,75,Shoes,negative price or cost
S000945776,2025-12-18,C043006,Mina,Jafari,mina.jafari43006@example.com,09430454669,Shiraz,2020-09-25,P00479,Nova Mixer 479,gaming,-124.51,153.77,B026,Central Branch 26,Mashhad,partner,3,0,online,2024-04-10,218,50,Gaming,negative price or cost
S000950323,2024-06-05,C031989,Sara,Hosseini,sara.hosseini31989@example.com,09841683942,Qom,2022-12-31,P00096,Classic Headphones 96,pets,-149.76,341.76,B019,Bazaar Branch 19,Shiraz,mobile,1,0,online,2024-11-05,253,75,Pets,negative price or cost
S000950570,2023-02-24,C003812,Arman,Salehi,arman.salehi3812@example.com,09490213781,Mashhad,2023-01-27,P00114,Prime Shirt 114,jewelry,308.99,-847.84,B006,North Branch 6,Tehran,online,1,20,online,2024-06-15,174,30,Jewelry,negative price or cost
S000954870,2024-06-11,C036561,Mina,Akbari,mina.akbari36561@example.com,09580117625,Isfahan,2024-07-31,P00488,Basic Shirt 488,shoes,-28.99,52.72,B025,Bazaar Branch 25,Tehran,mobile,2,0,online,2024-08-06,418,30,Shoes,negative price or cost
S000955573,2024-05-26,C041320,Ali,Moradi,ali.moradi41320@example.com,09295983712,Qom,2022-11-17,P00332,Nova Notebook 332,automotive,391.91,-849.23,B010,Central Branch 10,Rasht,mobile,3,5,online,2024-09-19,428,10,Automotive,negative price or cost
S000959417,2025-09-14,C036118,Leila,Jafari,leila.jafari36118@example.com,09212994286,Rasht,2024-07-03,P00122,Max Shirt 122,home appliances,-171.69,431.29,B005,South Branch 5,Tehran,online,6,5,cash,2025-01-08,340,30,Home Appliances,negative price or cost
S000960576,2023-04-12,C012179,Ali,Salehi,ali.salehi12179@example.com,09865609648,Mashhad,2020-05-12,P00469,Prime Desk 469,grocery,73.29,-87.48,B005,South Branch 5,Tehran,online,4,15,online,2023-07-11,65,50,Grocery,negative price or cost
S000963964,2023-01-23,C019297,Hana,Hosseini,hana.hosseini19297@example.com,09858259808,Tehran,2022-05-22,P00259,Classic Shirt 259,gaming,-149.43,334.22,B018,North Branch 18,Tabriz,partner,3,20,cash,2025-10-12,436,30,Gaming,negative price or cost
S000965579,2025-11-03,C015192,Amir,Rostami,amir.rostami15192@example.com,09689639433,Isfahan,2022-03-18,P00278,Eco Puzzle 278,travel,164.36,-227.77,B032,Central Branch 32,Shiraz,partner,4,5,wallet,2024-09-27,2,30,Travel,negative price or cost
S000968511,2023-05-04,C018345,Mina,Rostami,mina.rostami18345@example.com,09960181506,Karaj,2023-08-21,P00248,Mini Ball 248,shoes,-239.95,284.96,B036,Express Branch 36,Tehran,store,1,0,online,2024-08-25,487,30,Shoes,negative price or cost
S000970582,2025-01-08,C026731,Mina,Ahmadi,mina.ahmadi26731@example.com,09592484519,Qom,2020-10-06,P00012,Classic Headphones 12,automotive,167.7,-202.09,B037,Bazaar Branch 37,Tehran,online,6,15,card,2024-02-04,48,20,Automotive,negative price or cost
S000973058,2025-09-25,C024555,Amir,Salehi,amir.salehi24555@example.com,09581493059,Shiraz,2020-01-10,P00288,Smart Puzzle 288,shoes,-19.17,22.84,B019,Bazaar Branch 19,Shiraz,mobile,1,25,online,2024-09-10,294,100,Shoes,negative price or cost
S000975585,2023-01-23,C045136,Sara,Hosseini,sara.hosseini45136@example.com,09535518741,Rasht,2023-06-22,P00268,Basic Headphones 268,shoes,248.33,-507.33,B010,Central Branch 10,Rasht,mobile,1,25,online,2024-05-15,333,10,Shoes,negative price or cost
S000977605,2024-12-08,C010233,Amir,Karimi,amir.karimi10233@example.com,09133371244,Tehran,2023-07-08,P00272,Smart Coffee 272,automotive,-213.09,320.35,B008,West Branch 8,Isfahan,store,2,15,wallet,2024-01-02,187,20,Automotive,negative price or cost
S000980588,2025-12-29,C035858,Neda,Akbari,neda.akbari35858@example.com,09436078457,Qom,2023-04-22,P00304,Max Headphones 304,beauty,16.34,-31.81,B037,Bazaar Branch 37,Tehran,online,3,0,online,2025-10-30,458,20,Beauty,negative price or cost
S000982152,2023-04-19,C011995,Maryam,Ahmadi,maryam.ahmadi11995@example.com,09206185700,Isfahan,2024-05-03,P00265,Eco Mixer 265,sports,-398.58,866.09,B006,North Branch 6,Tehran,online,10,0,card,2024-07-23,454,40,Sports,negative price or cost
S000985591,2025-09-25,C007315,Leila,Karimi,leila.karimi7315@example.com,09608853022,Tehran,2023-01-18,P00174,Plus Puzzle 174,jewelry,56.19,-69.75,B004,Bazaar Branch 4,Rasht,partner,2,25,card,2024-08-03,491,10,Jewelry,negative price or cost
S000986699,2025-08-04,C024600,Neda,Salehi,neda.salehi24600@example.com,09542028487,Karaj,2020-11-05,P00290,Nova Mixer 290,office,-160.58,216.38,B033,South Branch 33,Isfahan,online,1,15,online,2025-04-08,360,100,Office,negative price or cost
S000990594,2023-03-10,C025082,Sara,Rahimi,sara.rahimi25082@example.com,09481533971,Tehran,2024-08-22,P00006,Nova Puzzle 6,toys,236.33,-478.89,B036,Express Branch 36,Tehran,store,2,15,online,2024-04-11,297,50,Toys,negative price or cost
S000991246,2024-06-16,C034504,Arman,Salehi,arman.salehi34504@example.com,09788544566,Isfahan,2024-07-26,P00293,Plus Sneakers 293,health,-336.86,704.05,B014,Bazaar Branch 14,Shiraz,mobile,3,15,wallet,2025-08-11,291,100,Health,negative price or cost
S000995597,2025-10-15,C001321,Amir,Mohammadi,amir.mohammadi1321@example.com,09611267257,Mashhad,2024-11-18,P00420,Smart Puzzle 420,furniture,101.83,-151.61,B029,North Branch 29,Tehran,mobile,3,10,wallet,2025-02-23,353,75,Furniture,negative price or cost
S000995793,2023-02-05,C043651,Hana,Mohammadi,hana.mohammadi43651@example.com,09710905395,Tehran,2020-04-17,P00020,Basic Headphones 20,furniture,-188.14,336.67,B037,Bazaar Branch 37,Tehran,online,3,0,card,2024-08-04,34,75,Furniture,negative price or cost
S000006007,2023-03-01,C047630,Mina,Jafari,mina.jafari47630@example.com,09411620178,Qom,2023-03-22,P00372,Plus Ball 372,automotive,140.76,299.87,B023,Bazaar Branch 23,Rasht,mobile,4,120,wallet,2024-09-25,456,75,Automotive,invalid discount percent
S000012014,2023-07-27,C004924,Amir,Salehi,amir.salehi4924@example.com,09787298924,Tehran,2024-08-07,P00245,Pro Shirt 245,sports,346.68,922.26,B026,Central Branch 26,Mashhad,partner,3,120,online,2024-12-16,315,30,Sports,invalid discount percent
S000018021,2023-08-27,C037745,Sara,Mohammadi,sara.mohammadi37745@example.com,09681195895,Isfahan,2024-11-23,P00324,Pro Ball 324,beauty,265.69,392.33,B019,Bazaar Branch 19,Shiraz,mobile,1,120,card,2023-08-07,390,50,Beauty,invalid discount percent
S000024028,2025-10-15,C014345,Arman,Moradi,arman.moradi14345@example.com,09213291429,Tehran,2024-07-31,P00032,Smart Cream 32,automotive,288.21,344.32,B034,Express Branch 34,Isfahan,partner,8,120,card,2024-03-14,281,50,Automotive,invalid discount percent
S000030035,2023-12-20,C015108,Ali,Rahimi,ali.rahimi15108@example.com,09319209168,Shiraz,2020-10-24,P00300,Max Cream 300,furniture,315.26,670.68,B001,Central Branch 1,Rasht,online,3,120,online,2023-09-08,202,50,Furniture,invalid discount percent
S000036042,2024-06-28,C021600,Ali,Hosseini,ali.hosseini21600@example.com,09620926352,Shiraz,2023-05-08,P00364,Prime Headphones 364,beauty,132.49,368.18,B002,Mall Branch 2,Karaj,partner,8,120,online,2024-07-12,272,10,Beauty,invalid discount percent
S000042049,2024-12-04,C042631,Mina,Hosseini,mina.hosseini42631@example.com,09228767027,Rasht,2024-04-25,P00057,Classic Ball 57,baby,229.73,409.52,B032,Central Branch 32,Shiraz,partner,4,120,online,2024-11-03,43,40,Baby,invalid discount percent
S000048056,2024-09-13,C043320,Omid,Moradi,omid.moradi43320@example.com,09791773179,Isfahan,2023-01-13,P00063,Classic Headphones 63,books,360.04,496.7,B027,Express Branch 27,Shiraz,store,5,120,online,2024-04-09,343,50,Books,invalid discount percent
S000054063,2023-01-30,C015117,Mina,Ahmadi,mina.ahmadi15117@example.com,09464152945,Isfahan,2021-11-12,P00150,Smart Ball 150,office,326.14,480.8,B015,Outlet Branch 15,Isfahan,partner,3,120,online,2024-10-02,458,50,Office,invalid discount percent
S000060070,2024-05-08,C049476,Omid,Hosseini,omid.hosseini49476@example.com,09436038517,Shiraz,2022-03-21,P00413,Plus Shirt 413,health,344.24,526.41,B003,Bazaar Branch 3,Karaj,online,1,120,card,2025-05-16,243,40,Health,invalid discount percent
S000066077,2024-07-03,C043692,Hana,Jafari,hana.jafari43692@example.com,09242638713,Mashhad,2022-10-09,P00125,Classic Cream 125,sports,248.17,471.89,B002,Mall Branch 2,Karaj,partner,1,120,wallet,2025-12-27,454,50,Sports,invalid discount percent
S000072084,2025-06-01,C039505,Hana,Karimi,hana.karimi39505@example.com,09449361375,Mashhad,2020-11-23,P00128,Mini Coffee 128,shoes,136.7,209.32,B001,Central Branch 1,Rasht,online,2,120,online,2023-03-24,215,20,Shoes,invalid discount percent
S000078091,2024-02-06,C021103,Reza,Karimi,reza.karimi21103@example.com,09326664468,Qom,2020-11-22,P00264,Pro Desk 264,beauty,281.41,612.86,B005,South Branch 5,Tehran,online,2,120,card,2025-09-17,266,30,Beauty,invalid discount percent
S000084098,2025-11-05,C033045,Leila,Akbari,leila.akbari33045@example.com,09790018773,Shiraz,2021-12-20,P00387,Pro Ball 387,clothing,95.04,250.48,B029,North Branch 29,Tehran,mobile,3,120,card,2023-11-05,185,40,Clothing,invalid discount percent
S000090105,2024-12-10,C046221,Omid,Jafari,omid.jafari46221@example.com,09350307313,Tehran,2021-06-09,P00025,Basic Mixer 25,sports,298.56,749.92,B027,Express Branch 27,Shiraz,store,5,120,online,2023-06-06,378,30,Sports,invalid discount percent
S000096112,2024-03-11,C028941,Arman,Mohammadi,arman.mohammadi28941@example.com,09362345738,Tabriz,2021-07-19,P00361,Classic Sneakers 361,electronics,273.95,375.35,B019,Bazaar Branch 19,Shiraz,mobile,6,120,card,2023-11-04,498,30,Electronics,invalid discount percent
S000102119,2025-02-22,C049621,Sara,Mohammadi,sara.mohammadi49621@example.com,09139864394,Karaj,2024-04-29,P00062,Prime Sneakers 62,home appliances,358.63,458.16,B019,Bazaar Branch 19,Shiraz,mobile,2,120,cash,2024-04-05,461,10,Home Appliances,invalid discount percent
S000108126,2025-04-24,C046734,Mina,Ahmadi,mina.ahmadi46734@example.com,09561261689,Qom,2021-01-15,P00231,Mini Coffee 231,garden,38.07,103.26,B018,North Branch 18,Tabriz,partner,4,120,card,2025-03-02,481,75,Garden,invalid discount percent
S000114133,2025-02-03,C039069,Sara,Jafari,sara.jafari39069@example.com,09990841905,Isfahan,2021-05-17,P00319,Basic Sneakers 319,gaming,110.8,226.34,B021,Airport Branch 21,Tehran,online,2,120,card,2024-08-20,302,10,Gaming,invalid discount percent
S000120140,2023-06-24,C041307,Arman,Mohammadi,arman.mohammadi41307@example.com,09423427560,Tabriz,2022-12-15,P00439,Classic Puzzle 439,gaming,297.94,763.39,B004,Bazaar Branch 4,Rasht,partner,4,120,online,2025-08-22,139,75,Gaming,invalid discount percent
S000126147,2025-10-13,C028476,Yasin,Ahmadi,yasin.ahmadi28476@example.com,09731504062,Tabriz,2022-07-02,P00089,Smart Shirt 89,grocery,47.08,58.83,B024,Outlet Branch 24,Tehran,store,2,120,cash,2023-02-14,88,75,Grocery,invalid discount percent
S000132154,2024-09-05,C040307,Maryam,Moradi,maryam.moradi40307@example.com,09163129826,Tehran,2021-08-01,P00050,Smart Notebook 50,office,230.15,636.37,B025,Bazaar Branch 25,Tehran,mobile,1,120,card,2024-06-04,449,30,Office,invalid discount percent
S000138161,2025-07-25,C024756,Reza,Ahmadi,reza.ahmadi24756@example.com,09715802534,Rasht,2022-04-18,P00103,Nova Ball 103,books,327.2,674.75,B037,Bazaar Branch 37,Tehran,online,1,120,wallet,2023-09-16,9,10,Books,invalid discount percent
S000144168,2025-11-10,C047023,Omid,Rostami,omid.rostami47023@example.com,09196696858,Tehran,2022-05-04,P00339,Max Sneakers 339,gaming,357.41,586.63,B034,Express Branch 34,Isfahan,partner,4,120,card,2024-11-14,374,40,Gaming,invalid discount percent
S000150175,2023-05-20,C029011,Mina,Mohammadi,mina.mohammadi29011@example.com,09794638678,Shiraz,2021-04-05,P00319,Basic Sneakers 319,gaming,110.8,226.34,B028,Express Branch 28,Isfahan,partner,10,120,online,2025-06-18,276,75,Gaming,invalid discount percent
S000156182,2024-12-13,C000852,Amir,Rostami,amir.rostami852@example.com,09392010397,Shiraz,2020-06-01,P00195,Prime Sneakers 195,music,201.28,495.46,B022,Outlet Branch 22,Rasht,mobile,8,120,online,2025-01-03,106,50,Music,invalid discount percent
S000162189,2025-12-03,C026741,Reza,Mohammadi,reza.mohammadi26741@example.com,09418772414,Shiraz,2020-03-19,P00465,Prime Desk 465,sports,17.93,41.34,B039,Mall Branch 39,Shiraz,online,3,120,cash,2025-11-26,82,50,Sports,invalid discount percent
S000168196,2023-08-14,C024629,Yasin,Rostami,yasin.rostami24629@example.com,09209586973,Shiraz,2023-07-30,P00330,Plus Shirt 330,office,29.9,63.27,B006,North Branch 6,Tehran,online,3,120,online,2023-08-22,187,50,Office,invalid discount percent
S000174203,2024-01-11,C011255,Neda,Jafari,neda.jafari11255@example.com,09935761695,Tabriz,2020-09-10,P00279,Mini Shirt 279,gaming,295.19,674.12,B027,Express Branch 27,Shiraz,store,1,120,card,2023-09-21,51,20,Gaming,invalid discount percent
S000180210,2023-04-20,C028850,Hana,Mohammadi,hana.mohammadi28850@example.com,09508889587,Tehran,2021-03-27,P00107,Smart Coffee 107,clothing,286.7,387.25,B035,Mall Branch 35,Isfahan,mobile,1,120,online,2023-07-22,5,20,Clothing,invalid discount percent
S000186217,2023-08-13,C016543,Leila,Akbari,leila.akbari16543@example.com,09756036510,Isfahan,2020-06-28,P00219,Plus Desk 219,gaming,200.27,370.32,B004,Bazaar Branch 4,Rasht,partner,2,120,online,2024-01-20,61,10,Gaming,invalid discount percent
S000192224,2025-11-18,C024981,Sara,Moradi,sara.moradi24981@example.com,09414620849,Tabriz,2020-07-11,P00490,Classic Sneakers 490,office,201.05,322.63,B030,Airport Branch 30,Mashhad,mobile,2,120,cash,2024-11-16,213,30,Office,invalid discount percent
S000198231,2025-01-19,C034447,Reza,Hosseini,reza.hosseini34447@example.com,09670021233,Mashhad,2021-05-26,P00092,Eco Notebook 92,automotive,132.73,337.15,B018,North Branch 18,Tabriz,partner,4,120,wallet,2024-12-27,168,100,Automotive,invalid discount percent
S000204238,2024-05-02,C034749,Reza,Rahimi,reza.rahimi34749@example.com,09429960974,Shiraz,2020-11-20,P00314,Classic Puzzle 314,jewelry,375.06,447.37,B029,North Branch 29,Tehran,mobile,2,120,card,2024-06-07,225,20,Jewelry,invalid discount percent
S000210245,2025-09-30,C046976,Yasin,Salehi,yasin.salehi46976@example.com,09211579383,Isfahan,2022-11-07,P00036,Eco Desk 36,pets,374.23,991.73,B021,Airport Branch 21,Tehran,online,1,120,online,2023-07-20,252,75,Pets,invalid discount percent
S000216252,2025-09-06,C017499,Mina,Salehi,mina.salehi17499@example.com,09795247474,Tehran,2022-01-15,P00314,Classic Puzzle 314,jewelry,375.06,447.37,B001,Central Branch 1,Rasht,online,3,120,online,2023-01-14,430,10,Jewelry,invalid discount percent
S000222259,2023-03-05,C043125,Omid,Moradi,omid.moradi43125@example.com,09751792971,Isfahan,2023-04-10,P00307,Nova Notebook 307,clothing,103.14,175.72,B035,Mall Branch 35,Isfahan,mobile,2,120,online,2024-10-21,420,100,Clothing,invalid discount percent
S000228266,2023-04-30,C003978,Ali,Rahimi,ali.rahimi3978@example.com,09100010183,Shiraz,2022-06-30,P00308,Plus Mixer 308,shoes,387.27,448.11,B036,Express Branch 36,Tehran,store,6,120,cash,2025-01-10,201,40,Shoes,invalid discount percent
S000234273,2023-06-08,C000019,Arman,Moradi,arman.moradi19@example.com,09275452091,Mashhad,2022-02-16,P00121,Classic Puzzle 121,electronics,268.82,442.77,B028,Express Branch 28,Isfahan,partner,6,120,online,2023-02-02,384,100,Electronics,invalid discount percent
S000240280,2023-11-11,C016442,Leila,Rostami,leila.rostami16442@example.com,09156678951,Shiraz,2023-10-16,P00284,Prime Coffee 284,beauty,21.3,39.57,B009,South Branch 9,Isfahan,store,8,120,card,2023-04-29,486,40,Beauty,invalid discount percent
S000246287,2023-08-27,C004748,Neda,Rostami,neda.rostami4748@example.com,09945262073,Rasht,2024-01-31,P00404,Mini Notebook 404,beauty,396.01,526.46,B022,Outlet Branch 22,Rasht,mobile,3,120,card,2023-06-23,43,20,Beauty,invalid discount percent
S000252294,2025-04-19,C034885,Omid,Mohammadi,omid.mohammadi34885@example.com,09843227098,Tehran,2022-05-06,P00096,Classic Headphones 96,pets,149.76,341.76,B022,Outlet Branch 22,Rasht,mobile,1,120,wallet,2023-05-11,271,100,Pets,invalid discount percent
S000258301,2023-09-10,C036745,Reza,Salehi,reza.salehi36745@example.com,09431666356,Rasht,2021-10-15,P00466,Classic Mixer 466,toys,194.76,453.54,B030,Airport Branch 30,Mashhad,mobile,10,120,online,2024-03-28,363,75,Toys,invalid discount percent
S000264308,2025-11-06,C023018,Yasin,Akbari,yasin.akbari23018@example.com,09355187698,Karaj,2020-06-12,P00369,Pro Desk 369,grocery,82.64,102.81,B021,Airport Branch 21,Tehran,online,4,120,card,2023-03-24,162,10,Grocery,invalid discount percent
S000270315,2025-06-22,C046475,Ali,Rahimi,ali.rahimi46475@example.com,09738225717,Tehran,2022-04-19,P00229,Nova Coffee 229,grocery,310.04,785.58,B016,North Branch 16,Rasht,online,2,120,card,2024-12-31,41,100,Grocery,invalid discount percent
S000276322,2025-12-19,C001310,Mina,Rostami,mina.rostami1310@example.com,09938564480,Isfahan,2024-03-11,P00268,Basic Headphones 268,shoes,248.33,507.33,B039,Mall Branch 39,Shiraz,online,10,120,wallet,2024-10-08,484,30,Shoes,invalid discount percent
S000282329,2025-07-22,C039502,Sara,Mohammadi,sara.mohammadi39502@example.com,09372079230,Isfahan,2024-07-15,P00329,Eco Desk 329,grocery,217.65,542.59,B004,Bazaar Branch 4,Rasht,partner,2,120,cash,2025-10-27,205,50,Grocery,invalid discount percent
S000288336,2024-01-25,C003782,Ali,Akbari,ali.akbari3782@example.com,09923334686,Shiraz,2024-04-22,P00302,Nova Shirt 302,home appliances,179.53,245.27,B020,North Branch 20,Shiraz,online,1,120,card,2025-12-01,470,40,Home Appliances,invalid discount percent
S000294343,2023-07-09,C000096,Maryam,Hosseini,maryam.hosseini96@example.com,09479759538,Tabriz,2024-11-26,P00069,Eco Ball 69,grocery,41.97,62.04,B020,North Branch 20,Shiraz,online,1,120,online,2024-11-20,21,75,Grocery,invalid discount percent
S000300350,2024-08-14,C048151,Arman,Jafari,arman.jafari48151@example.com,09193812817,Isfahan,2021-01-11,P00422,Prime Desk 422,home appliances,179.61,346.09,B039,Mall Branch 39,Shiraz,online,1,120,cash,2024-07-07,29,40,Home Appliances,invalid discount percent
S000306357,2025-09-30,C003203,Amir,Akbari,amir.akbari3203@example.com,09168144785,Qom,2020-04-10,P00040,Plus Cream 40,furniture,273.99,678.66,B020,North Branch 20,Shiraz,online,2,120,cash,2025-06-11,458,100,Furniture,invalid discount percent
S000312364,2024-02-15,C011659,Mina,Mohammadi,mina.mohammadi11659@example.com,09917203433,Qom,2022-10-31,P00321,Classic Desk 321,electronics,261.02,359.94,B027,Express Branch 27,Shiraz,store,5,120,cash,2025-10-24,238,50,Electronics,invalid discount percent
S000318371,2023-06-06,C009915,Amir,Karimi,amir.karimi9915@example.com,09836242284,Shiraz,2022-05-25,P00047,Eco Desk 47,clothing,96.95,241.24,B005,South Branch 5,Tehran,online,3,120,card,2025-01-26,198,10,Clothing,invalid discount percent
S000324378,2023-08-29,C047348,Ali,Rahimi,ali.rahimi47348@example.com,09741028662,Shiraz,2024-10-24,P00022,Eco Coffee 22,home appliances,177.76,303.68,B018,North Branch 18,Tabriz,partner,3,120,card,2024-05-24,55,50,Home Appliances,invalid discount percent
S000330385,2023-09-03,C012845,Sara,Salehi,sara.salehi12845@example.com,09574941724,Rasht,2021-05-31,P00039,Mini Shirt 39,gaming,160.85,364.32,B025,Bazaar Branch 25,Tehran,mobile,1,120,online,2025-05-26,349,100,Gaming,invalid discount percent
S000336392,2024-07-20,C007238,Ali,Mohammadi,ali.mohammadi7238@example.com,09131488819,Tehran,2023-12-26,P00491,Classic Desk 491,garden,287.98,508.98,B011,Central Branch 11,Tehran,partner,8,120,cash,2025-02-04,473,40,Garden,invalid discount percent
S000342399,2024-11-18,C038704,Hana,Hosseini,hana.hosseini38704@example.com,09486912472,Rasht,2024-08-25,P00156,Nova Shirt 156,pets,184.17,381.04,B009,South Branch 9,Isfahan,store,1,120,online,2025-05-15,158,30,Pets,invalid discount percent
S000348406,2023-04-06,C017208,Ali,Akbari,ali.akbari17208@example.com,09614640224,Isfahan,2021-01-29,P00338,Pro Puzzle 338,travel,237.05,369.95,B038,East Branch 38,Tehran,mobile,3,120,card,2025-10-10,224,100,Travel,invalid discount percent
S000354413,2025-01-08,C017903,Mina,Jafari,mina.jafari17903@example.com,09505831404,Tehran,2020-02-26,P00469,Prime Desk 469,grocery,73.29,87.48,B014,Bazaar Branch 14,Shiraz,mobile,1,120,card,2025-03-02,56,50,Grocery,invalid discount percent
S000360420,2024-05-08,C022639,Hana,Ahmadi,hana.ahmadi22639@example.com,09492235838,Tabriz,2021-02-08,P00185,Classic Mixer 185,sports,266.46,434.87,B022,Outlet Branch 22,Rasht,mobile,1,120,online,2025-09-28,443,30,Sports,invalid discount percent
S000366427,2023-06-23,C018669,Sara,Hosseini,sara.hosseini18669@example.com,09108577542,Qom,2023-02-16,P00317,Classic Ball 317,baby,187.67,340.34,B026,Central Branch 26,Mashhad,partner,1,120,cash,2025-02-18,130,100,Baby,invalid discount percent
S000372434,2023-10-15,C007313,Amir,Mohammadi,amir.mohammadi7313@example.com,09435720941,Qom,2021-03-26,P00060,Basic Puzzle 60,furniture,59.7,144.88,B023,Bazaar Branch 23,Rasht,mobile,1,120,cash,2024-10-22,446,100,Furniture,invalid discount percent
S000378441,2025-11-02,C045517,Amir,Ahmadi,amir.ahmadi45517@example.com,09120673384,Tabriz,2023-01-16,P00025,Basic Mixer 25,sports,298.56,749.92,B033,South Branch 33,Isfahan,online,4,120,online,2023-02-19,156,30,Sports,invalid discount percent
S000384448,2024-11-04,C002545,Maryam,Moradi,maryam.moradi2545@example.com,09867129446,Isfahan,2023-02-28,P00195,Prime Sneakers 195,music,201.28,495.46,B032,Central Branch 32,Shiraz,partner,4,120,card,2023-02-04,320,50,Music,invalid discount percent
S000390455,2023-07-29,C030049,Neda,Rahimi,neda.rahimi30049@example.com,09546075480,Tehran,2023-03-21,P00439,Classic Puzzle 439,gaming,297.94,763.39,B005,South Branch 5,Tehran,online,2,120,online,2024-02-12,499,75,Gaming,invalid discount percent
S000396462,2024-02-28,C032551,Neda,Rostami,neda.rostami32551@example.com,09493980179,Qom,2020-12-16,P00060,Basic Puzzle 60,furniture,59.7,144.88,B005,South Branch 5,Tehran,online,8,120,online,2024-09-18,195,50,Furniture,invalid discount percent
S000402469,2023-06-03,C036581,Sara,Jafari,sara.jafari36581@example.com,09235316284,Qom,2024-03-19,P00149,Basic Puzzle 149,grocery,279.64,403.61,B016,North Branch 16,Rasht,online,5,120,cash,2024-04-30,45,100,Grocery,invalid discount percent
S000408476,2023-02-06,C028668,Sara,Hosseini,sara.hosseini28668@example.com,09390323018,Tehran,2020-08-01,P00381,Nova Puzzle 381,electronics,163.77,238.64,B010,Central Branch 10,Rasht,mobile,2,120,cash,2023-01-28,50,50,Electronics,invalid discount percent
S000414483,2024-11-04,C032551,Neda,Rostami,neda.rostami32551@example.com,09493980179,Qom,2020-12-16,P00176,Nova Coffee 176,pets,271.52,372.77,B032,Central Branch 32,Shiraz,partner,2,120,cash,2025-10-22,303,100,Pets,invalid discount percent
S000420490,2023-09-12,C000082,Hana,Rahimi,hana.rahimi82@example.com,09756783995,Qom,2022-12-19,P00465,Prime Desk 465,sports,17.93,41.34,B016,North Branch 16,Rasht,online,2,120,card,2024-09-25,349,40,Sports,invalid discount percent
S000426497,2025-07-27,C000771,Arman,Hosseini,arman.hosseini771@example.com,09884832186,Mashhad,2023-07-24,P00455,Nova Ball 455,music,28.86,60.04,B011,Central Branch 11,Tehran,partner,2,120,cash,2025-06-05,34,20,Music,invalid discount percent
S000432504,2025-12-24,C032197,Maryam,Jafari,maryam.jafari32197@example.com,09884327644,Isfahan,2022-09-23,P00174,Plus Puzzle 174,jewelry,56.19,69.75,B016,North Branch 16,Rasht,online,1,120,card,2024-03-13,427,75,Jewelry,invalid discount percent
S000438511,2023-04-21,C003707,Reza,Jafari,reza.jafari3707@example.com,09331073681,Qom,2022-07-14,P00353,Max Headphones 353,health,273.14,584.02,B016,North Branch 16,Rasht,online,3,120,wallet,2025-08-08,384,40,Health,invalid discount percent
S000444518,2025-07-20,C028101,Maryam,Hosseini,maryam.hosseini28101@example.com,09528712023,Tehran,2024-10-23,P00264,Pro Desk 264,beauty,281.41,612.86,B036,Express Branch 36,Tehran,store,1,120,card,2023-05-28,341,75,Beauty,invalid discount percent
S000450525,2023-07-29,C046277,Ali,Mohammadi,ali.mohammadi46277@example.com,09224008148,Mashhad,2023-11-17,P00280,Classic Cream 280,furniture,161.54,357.81,B033,South Branch 33,Isfahan,online,4,120,online,2024-12-14,440,30,Furniture,invalid discount percent
S000456532,2024-07-29,C001658,Neda,Akbari,neda.akbari1658@example.com,09462287576,Qom,2023-11-14,P00415,Plus Mixer 415,music,179.33,403.07,B035,Mall Branch 35,Isfahan,mobile,5,120,card,2025-07-30,267,20,Music,invalid discount percent
S000462539,2025-07-20,C011656,Omid,Ahmadi,omid.ahmadi11656@example.com,09274119457,Isfahan,2021-09-21,P00439,Classic Puzzle 439,gaming,297.94,763.39,B037,Bazaar Branch 37,Tehran,online,6,120,online,2025-08-21,107,40,Gaming,invalid discount percent
S000468546,2023-02-01,C016706,Arman,Jafari,arman.jafari16706@example.com,09400250520,Mashhad,2024-06-07,P00052,Smart Coffee 52,automotive,204.8,285.16,B012,South Branch 12,Mashhad,online,1,120,wallet,2024-05-09,116,40,Automotive,invalid discount percent
S000474553,2024-09-21,C029663,Sara,Rostami,sara.rostami29663@example.com,09885599584,Mashhad,2024-06-20,P00182,Eco Cream 182,home appliances,349.26,822.32,B018,North Branch 18,Tabriz,partner,1,120,cash,2025-06-09,464,10,Home Appliances,invalid discount percent
S000480560,2023-08-24,C010379,Sara,Mohammadi,sara.mohammadi10379@example.com,09724175051,Tehran,2020-07-28,P00406,Nova Headphones 406,toys,307.89,791.41,B001,Central Branch 1,Rasht,online,1,120,card,2023-03-01,56,50,Toys,invalid discount percent
S000486567,2025-01-30,C030138,Neda,Mohammadi,neda.mohammadi30138@example.com,09719847012,Isfahan,2022-09-09,P00308,Plus Mixer 308,shoes,387.27,448.11,B029,North Branch 29,Tehran,mobile,2,120,online,2025-01-28,356,40,Shoes,invalid discount percent
S000492574,2023-05-02,C039839,Reza,Moradi,reza.moradi39839@example.com,09563180424,Tehran,2022-10-06,P00141,Pro Desk 141,electronics,166.04,422.45,B023,Bazaar Branch 23,Rasht,mobile,4,120,card,2023-06-12,105,50,Electronics,invalid discount percent
S000498581,2024-01-12,C041164,Omid,Karimi,omid.karimi41164@example.com,09239476781,Qom,2024-04-19,P00485,Classic Desk 485,sports,77.9,130.26,B007,Central Branch 7,Qom,partner,5,120,cash,2024-11-02,205,20,Sports,invalid discount percent
S000504588,2023-11-29,C016930,Maryam,Rahimi,maryam.rahimi16930@example.com,09871613868,Qom,2022-07-06,P00276,Mini Headphones 276,pets,20.34,24.03,B038,East Branch 38,Tehran,mobile,1,120,wallet,2024-07-17,253,10,Pets,invalid discount percent
S000510595,2025-10-25,C028043,Omid,Rostami,omid.rostami28043@example.com,09260598988,Tehran,2020-08-01,P00088,Pro Mixer 88,shoes,298.11,741.36,B019,Bazaar Branch 19,Shiraz,mobile,1,120,card,2024-08-16,324,40,Shoes,invalid discount percent
S000516602,2023-11-22,C005715,Reza,Akbari,reza.akbari5715@example.com,09498288692,Mashhad,2021-11-03,P00283,Classic Headphones 283,books,187.97,239.09,B024,Outlet Branch 24,Tehran,store,8,120,card,2023-06-19,16,20,Books,invalid discount percent
S000522609,2025-10-30,C009821,Amir,Mohammadi,amir.mohammadi9821@example.com,09832766012,Qom,2021-12-14,P00162,Nova Coffee 162,home appliances,208.87,309.83,B029,North Branch 29,Tehran,mobile,1,120,cash,2025-10-03,467,10,Home Appliances,invalid discount percent
S000528616,2025-09-15,C009998,Mina,Mohammadi,mina.mohammadi9998@example.com,09825622493,Qom,2023-05-08,P00298,Classic Sneakers 298,travel,336.48,475.55,B014,Bazaar Branch 14,Shiraz,mobile,1,120,card,2023-10-05,478,100,Travel,invalid discount percent
S000534623,2024-04-13,C025111,Neda,Hosseini,neda.hosseini25111@example.com,09245579726,Rasht,2021-07-30,P00424,Eco Coffee 424,beauty,295.17,614.82,B024,Outlet Branch 24,Tehran,store,4,120,card,2025-01-07,180,50,Beauty,invalid discount percent
S000540630,2023-08-14,C033873,Hana,Karimi,hana.karimi33873@example.com,09594453005,Shiraz,2024-09-06,P00474,Max Mixer 474,jewelry,62.67,140.44,B017,Express Branch 17,Tehran,online,2,120,online,2023-08-22,417,30,Jewelry,invalid discount percent
S000546637,2025-01-15,C012520,Omid,Rostami,omid.rostami12520@example.com,09537257325,Tehran,2023-12-11,P00032,Smart Cream 32,automotive,288.21,344.32,B021,Airport Branch 21,Tehran,online,4,120,wallet,2024-02-11,159,10,Automotive,invalid discount percent
S000552644,2024-08-24,C019633,Sara,Rostami,sara.rostami19633@example.com,09167117891,Tehran,2022-03-23,P00463,Plus Puzzle 463,books,68.42,131.58,B002,Mall Branch 2,Karaj,partner,4,120,card,2023-05-23,60,10,Books,invalid discount percent
S000558651,2023-08-27,C022846,Mina,Rostami,mina.rostami22846@example.com,09884827924,Isfahan,2024-02-19,P00364,Prime Headphones 364,beauty,132.49,368.18,B032,Central Branch 32,Shiraz,partner,1,120,online,2025-11-11,377,50,Beauty,invalid discount percent
S000564658,2023-01-06,C037214,Arman,Moradi,arman.moradi37214@example.com,09863614377,Tehran,2022-07-01,P00073,Mini Notebook 73,health,211.95,460.24,B006,North Branch 6,Tehran,online,2,120,online,2023-05-28,344,75,Health,invalid discount percent
S000570665,2025-04-12,C028772,Sara,Moradi,sara.moradi28772@example.com,09928907295,Tehran,2022-02-02,P00364,Prime Headphones 364,beauty,132.49,368.18,B038,East Branch 38,Tehran,mobile,4,120,online,2025-03-31,107,75,Beauty,invalid discount percent
S000576672,2025-03-06,C047387,Maryam,Karimi,maryam.karimi47387@example.com,09614262679,Qom,2024-02-17,P00058,Classic Headphones 58,travel,73.06,162.67,B035,Mall Branch 35,Isfahan,mobile,2,120,online,2023-08-04,460,75,Travel,invalid discount percent
S000582679,2024-04-14,C009042,Ali,Moradi,ali.moradi9042@example.com,09612109795,Isfahan,2021-06-15,P00092,Eco Notebook 92,automotive,132.73,337.15,B004,Bazaar Branch 4,Rasht,partner,10,120,wallet,2024-07-09,256,30,Automotive,invalid discount percent
S000588686,2025-05-27,C024960,Neda,Jafari,neda.jafari24960@example.com,09908033574,Karaj,2021-11-19,P00184,Basic Sneakers 184,beauty,129.67,278.47,B009,South Branch 9,Isfahan,store,1,120,online,2025-03-25,395,10,Beauty,invalid discount percent
S000594693,2024-06-22,C035327,Amir,Salehi,amir.salehi35327@example.com,09234913961,Shiraz,2023-04-20,P00479,Nova Mixer 479,gaming,124.51,153.77,B028,Express Branch 28,Isfahan,partner,5,120,cash,2023-11-21,156,75,Gaming,invalid discount percent
S000600700,2024-06-26,C000032,Maryam,Akbari,maryam.akbari32@example.com,09906248900,Shiraz,2024-04-23,P00286,Plus Desk 286,toys,31.38,72.28,B004,Bazaar Branch 4,Rasht,partner,3,120,online,2024-11-09,365,30,Toys,invalid discount percent
S000606707,2025-02-08,C015858,Arman,Jafari,arman.jafari15858@example.com,09516762907,Tabriz,2023-03-30,P00411,Max Desk 411,garden,25.89,56.32,B024,Outlet Branch 24,Tehran,store,1,120,wallet,2023-12-09,294,30,Garden,invalid discount percent
S000612714,2023-08-27,C014961,Hana,Rostami,hana.rostami14961@example.com,09756273333,Isfahan,2022-07-09,P00138,Classic Ball 138,travel,388.44,982.53,B037,Bazaar Branch 37,Tehran,online,4,120,online,2024-08-30,53,50,Travel,invalid discount percent
S000618721,2024-09-18,C048284,Omid,Ahmadi,omid.ahmadi48284@example.com,09300860728,Shiraz,2022-11-27,P00390,Eco Cream 390,office,145.86,323.51,B037,Bazaar Branch 37,Tehran,online,2,120,card,2025-04-20,32,50,Office,invalid discount percent
S000624728,2023-07-14,C035098,Hana,Akbari,hana.akbari35098@example.com,09262653543,Karaj,2022-11-19,P00208,Nova Coffee 208,shoes,197.32,499.09,B027,Express Branch 27,Shiraz,store,1,120,online,2023-01-23,63,100,Shoes,invalid discount percent
S000630735,2023-02-08,C049818,Hana,Moradi,hana.moradi49818@example.com,09861398307,Isfahan,2020-02-02,P00226,Mini Cream 226,toys,358.48,818.98,B009,South Branch 9,Isfahan,store,1,120,card,2025-10-05,269,50,Toys,invalid discount percent
S000636742,2023-10-20,C042278,Ali,Rostami,ali.rostami42278@example.com,09332216869,Mashhad,2021-03-19,P00455,Nova Ball 455,music,28.86,60.04,B009,South Branch 9,Isfahan,store,8,120,cash,2023-07-13,244,20,Music,invalid discount percent
S000642749,2025-03-31,C013776,Mina,Mohammadi,mina.mohammadi13776@example.com,09322555053,Rasht,2021-10-22,P00431,Smart Coffee 431,garden,220.23,444.28,B038,East Branch 38,Tehran,mobile,1,120,cash,2024-12-11,12,30,Garden,invalid discount percent
S000648756,2023-11-02,C037390,Hana,Rostami,hana.rostami37390@example.com,09928074138,Qom,2021-07-01,P00077,Smart Mixer 77,baby,358.16,681.63,B014,Bazaar Branch 14,Shiraz,mobile,3,120,cash,2023-08-31,367,30,Baby,invalid discount percent
S000654763,2023-02-14,C024890,Ali,Salehi,ali.salehi24890@example.com,09130871112,Tehran,2021-04-25,P00406,Nova Headphones 406,toys,307.89,791.41,B001,Central Branch 1,Rasht,online,3,120,online,2023-08-31,57,10,Toys,invalid discount percent
S000660770,2024-04-04,C042478,Ali,Hosseini,ali.hosseini42478@example.com,09476843713,Tehran,2023-01-11,P00100,Prime Headphones 100,furniture,18.93,39.17,B007,Central Branch 7,Qom,partner,3,120,online,2025-07-18,390,100,Furniture,invalid discount percent
S000666777,2025-11-05,C004310,Amir,Mohammadi,amir.mohammadi4310@example.com,09313796035,Tehran,2020-03-15,P00266,Pro Puzzle 266,toys,376.89,618.7,B033,South Branch 33,Isfahan,online,5,120,card,2024-01-20,195,40,Toys,invalid discount percent
S000672784,2023-12-25,C009599,Mina,Rostami,mina.rostami9599@example.com,09584393751,Karaj,2021-05-03,P00463,Plus Puzzle 463,books,68.42,131.58,B032,Central Branch 32,Shiraz,partner,1,120,wallet,2024-04-12,497,50,Books,invalid discount percent
S000678791,2025-07-15,C030553,Amir,Hosseini,amir.hosseini30553@example.com,09553452245,Tehran,2023-10-25,P00174,Plus Puzzle 174,jewelry,56.19,69.75,B032,Central Branch 32,Shiraz,partner,2,120,card,2023-08-15,109,40,Jewelry,invalid discount percent
S000684798,2024-11-25,C023660,Reza,Rostami,reza.rostami23660@example.com,09994653911,Tabriz,2020-07-29,P00207,Basic Headphones 207,clothing,326.51,909.62,B019,Bazaar Branch 19,Shiraz,mobile,3,120,online,2025-01-25,371,10,Clothing,invalid discount percent
S000690805,2025-08-29,C039635,Ali,Moradi,ali.moradi39635@example.com,09602831655,Shiraz,2022-01-30,P00015,Pro Shirt 15,music,56.2,147.54,B010,Central Branch 10,Rasht,mobile,2,120,online,2024-05-01,94,20,Music,invalid discount percent
S000696812,2024-05-30,C032499,Yasin,Ahmadi,yasin.ahmadi32499@example.com,09546232177,Shiraz,2020-06-06,P00278,Eco Puzzle 278,travel,164.36,227.77,B004,Bazaar Branch 4,Rasht,partner,2,120,wallet,2024-08-06,18,20,Travel,invalid discount percent
S000702819,2024-02-24,C027907,Hana,Ahmadi,hana.ahmadi27907@example.com,09295416688,Isfahan,2024-08-19,P00342,Pro Coffee 342,home appliances,189.24,448.09,B018,North Branch 18,Tabriz,partner,4,120,card,2024-05-30,141,40,Home Appliances,invalid discount percent
S000708826,2024-11-28,C023050,Neda,Rostami,neda.rostami23050@example.com,09126082653,Karaj,2024-05-14,P00224,Smart Ball 224,beauty,324.83,506.06,B003,Bazaar Branch 3,Karaj,online,3,120,card,2025-10-20,33,20,Beauty,invalid discount percent
S000714833,2024-07-14,C040665,Yasin,Salehi,yasin.salehi40665@example.com,09703048484,Tehran,2023-01-05,P00161,Nova Puzzle 161,electronics,327.64,748.18,B001,Central Branch 1,Rasht,online,1,120,card,2025-03-08,314,30,Electronics,invalid discount percent
S000720840,2023-01-19,C046632,Sara,Karimi,sara.karimi46632@example.com,09786740559,Shiraz,2020-03-31,P00334,Plus Desk 334,jewelry,341.94,421.76,B038,East Branch 38,Tehran,mobile,1,120,online,2024-08-04,29,20,Jewelry,invalid discount percent
S000726847,2025-05-20,C019939,Sara,Salehi,sara.salehi19939@example.com,09859270294,Tabriz,2023-12-22,P00490,Classic Sneakers 490,office,201.05,322.63,B008,West Branch 8,Isfahan,store,5,120,online,2025-06-23,82,10,Office,invalid discount percent
S000732854,2023-01-11,C041312,Reza,Moradi,reza.moradi41312@example.com,09723722231,Tehran,2022-04-20,P00130,Pro Ball 130,office,335.8,760.51,B001,Central Branch 1,Rasht,online,1,120,online,2025-04-21,256,50,Office,invalid discount percent
S000738861,2023-12-31,C026186,Leila,Ahmadi,leila.ahmadi26186@example.com,09494304897,Shiraz,2022-12-03,P00254,Max Desk 254,jewelry,239.84,534.85,B010,Central Branch 10,Rasht,mobile,2,120,online,2023-04-29,480,40,Jewelry,invalid discount percent
S000744868,2023-08-10,C049502,Yasin,Jafari,yasin.jafari49502@example.com,09700756003,Isfahan,2020-06-09,P00141,Pro Desk 141,electronics,166.04,422.45,B029,North Branch 29,Tehran,mobile,4,120,card,2024-08-10,318,50,Electronics,invalid discount percent
S000750875,2025-05-10,C011159,Maryam,Mohammadi,maryam.mohammadi11159@example.com,09682973731,Tehran,2023-08-25,P00203,Smart Desk 203,books,140.57,251.88,B005,South Branch 5,Tehran,online,6,120,online,2025-12-08,171,50,Books,invalid discount percent
S000756882,2025-10-25,C027273,Arman,Moradi,arman.moradi27273@example.com,09747091155,Tabriz,2024-03-09,P00203,Smart Desk 203,books,140.57,251.88,B030,Airport Branch 30,Mashhad,mobile,1,120,online,2025-07-25,458,30,Books,invalid discount percent
S000762889,2025-07-22,C015718,Arman,Jafari,arman.jafari15718@example.com,09605781943,Rasht,2021-09-24,P00148,Max Coffee 148,shoes,122.39,210.51,B003,Bazaar Branch 3,Karaj,online,1,120,online,2025-08-17,440,40,Shoes,invalid discount percent
S000768896,2023-02-14,C012036,Reza,Akbari,reza.akbari12036@example.com,09501588636,Rasht,2023-03-19,P00302,Nova Shirt 302,home appliances,179.53,245.27,B022,Outlet Branch 22,Rasht,mobile,2,120,card,2025-09-19,165,40,Home Appliances,invalid discount percent
S000774903,2024-09-07,C026597,Neda,Rahimi,neda.rahimi26597@example.com,09474633742,Shiraz,2022-03-13,P00240,Classic Mixer 240,furniture,231.53,472.09,B009,South Branch 9,Isfahan,store,5,120,wallet,2024-04-23,440,30,Furniture,invalid discount percent
S000780910,2024-08-11,C039306,Mina,Rahimi,mina.rahimi39306@example.com,09758775891,Rasht,2024-01-14,P00049,Max Notebook 49,grocery,105.19,180.1,B017,Express Branch 17,Tehran,online,2,120,card,2023-10-04,338,10,Grocery,invalid discount percent
S000786917,2024-02-04,C035818,Sara,Salehi,sara.salehi35818@example.com,09936855479,Tehran,2022-04-02,P00493,Smart Ball 493,health,196.16,387.38,B037,Bazaar Branch 37,Tehran,online,4,120,card,2024-10-10,313,100,Health,invalid discount percent
S000792924,2024-02-14,C046693,Hana,Moradi,hana.moradi46693@example.com,09412044362,Isfahan,2024-08-24,P00147,Prime Puzzle 147,clothing,333.65,444.33,B009,South Branch 9,Isfahan,store,1,120,card,2024-03-30,226,30,Clothing,invalid discount percent
S000798931,2025-04-21,C026321,Hana,Rahimi,hana.rahimi26321@example.com,09163130713,Shiraz,2024-03-16,P00008,Pro Desk 8,shoes,240.22,589.41,B001,Central Branch 1,Rasht,online,8,120,online,2023-07-20,186,20,Shoes,invalid discount percent
S000804938,2023-10-29,C027735,Amir,Akbari,amir.akbari27735@example.com,09771500977,Isfahan,2024-07-10,P00204,Prime Sneakers 204,beauty,184.44,355.83,B007,Central Branch 7,Qom,partner,5,120,cash,2023-10-05,83,30,Beauty,invalid discount percent
S000810945,2025-06-28,C023876,Leila,Hosseini,leila.hosseini23876@example.com,09765757564,Tehran,2021-05-27,P00440,Basic Shirt 440,furniture,254.49,698.9,B009,South Branch 9,Isfahan,store,2,120,card,2025-04-13,388,20,Furniture,invalid discount percent
S000816952,2025-04-13,C040355,Mina,Mohammadi,mina.mohammadi40355@example.com,09157434459,Isfahan,2021-12-05,P00104,Mini Desk 104,beauty,185.86,431.35,B038,East Branch 38,Tehran,mobile,2,120,cash,2024-04-18,272,30,Beauty,invalid discount percent
S000822959,2025-12-02,C026365,Arman,Jafari,arman.jafari26365@example.com,09613452299,Tehran,2020-08-03,P00304,Max Headphones 304,beauty,16.34,31.81,B032,Central Branch 32,Shiraz,partner,2,120,cash,2023-03-12,103,50,Beauty,invalid discount percent
S000828966,2025-04-17,C037973,Ali,Karimi,ali.karimi37973@example.com,09172062056,Shiraz,2020-10-06,P00045,Smart Shirt 45,sports,146.42,217.91,B002,Mall Branch 2,Karaj,partner,1,120,card,2023-11-25,34,100,Sports,invalid discount percent
S000834973,2023-12-22,C038305,Arman,Hosseini,arman.hosseini38305@example.com,09161464930,Isfahan,2020-12-17,P00284,Prime Coffee 284,beauty,21.3,39.57,B028,Express Branch 28,Isfahan,partner,3,120,card,2025-09-14,479,50,Beauty,invalid discount percent
S000840980,2025-07-22,C014406,Ali,Ahmadi,ali.ahmadi14406@example.com,09172214416,Tabriz,2023-09-13,P00014,Max Sneakers 14,jewelry,272.13,661.16,B031,North Branch 31,Tehran,store,8,120,wallet,2025-10-27,133,40,Jewelry,invalid discount percent
S000846987,2024-12-10,C014608,Omid,Karimi,omid.karimi14608@example.com,09693517472,Qom,2023-12-18,P00034,Basic Coffee 34,jewelry,219.46,377.08,B012,South Branch 12,Mashhad,online,4,120,online,2024-07-08,12,50,Jewelry,invalid discount percent
S000852994,2023-05-15,C013567,Ali,Rahimi,ali.rahimi13567@example.com,09704906712,Mashhad,2022-03-29,P00268,Basic Headphones 268,shoes,248.33,507.33,B030,Airport Branch 30,Mashhad,mobile,3,120,online,2023-10-30,434,10,Shoes,invalid discount percent
S000859001,2023-11-28,C034129,Hana,Jafari,hana.jafari34129@example.com,09514151264,Karaj,2021-03-29,P00283,Classic Headphones 283,books,187.97,239.09,B032,Central Branch 32,Shiraz,partner,8,120,online,2024-04-26,359,30,Books,invalid discount percent
S000865008,2023-01-11,C019639,Arman,Hosseini,arman.hosseini19639@example.com,09243496021,Tabriz,2021-08-06,P00054,Basic Headphones 54,jewelry,88.47,240.45,B018,North Branch 18,Tabriz,partner,2,120,online,2023-12-05,23,75,Jewelry,invalid discount percent
S000871015,2025-12-29,C009110,Mina,Karimi,mina.karimi9110@example.com,09753252286,Shiraz,2020-09-06,P00380,Pro Notebook 380,furniture,132.42,291.35,B039,Mall Branch 39,Shiraz,online,2,120,card,2024-04-01,55,100,Furniture,invalid discount percent
S000877022,2025-01-04,C003588,Yasin,Ahmadi,yasin.ahmadi3588@example.com,09434396365,Mashhad,2022-08-19,P00127,Max Coffee 127,clothing,116.97,270.98,B015,Outlet Branch 15,Isfahan,partner,1,120,online,2023-03-06,354,30,Clothing,invalid discount percent
S000883029,2023-09-21,C035943,Mina,Ahmadi,mina.ahmadi35943@example.com,09538437297,Shiraz,2023-03-15,P00344,Pro Mixer 344,beauty,216.3,340.99,B003,Bazaar Branch 3,Karaj,online,4,120,online,2025-01-16,102,10,Beauty,invalid discount percent
S000889036,2025-04-30,C043562,Amir,Rahimi,amir.rahimi43562@example.com,09419546744,Tabriz,2021-04-30,P00059,Mini Notebook 59,gaming,81.83,175.96,B015,Outlet Branch 15,Isfahan,partner,4,120,online,2025-11-08,407,50,Gaming,invalid discount percent
S000895043,2025-01-17,C036441,Omid,Mohammadi,omid.mohammadi36441@example.com,09950185718,Tehran,2021-07-18,P00290,Nova Mixer 290,office,160.58,216.38,B018,North Branch 18,Tabriz,partner,5,120,card,2023-07-30,237,30,Office,invalid discount percent
S000901050,2023-04-11,C046178,Omid,Ahmadi,omid.ahmadi46178@example.com,09746465246,Tehran,2022-01-08,P00411,Max Desk 411,garden,25.89,56.32,B015,Outlet Branch 15,Isfahan,partner,1,120,card,2025-08-26,38,50,Garden,invalid discount percent
S000907057,2025-06-24,C028332,Hana,Salehi,hana.salehi28332@example.com,09315169889,Shiraz,2022-12-11,P00070,Classic Sneakers 70,office,333.81,640.16,B009,South Branch 9,Isfahan,store,4,120,cash,2025-02-17,272,20,Office,invalid discount percent
S000913064,2023-05-31,C020394,Leila,Moradi,leila.moradi20394@example.com,09638712791,Tehran,2021-09-01,P00375,Basic Cream 375,music,228.29,358.53,B011,Central Branch 11,Tehran,partner,2,120,online,2023-06-01,136,75,Music,invalid discount percent
S000919071,2024-09-15,C000789,Arman,Hosseini,arman.hosseini789@example.com,09210811807,Isfahan,2022-01-22,P00330,Plus Shirt 330,office,29.9,63.27,B033,South Branch 33,Isfahan,online,1,120,card,2023-11-29,308,100,Office,invalid discount percent
S000925078,2024-05-27,C035396,Leila,Hosseini,leila.hosseini35396@example.com,09956731444,Isfahan,2024-04-25,P00332,Nova Notebook 332,automotive,391.91,849.23,B014,Bazaar Branch 14,Shiraz,mobile,4,120,online,2025-02-27,261,20,Automotive,invalid discount percent
S000931085,2023-09-25,C013839,Ali,Jafari,ali.jafari13839@example.com,09814552233,Karaj,2022-12-03,P00425,Pro Mixer 425,sports,136.16,346.38,B033,South Branch 33,Isfahan,online,3,120,wallet,2024-12-22,262,75,Sports,invalid discount percent
S000937092,2025-04-15,C010388,Omid,Salehi,omid.salehi10388@example.com,09524159697,Isfahan,2023-06-19,P00032,Smart Cream 32,automotive,288.21,344.32,B020,North Branch 20,Shiraz,online,1,120,online,2023-09-08,349,40,Automotive,invalid discount percent
S000943099,2023-05-06,C016836,Ali,Moradi,ali.moradi16836@example.com,09451661912,Qom,2023-12-29,P00165,Nova Desk 165,sports,232.6,637.33,B033,South Branch 33,Isfahan,online,2,120,online,2024-03-11,464,75,Sports,invalid discount percent
S000949106,2023-10-23,C046445,Maryam,Rahimi,maryam.rahimi46445@example.com,09860875445,Karaj,2022-05-18,P00257,Nova Headphones 257,baby,285.53,336.65,B021,Airport Branch 21,Tehran,online,8,120,wallet,2025-03-21,410,100,Baby,invalid discount percent
S000955113,2025-08-23,C049499,Omid,Karimi,omid.karimi49499@example.com,09406599685,Shiraz,2023-02-28,P00439,Classic Puzzle 439,gaming,297.94,763.39,B033,South Branch 33,Isfahan,online,2,120,wallet,2023-10-21,246,10,Gaming,invalid discount percent
S000961120,2023-11-06,C040378,Hana,Salehi,hana.salehi40378@example.com,09990786019,Mashhad,2023-08-24,P00172,Max Cream 172,automotive,255.92,403.54,B002,Mall Branch 2,Karaj,partner,3,120,online,2025-09-30,311,10,Automotive,invalid discount percent
S000967127,2024-11-29,C002492,Omid,Moradi,omid.moradi2492@example.com,09631529611,Shiraz,2023-12-13,P00057,Classic Ball 57,baby,229.73,409.52,B018,North Branch 18,Tabriz,partner,2,120,online,2023-11-08,221,20,Baby,invalid discount percent
S000973134,2025-12-08,C029747,Sara,Hosseini,sara.hosseini29747@example.com,09469830291,Tehran,2022-11-19,P00197,Nova Puzzle 197,baby,174.84,249.41,B016,North Branch 16,Rasht,online,1,120,card,2025-11-26,477,50,Baby,invalid discount percent
S000979141,2025-07-15,C029586,Hana,Rostami,hana.rostami29586@example.com,09560191305,Qom,2021-08-03,P00215,Mini Puzzle 215,music,73.52,87.63,B035,Mall Branch 35,Isfahan,mobile,2,120,online,2024-01-20,429,100,Music,invalid discount percent
S000985148,2025-01-10,C023051,Sara,Rahimi,sara.rahimi23051@example.com,09433744880,Tehran,2023-09-21,P00206,Basic Shirt 206,toys,241.09,589.63,B016,North Branch 16,Rasht,online,3,120,online,2023-09-26,362,75,Toys,invalid discount percent
S000991155,2023-08-20,C021406,Sara,Moradi,sara.moradi21406@example.com,09515549979,Qom,2022-06-27,P00179,Pro Puzzle 179,gaming,78.04,192.56,B004,Bazaar Branch 4,Rasht,partner,1,120,wallet,2023-09-28,314,40,Gaming,invalid discount percent
S000997162,2024-04-26,C006951,Amir,Rostami,amir.rostami6951@example.com,09700485168,Qom,2023-12-25,P00410,Classic Mixer 410,office,327.16,425.14,B027,Express Branch 27,Shiraz,store,8,120,online,2023-05-14,296,10,Office,invalid discount percent
S000002221,2024-05-22,C044819,Arman,Hosseini,arman.hosseini44819@example.com,09186029064,Karaj,2023-10-24,P00379,Mini Ball 379,gaming,125.96,236.03,B029,North Branch 29,Tehran,mobile,8,0,online,2024-02-09,-24,30,Gaming,negative stock quantity
S000004442,2024-11-20,C040331,Arman,Rostami,arman.rostami40331@example.com,09590957242,Mashhad,2022-06-28,P00469,Prime Desk 469,grocery,73.29,87.48,B035,Mall Branch 35,Isfahan,mobile,6,0,cash,2025-12-06,-9,50,Grocery,negative stock quantity
S000006663,2024-05-01,C045833,Mina,Salehi,mina.salehi45833@example.com,09244928325,Karaj,2021-05-19,P00131,Pro Shirt 131,garden,34.95,77.2,B021,Airport Branch 21,Tehran,online,6,0,card,2024-05-27,-2,10,Garden,negative stock quantity
S000008884,2025-02-27,C029321,Neda,Mohammadi,neda.mohammadi29321@example.com,09900903678,Tehran,2021-07-27,P00297,Nova Puzzle 297,baby,56.24,100.5,B004,Bazaar Branch 4,Rasht,partner,2,10,online,2024-10-12,-20,50,Baby,negative stock quantity
S000011105,2024-05-26,C037418,Omid,Jafari,omid.jafari37418@example.com,09145740657,Isfahan,2020-03-20,P00283,Classic Headphones 283,books,187.97,239.09,B011,Central Branch 11,Tehran,partner,4,5,cash,2025-07-18,-16,40,Books,negative stock quantity
S000013326,2023-08-04,C041549,Maryam,Moradi,maryam.moradi41549@example.com,09107050893,Tehran,2021-01-18,P00220,Smart Cream 220,furniture,113.15,271.39,B021,Airport Branch 21,Tehran,online,5,25,card,2024-09-24,-36,30,Furniture,negative stock quantity
S000015547,2025-01-05,C021532,Neda,Hosseini,neda.hosseini21532@example.com,09388410694,Shiraz,2020-04-26,P00356,Basic Desk 356,pets,157.9,309.83,B034,Express Branch 34,Isfahan,partner,4,10,card,2025-01-31,-32,100,Pets,negative stock quantity
S000017768,2023-06-23,C004713,Amir,Salehi,amir.salehi4713@example.com,09409272679,Tehran,2022-10-25,P00074,Classic Sneakers 74,jewelry,157.44,302.63,B030,Airport Branch 30,Mashhad,mobile,3,0,wallet,2023-12-08,-48,30,Jewelry,negative stock quantity
S000019989,2023-11-24,C010527,Sara,Jafari,sara.jafari10527@example.com,09225162968,Tehran,2021-03-24,P00351,Max Notebook 351,garden,191.99,271.92,B036,Express Branch 36,Tehran,store,4,5,cash,2024-09-03,-27,40,Garden,negative stock quantity
S000022210,2025-11-13,C013778,Arman,Moradi,arman.moradi13778@example.com,09821638272,Rasht,2021-08-26,P00371,Mini Desk 371,garden,5.51,11.67,B040,Outlet Branch 40,Tehran,online,3,10,cash,2024-07-16,-42,100,Garden,negative stock quantity
S000024431,2024-10-20,C010615,Ali,Moradi,ali.moradi10615@example.com,09794569291,Mashhad,2021-04-02,P00288,Smart Puzzle 288,shoes,19.17,22.84,B037,Bazaar Branch 37,Tehran,online,4,15,wallet,2023-04-09,-48,75,Shoes,negative stock quantity
S000026652,2023-07-17,C006189,Amir,Moradi,amir.moradi6189@example.com,09678471226,Karaj,2020-12-29,P00115,Prime Desk 115,music,25.03,62.93,B023,Bazaar Branch 23,Rasht,mobile,2,0,online,2025-09-01,-22,10,Music,negative stock quantity
S000028873,2025-05-19,C006233,Leila,Hosseini,leila.hosseini6233@example.com,09415250617,Shiraz,2022-07-22,P00446,Nova Coffee 446,toys,315.88,760.78,B024,Outlet Branch 24,Tehran,store,4,15,card,2023-10-07,-39,100,Toys,negative stock quantity
S000031094,2024-06-04,C013881,Arman,Rahimi,arman.rahimi13881@example.com,09963872125,Karaj,2020-03-25,P00207,Basic Headphones 207,clothing,326.51,909.62,B019,Bazaar Branch 19,Shiraz,mobile,4,0,wallet,2025-05-03,-32,50,Clothing,negative stock quantity
S000033315,2024-04-21,C045983,Sara,Rahimi,sara.rahimi45983@example.com,09613917595,Shiraz,2022-09-05,P00376,Nova Notebook 376,pets,58.43,99.95,B015,Outlet Branch 15,Isfahan,partner,6,5,cash,2024-04-11,-11,40,Pets,negative stock quantity
S000035536,2024-03-03,C013268,Ali,Salehi,ali.salehi13268@example.com,09598257192,Isfahan,2022-09-28,P00459,Classic Sneakers 459,gaming,36.87,67.96,B013,Outlet Branch 13,Mashhad,mobile,1,0,wallet,2023-10-23,-22,75,Gaming,negative stock quantity
S000037757,2024-08-14,C013488,Yasin,Mohammadi,yasin.mohammadi13488@example.com,09266616350,Tehran,2022-11-05,P00360,Max Ball 360,furniture,81.88,149.71,B030,Airport Branch 30,Mashhad,mobile,2,10,card,2024-01-15,-3,10,Furniture,negative stock quantity
S000039978,2023-04-25,C000875,Omid,Ahmadi,omid.ahmadi875@example.com,09194190297,Shiraz,2022-02-23,P00390,Eco Cream 390,office,145.86,323.51,B010,Central Branch 10,Rasht,mobile,4,15,cash,2025-08-02,-16,100,Office,negative stock quantity
S000042199,2023-09-02,C023426,Maryam,Akbari,maryam.akbari23426@example.com,09998664174,Mashhad,2021-10-16,P00480,Plus Desk 480,furniture,166.69,265.11,B014,Bazaar Branch 14,Shiraz,mobile,1,15,card,2024-12-21,-19,100,Furniture,negative stock quantity
S000044420,2023-02-04,C021887,Leila,Moradi,leila.moradi21887@example.com,09139963751,Isfahan,2020-08-28,P00162,Nova Coffee 162,home appliances,208.87,309.83,B024,Outlet Branch 24,Tehran,store,2,10,cash,2025-05-19,-1,20,Home Appliances,negative stock quantity
S000046641,2024-07-30,C009845,Yasin,Rostami,yasin.rostami9845@example.com,09805736708,Shiraz,2023-05-15,P00198,Smart Puzzle 198,travel,345.04,899.9,B028,Express Branch 28,Isfahan,partner,3,0,online,2024-08-16,-16,100,Travel,negative stock quantity
S000048862,2023-12-09,C001917,Amir,Jafari,amir.jafari1917@example.com,09316636672,Mashhad,2023-07-25,P00210,Basic Sneakers 210,office,72.76,173.26,B001,Central Branch 1,Rasht,online,3,0,card,2024-06-12,-1,50,Office,negative stock quantity
S000051083,2024-10-02,C009709,Neda,Akbari,neda.akbari9709@example.com,09555171900,Mashhad,2024-06-26,P00254,Max Desk 254,jewelry,239.84,534.85,B014,Bazaar Branch 14,Shiraz,mobile,3,25,online,2023-12-02,-21,20,Jewelry,negative stock quantity
S000053304,2025-11-08,C012479,Maryam,Moradi,maryam.moradi12479@example.com,09103527493,Qom,2022-12-10,P00321,Classic Desk 321,electronics,261.02,359.94,B026,Central Branch 26,Mashhad,partner,10,5,cash,2023-05-29,-49,75,Electronics,negative stock quantity
S000055525,2025-04-19,C012960,Neda,Jafari,neda.jafari12960@example.com,09696212485,Qom,2024-03-17,P00233,Classic Sneakers 233,health,288.51,681.33,B015,Outlet Branch 15,Isfahan,partner,6,0,online,2024-07-03,-47,30,Health,negative stock quantity
S000057746,2023-04-27,C009890,Mina,Karimi,mina.karimi9890@example.com,09484537589,Tehran,2021-07-28,P00165,Nova Desk 165,sports,232.6,637.33,B039,Mall Branch 39,Shiraz,online,6,5,card,2025-07-31,-9,75,Sports,negative stock quantity
S000059967,2025-05-11,C015019,Mina,Rahimi,mina.rahimi15019@example.com,09918392276,Tehran,2024-06-18,P00032,Smart Cream 32,automotive,288.21,344.32,B037,Bazaar Branch 37,Tehran,online,6,25,online,2025-12-25,-46,20,Automotive,negative stock quantity
S000062188,2025-06-20,C026038,Mina,Rahimi,mina.rahimi26038@example.com,09830601262,Shiraz,2022-11-07,P00356,Basic Desk 356,pets,157.9,309.83,B032,Central Branch 32,Shiraz,partner,8,25,online,2023-06-05,-29,75,Pets,negative stock quantity
S000064409,2024-05-13,C034117,Yasin,Mohammadi,yasin.mohammadi34117@example.com,09234611055,Tehran,2021-11-05,P00255,Classic Sneakers 255,music,107.06,262.05,B001,Central Branch 1,Rasht,online,4,25,card,2024-12-06,-21,75,Music,negative stock quantity
S000066630,2023-10-22,C028144,Mina,Ahmadi,mina.ahmadi28144@example.com,09812077694,Tehran,2024-07-25,P00169,Plus Cream 169,grocery,233.72,392.58,B030,Airport Branch 30,Mashhad,mobile,1,5,cash,2025-01-21,-1,20,Grocery,negative stock quantity
S000068851,2023-10-07,C035324,Amir,Karimi,amir.karimi35324@example.com,09329174118,Tabriz,2024-04-29,P00353,Max Headphones 353,health,273.14,584.02,B002,Mall Branch 2,Karaj,partner,5,25,card,2025-08-20,-50,10,Health,negative stock quantity
S000071072,2025-06-11,C003509,Yasin,Jafari,yasin.jafari3509@example.com,09918937789,Isfahan,2020-12-01,P00469,Prime Desk 469,grocery,73.29,87.48,B005,South Branch 5,Tehran,online,2,5,cash,2024-11-18,-46,30,Grocery,negative stock quantity
S000073293,2024-10-24,C020393,Hana,Akbari,hana.akbari20393@example.com,09919496250,Tabriz,2022-01-21,P00249,Max Sneakers 249,grocery,309.04,808.45,B024,Outlet Branch 24,Tehran,store,4,20,online,2023-01-21,-6,40,Grocery,negative stock quantity
S000075514,2025-10-09,C040397,Arman,Jafari,arman.jafari40397@example.com,09140555661,Mashhad,2020-07-20,P00099,Plus Puzzle 99,gaming,26.79,45.95,B019,Bazaar Branch 19,Shiraz,mobile,2,25,online,2025-10-05,-25,40,Gaming,negative stock quantity
S000077735,2024-01-25,C035115,Sara,Mohammadi,sara.mohammadi35115@example.com,09845712660,Shiraz,2023-09-16,P00029,Smart Ball 29,grocery,145.16,224.66,B024,Outlet Branch 24,Tehran,store,4,15,online,2025-12-02,-11,50,Grocery,negative stock quantity
S000079956,2024-11-01,C033318,Yasin,Salehi,yasin.salehi33318@example.com,09163027906,Tabriz,2021-11-26,P00069,Eco Ball 69,grocery,41.97,62.04,B031,North Branch 31,Tehran,store,8,0,online,2025-09-09,-39,50,Grocery,negative stock quantity
S000082177,2023-10-09,C007589,Amir,Rostami,amir.rostami7589@example.com,09595586415,Isfahan,2020-12-20,P00287,Nova Shirt 287,clothing,104.62,257.48,B019,Bazaar Branch 19,Shiraz,mobile,1,20,online,2023-08-10,-19,100,Clothing,negative stock quantity
S000084398,2023-12-17,C011658,Mina,Rahimi,mina.rahimi11658@example.com,09507726041,Karaj,2022-05-08,P00165,Nova Desk 165,sports,232.6,637.33,B005,South Branch 5,Tehran,online,6,25,cash,2024-08-14,-7,100,Sports,negative stock quantity
S000086619,2024-03-17,C020333,Ali,Rostami,ali.rostami20333@example.com,09787418829,Rasht,2023-02-13,P00191,Classic Notebook 191,garden,121.31,242.46,B019,Bazaar Branch 19,Shiraz,mobile,8,0,wallet,2025-08-13,-5,100,Garden,negative stock quantity
S000088840,2023-07-10,C041852,Hana,Ahmadi,hana.ahmadi41852@example.com,09982445171,Tehran,2021-10-04,P00484,Classic Mixer 484,beauty,335.8,844.89,B029,North Branch 29,Tehran,mobile,4,0,card,2023-09-11,-32,10,Beauty,negative stock quantity
S000091061,2024-09-01,C004224,Leila,Jafari,leila.jafari4224@example.com,09975164910,Isfahan,2020-11-11,P00313,Pro Mixer 313,health,81.26,160.74,B009,South Branch 9,Isfahan,store,2,0,wallet,2024-12-10,-33,50,Health,negative stock quantity
S000093282,2024-03-11,C009225,Leila,Mohammadi,leila.mohammadi9225@example.com,09205310443,Tehran,2021-06-19,P00172,Max Cream 172,automotive,255.92,403.54,B016,North Branch 16,Rasht,online,3,25,wallet,2023-02-21,-8,75,Automotive,negative stock quantity
S000095503,2025-10-19,C035196,Ali,Karimi,ali.karimi35196@example.com,09192927748,Qom,2022-01-07,P00022,Eco Coffee 22,home appliances,177.76,303.68,B025,Bazaar Branch 25,Tehran,mobile,2,0,wallet,2023-10-28,-47,30,Home Appliances,negative stock quantity
S000097724,2025-05-23,C044183,Omid,Rahimi,omid.rahimi44183@example.com,09347241682,Shiraz,2020-08-29,P00480,Plus Desk 480,furniture,166.69,265.11,B036,Express Branch 36,Tehran,store,2,0,card,2025-06-28,-23,75,Furniture,negative stock quantity
S000099945,2024-09-05,C016482,Mina,Mohammadi,mina.mohammadi16482@example.com,09505704264,Isfahan,2022-06-08,P00383,Basic Ball 383,books,246.85,639.81,B034,Express Branch 34,Isfahan,partner,1,5,wallet,2023-02-06,-39,75,Books,negative stock quantity
S000102166,2025-06-10,C046804,Mina,Karimi,mina.karimi46804@example.com,09474971564,Tabriz,2021-06-10,P00357,Classic Shirt 357,baby,323.67,832.68,B037,Bazaar Branch 37,Tehran,online,4,0,cash,2025-05-21,-20,75,Baby,negative stock quantity
S000104387,2024-01-28,C026014,Hana,Akbari,hana.akbari26014@example.com,09420705398,Tehran,2021-02-10,P00176,Nova Coffee 176,pets,271.52,372.77,B028,Express Branch 28,Isfahan,partner,4,15,online,2025-06-03,-33,40,Pets,negative stock quantity
S000106608,2023-02-03,C015922,Reza,Moradi,reza.moradi15922@example.com,09852467864,Tehran,2024-01-14,P00135,Plus Mixer 135,music,318.36,542.98,B019,Bazaar Branch 19,Shiraz,mobile,1,0,wallet,2024-02-24,-19,20,Music,negative stock quantity
S000108829,2025-07-24,C009927,Mina,Ahmadi,mina.ahmadi9927@example.com,09922964651,Qom,2021-07-20,P00381,Nova Puzzle 381,electronics,163.77,238.64,B028,Express Branch 28,Isfahan,partner,5,5,card,2023-03-13,-41,30,Electronics,negative stock quantity
S000111050,2024-08-25,C013316,Yasin,Hosseini,yasin.hosseini13316@example.com,09763538834,Tehran,2024-06-18,P00019,Pro Coffee 19,gaming,77.76,112.44,B019,Bazaar Branch 19,Shiraz,mobile,4,0,cash,2025-02-10,-37,75,Gaming,negative stock quantity
S000113271,2024-06-21,C036634,Neda,Salehi,neda.salehi36634@example.com,09768483715,Tehran,2020-05-03,P00160,Nova Coffee 160,furniture,334.31,436.72,B015,Outlet Branch 15,Isfahan,partner,4,0,wallet,2023-08-12,-34,40,Furniture,negative stock quantity
S000115492,2025-07-26,C037977,Leila,Akbari,leila.akbari37977@example.com,09576468862,Qom,2023-12-13,P00239,Plus Cream 239,gaming,283.27,706.9,B037,Bazaar Branch 37,Tehran,online,2,0,card,2025-05-23,-29,10,Gaming,negative stock quantity
S000117713,2023-07-17,C004797,Ali,Rahimi,ali.rahimi4797@example.com,09714055603,Shiraz,2022-06-02,P00355,Nova Headphones 355,music,231.45,288.14,B038,East Branch 38,Tehran,mobile,5,0,online,2024-10-23,-24,20,Music,negative stock quantity
S000119934,2025-10-22,C038511,Mina,Rostami,mina.rostami38511@example.com,09641792190,Tehran,2024-03-12,P00308,Plus Mixer 308,shoes,387.27,448.11,B004,Bazaar Branch 4,Rasht,partner,2,20,wallet,2024-09-30,-45,30,Shoes,negative stock quantity
S000122155,2023-09-29,C039191,Omid,Ahmadi,omid.ahmadi39191@example.com,09134234713,Tehran,2023-01-10,P00182,Eco Cream 182,home appliances,349.26,822.32,B007,Central Branch 7,Qom,partner,2,0,card,2024-07-10,-21,40,Home Appliances,negative stock quantity
S000124376,2025-02-19,C011132,Yasin,Moradi,yasin.moradi11132@example.com,09332884855,Rasht,2024-08-17,P00090,Basic Shirt 90,office,18.52,40.15,B040,Outlet Branch 40,Tehran,online,8,10,wallet,2024-08-07,-7,20,Office,negative stock quantity
S000126597,2025-06-27,C041425,Reza,Moradi,reza.moradi41425@example.com,09549808029,Isfahan,2022-04-27,P00264,Pro Desk 264,beauty,281.41,612.86,B004,Bazaar Branch 4,Rasht,partner,2,0,card,2024-08-22,-40,10,Beauty,negative stock quantity
S000128818,2024-05-26,C008473,Hana,Hosseini,hana.hosseini8473@example.com,09506321822,Mashhad,2022-12-13,P00419,Prime Cream 419,gaming,154.82,206.51,B014,Bazaar Branch 14,Shiraz,mobile,5,20,card,2024-06-04,-5,10,Gaming,negative stock quantity
S000131039,2023-06-08,C000473,Sara,Mohammadi,sara.mohammadi473@example.com,09817087513,Isfahan,2023-12-24,P00161,Nova Puzzle 161,electronics,327.64,748.18,B020,North Branch 20,Shiraz,online,6,10,card,2025-10-11,-14,20,Electronics,negative stock quantity
S000133260,2024-06-06,C013849,Leila,Karimi,leila.karimi13849@example.com,09434236254,Tehran,2023-01-31,P00420,Smart Puzzle 420,furniture,101.83,151.61,B023,Bazaar Branch 23,Rasht,mobile,3,25,card,2023-11-19,-31,10,Furniture,negative stock quantity
S000135481,2023-03-20,C045591,Yasin,Karimi,yasin.karimi45591@example.com,09388772034,Tehran,2024-10-02,P00108,Smart Shirt 108,shoes,359.95,495.27,B031,North Branch 31,Tehran,store,6,10,card,2024-12-12,-12,20,Shoes,negative stock quantity
S000137702,2024-05-10,C003549,Mina,Moradi,mina.moradi3549@example.com,09727469465,Qom,2024-04-21,P00009,Smart Sneakers 9,grocery,111.74,136.39,B002,Mall Branch 2,Karaj,partner,1,15,online,2024-01-10,-41,75,Grocery,negative stock quantity
S000139923,2025-02-16,C026911,Neda,Salehi,neda.salehi26911@example.com,09146818459,Isfahan,2023-11-13,P00336,Max Mixer 336,pets,176.9,250.81,B017,Express Branch 17,Tehran,online,8,5,wallet,2024-08-11,-19,100,Pets,negative stock quantity
S000142144,2025-05-06,C012633,Omid,Hosseini,omid.hosseini12633@example.com,09657029055,Isfahan,2021-01-06,P00230,Eco Puzzle 230,office,255.77,608.45,B028,Express Branch 28,Isfahan,partner,8,25,cash,2025-05-27,-17,20,Office,negative stock quantity
S000144365,2024-03-22,C008172,Amir,Jafari,amir.jafari8172@example.com,09455705427,Shiraz,2021-05-06,P00459,Classic Sneakers 459,gaming,36.87,67.96,B017,Express Branch 17,Tehran,online,2,5,online,2023-01-17,-3,10,Gaming,negative stock quantity
S000146586,2025-06-03,C002888,Sara,Karimi,sara.karimi2888@example.com,09442880849,Tehran,2024-03-22,P00054,Basic Headphones 54,jewelry,88.47,240.45,B029,North Branch 29,Tehran,mobile,2,5,card,2023-09-06,-2,50,Jewelry,negative stock quantity
S000148807,2024-04-05,C034053,Leila,Karimi,leila.karimi34053@example.com,09978572867,Karaj,2021-03-07,P00399,Smart Ball 399,gaming,139.74,282.62,B021,Airport Branch 21,Tehran,online,3,10,wallet,2023-01-28,-26,30,Gaming,negative stock quantity
S000151028,2023-09-16,C022264,Ali,Salehi,ali.salehi22264@example.com,09822612416,Shiraz,2024-11-02,P00273,Nova Cream 273,health,112.11,158.93,B035,Mall Branch 35,Isfahan,mobile,1,0,card,2024-07-02,-6,40,Health,negative stock quantity
S000153249,2024-07-15,C027173,Ali,Rahimi,ali.rahimi27173@example.com,09334976989,Rasht,2022-10-31,P00081,Eco Coffee 81,electronics,267.58,643.87,B040,Outlet Branch 40,Tehran,online,3,0,card,2023-04-11,-45,20,Electronics,negative stock quantity
S000155470,2023-10-21,C044077,Arman,Akbari,arman.akbari44077@example.com,09685489588,Tehran,2023-06-30,P00133,Eco Shirt 133,health,341.92,713.88,B025,Bazaar Branch 25,Tehran,mobile,4,5,card,2025-07-02,-34,20,Health,negative stock quantity
S000157691,2023-01-13,C029444,Hana,Karimi,hana.karimi29444@example.com,09332178617,Tehran,2022-10-11,P00039,Mini Shirt 39,gaming,160.85,364.32,B015,Outlet Branch 15,Isfahan,partner,8,5,wallet,2025-01-13,-13,10,Gaming,negative stock quantity
S000159912,2024-11-14,C031118,Neda,Hosseini,neda.hosseini31118@example.com,09480116081,Isfahan,2024-10-12,P00129,Max Sneakers 129,grocery,52.81,102.47,B040,Outlet Branch 40,Tehran,online,8,25,online,2023-04-14,-18,20,Grocery,negative stock quantity
S000162133,2024-04-19,C034453,Hana,Hosseini,hana.hosseini34453@example.com,09892635770,Shiraz,2023-10-13,P00260,Pro Puzzle 260,furniture,232.98,402.89,B021,Airport Branch 21,Tehran,online,1,0,cash,2024-04-25,-39,75,Furniture,negative stock quantity
S000164354,2024-10-10,C021452,Maryam,Ahmadi,maryam.ahmadi21452@example.com,09213125521,Tehran,2021-04-11,P00335,Prime Shirt 335,music,134.04,309.67,B004,Bazaar Branch 4,Rasht,partner,1,0,card,2025-04-28,-16,40,Music,negative stock quantity
S000166575,2023-02-19,C022466,Reza,Karimi,reza.karimi22466@example.com,09545884342,Tehran,2023-06-13,P00098,Plus Shirt 98,travel,18.48,50.59,B033,South Branch 33,Isfahan,online,1,15,cash,2023-08-25,-45,40,Travel,negative stock quantity
S000168796,2023-11-01,C044294,Leila,Rahimi,leila.rahimi44294@example.com,09175892532,Karaj,2021-04-03,P00215,Mini Puzzle 215,music,73.52,87.63,B010,Central Branch 10,Rasht,mobile,1,0,online,2024-10-21,-13,50,Music,negative stock quantity
S000171017,2025-12-31,C044429,Leila,Moradi,leila.moradi44429@example.com,09517495946,Rasht,2020-01-16,P00103,Nova Ball 103,books,327.2,674.75,B023,Bazaar Branch 23,Rasht,mobile,2,5,card,2023-09-28,-2,30,Books,negative stock quantity
S000173238,2023-06-04,C019202,Mina,Karimi,mina.karimi19202@example.com,09980569555,Shiraz,2021-11-27,P00073,Mini Notebook 73,health,211.95,460.24,B011,Central Branch 11,Tehran,partner,4,5,card,2024-04-02,-43,50,Health,negative stock quantity
S000175459,2023-10-25,C023283,Neda,Rostami,neda.rostami23283@example.com,09491017743,Karaj,2022-05-27,P00103,Nova Ball 103,books,327.2,674.75,B020,North Branch 20,Shiraz,online,3,0,online,2025-03-22,-9,10,Books,negative stock quantity
S000177680,2024-07-17,C037040,Leila,Hosseini,leila.hosseini37040@example.com,09428441116,Shiraz,2022-10-17,P00482,Classic Coffee 482,home appliances,63.22,175.51,B004,Bazaar Branch 4,Rasht,partner,2,25,card,2024-10-27,-18,75,Home Appliances,negative stock quantity
S000179901,2025-03-19,C005773,Mina,Karimi,mina.karimi5773@example.com,09622489642,Isfahan,2021-03-03,P00110,Prime Sneakers 110,office,158.2,278.01,B006,North Branch 6,Tehran,online,3,0,online,2025-10-04,-43,75,Office,negative stock quantity
S000182122,2024-09-28,C026965,Yasin,Mohammadi,yasin.mohammadi26965@example.com,09782008271,Karaj,2021-03-20,P00236,Pro Puzzle 236,pets,157.58,186.29,B029,North Branch 29,Tehran,mobile,5,15,cash,2023-02-23,-49,40,Pets,negative stock quantity
S000184343,2025-10-20,C049379,Sara,Ahmadi,sara.ahmadi49379@example.com,09252983927,Tehran,2022-03-22,P00424,Eco Coffee 424,beauty,295.17,614.82,B036,Express Branch 36,Tehran,store,2,20,wallet,2023-03-03,-15,10,Beauty,negative stock quantity
S000186564,2025-02-28,C013102,Reza,Karimi,reza.karimi13102@example.com,09333507291,Isfahan,2023-05-16,P00012,Classic Headphones 12,automotive,167.7,202.09,B025,Bazaar Branch 25,Tehran,mobile,2,0,card,2025-08-09,-20,30,Automotive,negative stock quantity
S000188785,2024-09-27,C049207,Arman,Akbari,arman.akbari49207@example.com,09857421397,Isfahan,2020-10-26,P00127,Max Coffee 127,clothing,116.97,270.98,B021,Airport Branch 21,Tehran,online,3,5,online,2023-06-06,-26,75,Clothing,negative stock quantity
S000191006,2024-05-15,C039133,Sara,Rahimi,sara.rahimi39133@example.com,09266208698,Rasht,2021-09-21,P00181,Nova Puzzle 181,electronics,388.81,795.0,B014,Bazaar Branch 14,Shiraz,mobile,3,0,card,2023-11-05,-3,50,Electronics,negative stock quantity
S000193227,2023-01-08,C040922,Mina,Rostami,mina.rostami40922@example.com,09905358688,Karaj,2022-06-26,P00300,Max Cream 300,furniture,315.26,670.68,B025,Bazaar Branch 25,Tehran,mobile,5,0,wallet,2024-04-29,-2,10,Furniture,negative stock quantity
S000195448,2024-02-20,C008346,Arman,Mohammadi,arman.mohammadi8346@example.com,09737622438,Qom,2023-09-13,P00008,Pro Desk 8,shoes,240.22,589.41,B005,South Branch 5,Tehran,online,2,5,online,2023-08-07,-8,30,Shoes,negative stock quantity
S000197669,2024-03-01,C038696,Arman,Hosseini,arman.hosseini38696@example.com,09264699617,Qom,2022-01-10,P00380,Pro Notebook 380,furniture,132.42,291.35,B008,West Branch 8,Isfahan,store,3,20,card,2024-04-05,-15,30,Furniture,negative stock quantity
S000199890,2024-10-27,C019611,Amir,Moradi,amir.moradi19611@example.com,09778233952,Tehran,2023-06-14,P00247,Plus Desk 247,clothing,153.59,302.38,B018,North Branch 18,Tabriz,partner,3,20,card,2024-09-05,-42,75,Clothing,negative stock quantity
S000202111,2023-01-29,C014688,Maryam,Jafari,maryam.jafari14688@example.com,09918099252,Qom,2020-09-30,P00013,Plus Notebook 13,health,217.38,305.51,B031,North Branch 31,Tehran,store,4,0,online,2025-03-11,-31,10,Health,negative stock quantity
S000204332,2023-09-17,C028171,Arman,Karimi,arman.karimi28171@example.com,09533625230,Tehran,2022-05-06,P00325,Pro Sneakers 325,sports,168.9,456.16,B025,Bazaar Branch 25,Tehran,mobile,1,20,online,2025-11-22,-18,75,Sports,negative stock quantity
S000206553,2024-12-08,C037872,Amir,Salehi,amir.salehi37872@example.com,09901408436,Karaj,2021-03-24,P00394,Pro Puzzle 394,jewelry,301.92,551.85,B028,Express Branch 28,Isfahan,partner,10,0,cash,2025-06-07,-50,20,Jewelry,negative stock quantity
S000208774,2024-06-06,C018523,Reza,Rostami,reza.rostami18523@example.com,09111451822,Isfahan,2020-06-03,P00105,Pro Puzzle 105,sports,150.03,375.07,B011,Central Branch 11,Tehran,partner,5,10,wallet,2024-08-16,-15,75,Sports,negative stock quantity
S000210995,2023-02-17,C008753,Reza,Salehi,reza.salehi8753@example.com,09315043657,Isfahan,2021-04-23,P00321,Classic Desk 321,electronics,261.02,359.94,B016,North Branch 16,Rasht,online,2,0,wallet,2023-10-01,-16,20,Electronics,negative stock quantity
S000213216,2025-04-19,C047887,Amir,Hosseini,amir.hosseini47887@example.com,09459982894,Tehran,2021-04-07,P00355,Nova Headphones 355,music,231.45,288.14,B002,Mall Branch 2,Karaj,partner,10,0,online,2025-05-17,-16,30,Music,negative stock quantity
S000215437,2023-01-09,C004671,Reza,Akbari,reza.akbari4671@example.com,09522166686,Mashhad,2023-04-30,P00369,Pro Desk 369,grocery,82.64,102.81,B004,Bazaar Branch 4,Rasht,partner,8,0,online,2025-06-29,-40,100,Grocery,negative stock quantity
S000217658,2024-10-12,C027633,Maryam,Hosseini,maryam.hosseini27633@example.com,09491177788,Mashhad,2023-10-29,P00420,Smart Puzzle 420,furniture,101.83,151.61,B003,Bazaar Branch 3,Karaj,online,5,5,card,2023-10-01,-17,20,Furniture,negative stock quantity
S000219879,2025-11-04,C004858,Maryam,Rostami,maryam.rostami4858@example.com,09233491252,Shiraz,2020-03-17,P00456,Pro Desk 456,pets,341.2,753.86,B018,North Branch 18,Tabriz,partner,2,25,card,2024-08-19,-16,100,Pets,negative stock quantity
S000222100,2024-09-19,C019438,Maryam,Jafari,maryam.jafari19438@example.com,09548706865,Tehran,2022-07-14,P00240,Classic Mixer 240,furniture,231.53,472.09,B008,West Branch 8,Isfahan,store,1,10,cash,2025-04-19,-32,40,Furniture,negative stock quantity
S000224321,2024-05-06,C041347,Yasin,Rahimi,yasin.rahimi41347@example.com,09432131527,Shiraz,2023-07-17,P00345,Pro Notebook 345,sports,377.52,887.44,B012,South Branch 12,Mashhad,online,8,15,card,2025-03-24,-9,40,Sports,negative stock quantity
S000226542,2024-05-18,C001297,Reza,Ahmadi,reza.ahmadi1297@example.com,09331356272,Shiraz,2022-02-09,P00470,Nova Notebook 470,office,126.78,262.45,B027,Express Branch 27,Shiraz,store,1,0,card,2024-04-05,-1,10,Office,negative stock quantity
S000228763,2025-05-31,C011848,Sara,Karimi,sara.karimi11848@example.com,09837632762,Tehran,2021-08-12,P00221,Eco Ball 221,electronics,159.84,202.3,B034,Express Branch 34,Isfahan,partner,2,25,online,2023-02-04,-6,75,Electronics,negative stock quantity
S000230984,2024-03-29,C024356,Sara,Hosseini,sara.hosseini24356@example.com,09891481218,Karaj,2022-03-01,P00345,Pro Notebook 345,sports,377.52,887.44,B032,Central Branch 32,Shiraz,partner,5,0,card,2024-12-29,-18,40,Sports,negative stock quantity
S000233205,2025-05-08,C003005,Yasin,Mohammadi,yasin.mohammadi3005@example.com,09593364765,Rasht,2024-10-24,P00279,Mini Shirt 279,gaming,295.19,674.12,B020,North Branch 20,Shiraz,online,6,15,online,2024-11-18,-8,10,Gaming,negative stock quantity
S000235426,2024-06-26,C030273,Mina,Hosseini,mina.hosseini30273@example.com,09967743316,Tabriz,2022-06-25,P00331,Classic Coffee 331,garden,24.75,35.69,B013,Outlet Branch 13,Mashhad,mobile,1,25,online,2025-07-19,-37,100,Garden,negative stock quantity
S000237647,2025-11-29,C001445,Reza,Ahmadi,reza.ahmadi1445@example.com,09504378331,Karaj,2023-09-20,P00373,Pro Puzzle 373,health,394.19,520.69,B016,North Branch 16,Rasht,online,3,25,card,2025-01-16,-2,50,Health,negative stock quantity
S000239868,2025-03-08,C027036,Amir,Hosseini,amir.hosseini27036@example.com,09234980067,Tehran,2021-05-25,P00123,Pro Mixer 123,books,125.88,338.14,B014,Bazaar Branch 14,Shiraz,mobile,1,20,card,2025-08-16,-17,30,Books,negative stock quantity
S000242089,2024-12-15,C026526,Yasin,Rahimi,yasin.rahimi26526@example.com,09527489978,Tabriz,2022-02-05,P00175,Smart Sneakers 175,music,258.3,449.81,B023,Bazaar Branch 23,Rasht,mobile,2,15,online,2024-03-04,-30,40,Music,negative stock quantity
S000244310,2025-02-03,C006413,Hana,Akbari,hana.akbari6413@example.com,09528788271,Qom,2021-07-24,P00049,Max Notebook 49,grocery,105.19,180.1,B008,West Branch 8,Isfahan,store,8,0,cash,2024-03-08,-7,50,Grocery,negative stock quantity
S000246531,2025-02-22,C015373,Omid,Rostami,omid.rostami15373@example.com,09368009933,Shiraz,2024-09-18,P00368,Basic Sneakers 368,shoes,190.32,413.01,B008,West Branch 8,Isfahan,store,8,20,online,2023-09-30,-13,40,Shoes,negative stock quantity
S000248752,2024-01-30,C044060,Sara,Salehi,sara.salehi44060@example.com,09736737944,Tehran,2021-11-26,P00285,Nova Ball 285,sports,11.64,21.17,B021,Airport Branch 21,Tehran,online,8,20,online,2025-03-09,-17,20,Sports,negative stock quantity
S000250973,2024-10-19,C005188,Amir,Hosseini,amir.hosseini5188@example.com,09174887063,Tehran,2024-02-18,P00028,Prime Puzzle 28,shoes,181.09,267.99,B004,Bazaar Branch 4,Rasht,partner,3,10,cash,2025-07-25,-5,75,Shoes,negative stock quantity
S000253194,2025-02-04,C032399,Arman,Akbari,arman.akbari32399@example.com,09550424342,Isfahan,2020-09-01,P00173,Max Sneakers 173,health,70.99,167.61,B015,Outlet Branch 15,Isfahan,partner,1,10,cash,2024-07-22,-20,75,Health,negative stock quantity
S000255415,2024-12-30,C008690,Maryam,Mohammadi,maryam.mohammadi8690@example.com,09973237528,Qom,2023-12-13,P00359,Basic Sneakers 359,gaming,70.94,125.13,B004,Bazaar Branch 4,Rasht,partner,3,0,card,2023-09-17,-30,30,Gaming,negative stock quantity
S000257636,2025-11-01,C042920,Arman,Ahmadi,arman.ahmadi42920@example.com,09948836974,Tehran,2023-12-23,P00090,Basic Shirt 90,office,18.52,40.15,B020,North Branch 20,Shiraz,online,1,0,online,2023-12-20,-35,10,Office,negative stock quantity
S000259857,2025-10-15,C044266,Yasin,Hosseini,yasin.hosseini44266@example.com,09880554906,Isfahan,2020-07-31,P00491,Classic Desk 491,garden,287.98,508.98,B021,Airport Branch 21,Tehran,online,2,0,wallet,2024-12-27,-2,10,Garden,negative stock quantity
S000262078,2025-02-25,C023705,Yasin,Hosseini,yasin.hosseini23705@example.com,09942843987,Tehran,2024-10-06,P00131,Pro Shirt 131,garden,34.95,77.2,B033,South Branch 33,Isfahan,online,1,0,cash,2024-04-28,-33,20,Garden,negative stock quantity
S000264299,2024-11-27,C048585,Maryam,Mohammadi,maryam.mohammadi48585@example.com,09992625088,Tehran,2023-11-03,P00142,Nova Headphones 142,home appliances,364.26,863.13,B029,North Branch 29,Tehran,mobile,2,25,wallet,2025-05-26,-44,20,Home Appliances,negative stock quantity
S000266520,2024-12-11,C023123,Amir,Hosseini,amir.hosseini23123@example.com,09550500238,Karaj,2020-09-07,P00161,Nova Puzzle 161,electronics,327.64,748.18,B023,Bazaar Branch 23,Rasht,mobile,4,25,wallet,2023-05-15,-31,75,Electronics,negative stock quantity
S000268741,2025-09-07,C016218,Yasin,Rostami,yasin.rostami16218@example.com,09162368080,Isfahan,2024-06-09,P00349,Nova Sneakers 349,grocery,323.12,774.01,B035,Mall Branch 35,Isfahan,mobile,3,0,card,2025-03-25,-2,50,Grocery,negative stock quantity
S000270962,2025-10-31,C035473,Neda,Jafari,neda.jafari35473@example.com,09978491528,Tabriz,2021-08-01,P00351,Max Notebook 351,garden,191.99,271.92,B018,North Branch 18,Tabriz,partner,3,15,card,2024-09-20,-28,10,Garden,negative stock quantity
S000273183,2023-04-14,C035429,Yasin,Ahmadi,yasin.ahmadi35429@example.com,09748377080,Tehran,2021-10-13,P00435,Plus Mixer 435,music,312.34,794.47,B039,Mall Branch 39,Shiraz,online,4,10,card,2024-11-23,-4,10,Music,negative stock quantity
S000275404,2024-02-25,C049306,Maryam,Mohammadi,maryam.mohammadi49306@example.com,09920311585,Shiraz,2021-07-21,P00271,Prime Ball 271,garden,136.82,320.74,B009,South Branch 9,Isfahan,store,3,0,card,2025-12-19,-27,50,Garden,negative stock quantity
S000277625,2025-07-04,C041962,Maryam,Ahmadi,maryam.ahmadi41962@example.com,09986980645,Rasht,2020-02-15,P00148,Max Coffee 148,shoes,122.39,210.51,B010,Central Branch 10,Rasht,mobile,3,25,wallet,2024-05-09,-5,10,Shoes,negative stock quantity
S000279846,2023-02-06,C001261,Arman,Rostami,arman.rostami1261@example.com,09504886868,Karaj,2022-09-17,P00124,Plus Coffee 124,beauty,200.91,367.89,B036,Express Branch 36,Tehran,store,8,10,card,2025-07-12,-15,75,Beauty,negative stock quantity
S000282067,2024-10-04,C045746,Ali,Akbari,ali.akbari45746@example.com,09634722332,Tehran,2022-03-14,P00398,Plus Cream 398,travel,94.68,206.26,B028,Express Branch 28,Isfahan,partner,2,15,cash,2024-05-07,-13,50,Travel,negative stock quantity
S000284288,2025-09-13,C003232,Omid,Rahimi,omid.rahimi3232@example.com,09542229789,Shiraz,2024-02-25,P00487,Mini Ball 487,clothing,172.08,389.03,B011,Central Branch 11,Tehran,partner,2,10,wallet,2023-09-19,-3,100,Clothing,negative stock quantity
S000286509,2023-12-08,C027912,Reza,Karimi,reza.karimi27912@example.com,09374494598,Shiraz,2020-01-31,P00411,Max Desk 411,garden,25.89,56.32,B018,North Branch 18,Tabriz,partner,3,10,online,2023-12-29,-40,10,Garden,negative stock quantity
S000288730,2025-01-22,C045760,Hana,Rostami,hana.rostami45760@example.com,09574037580,Isfahan,2021-12-10,P00211,Max Cream 211,garden,327.13,381.27,B024,Outlet Branch 24,Tehran,store,1,15,card,2023-02-18,-35,50,Garden,negative stock quantity
S000290951,2023-09-06,C026233,Sara,Ahmadi,sara.ahmadi26233@example.com,09615693900,Isfahan,2024-04-10,P00350,Plus Notebook 350,office,165.98,197.33,B036,Express Branch 36,Tehran,store,4,25,online,2024-03-22,-45,30,Office,negative stock quantity
S000293172,2023-03-20,C024306,Mina,Rahimi,mina.rahimi24306@example.com,09322299090,Shiraz,2020-06-29,P00219,Plus Desk 219,gaming,200.27,370.32,B011,Central Branch 11,Tehran,partner,5,15,card,2025-06-15,-14,50,Gaming,negative stock quantity
S000295393,2025-04-19,C015347,Omid,Jafari,omid.jafari15347@example.com,09937941295,Tehran,2023-08-08,P00061,Mini Sneakers 61,electronics,249.12,360.36,B034,Express Branch 34,Isfahan,partner,5,20,card,2025-12-01,-43,50,Electronics,negative stock quantity
S000297614,2024-12-16,C049729,Mina,Hosseini,mina.hosseini49729@example.com,09421882668,Mashhad,2020-12-25,P00101,Smart Coffee 101,electronics,256.43,356.86,B028,Express Branch 28,Isfahan,partner,5,25,card,2024-02-17,-6,30,Electronics,negative stock quantity
S000299835,2023-11-21,C000124,Neda,Rahimi,neda.rahimi124@example.com,09341206079,Shiraz,2020-10-28,P00355,Nova Headphones 355,music,231.45,288.14,B007,Central Branch 7,Qom,partner,4,25,card,2024-02-16,-43,30,Music,negative stock quantity
S000302056,2025-07-02,C030024,Omid,Akbari,omid.akbari30024@example.com,09185089300,Tehran,2022-10-21,P00366,Classic Notebook 366,toys,320.6,753.55,B015,Outlet Branch 15,Isfahan,partner,3,15,wallet,2023-07-25,-18,100,Toys,negative stock quantity
S000304277,2025-12-26,C024768,Arman,Mohammadi,arman.mohammadi24768@example.com,09578616974,Isfahan,2023-09-08,P00300,Max Cream 300,furniture,315.26,670.68,B028,Express Branch 28,Isfahan,partner,1,25,online,2024-04-14,-28,10,Furniture,negative stock quantity
S000306498,2023-12-18,C031067,Maryam,Rahimi,maryam.rahimi31067@example.com,09720859331,Shiraz,2020-08-25,P00277,Nova Shirt 277,baby,22.67,27.89,B002,Mall Branch 2,Karaj,partner,1,25,card,2023-09-03,-3,75,Baby,negative stock quantity
S000308719,2024-09-03,C018216,Neda,Salehi,neda.salehi18216@example.com,09297219895,Shiraz,2023-12-04,P00169,Plus Cream 169,grocery,233.72,392.58,B004,Bazaar Branch 4,Rasht,partner,1,15,card,2024-06-14,-14,40,Grocery,negative stock quantity
S000310940,2023-12-17,C021250,Amir,Moradi,amir.moradi21250@example.com,09760537398,Shiraz,2021-07-14,P00139,Prime Mixer 139,gaming,149.35,256.99,B039,Mall Branch 39,Shiraz,online,4,0,cash,2024-03-13,-38,50,Gaming,negative stock quantity
S000313161,2023-07-09,C048805,Mina,Jafari,mina.jafari48805@example.com,09462946857,Qom,2021-07-22,P00460,Classic Shirt 460,furniture,302.05,615.0,B023,Bazaar Branch 23,Rasht,mobile,8,5,card,2023-01-06,-31,30,Furniture,negative stock quantity
S000315382,2025-11-28,C049198,Hana,Hosseini,hana.hosseini49198@example.com,09904862508,Shiraz,2022-04-06,P00082,Mini Coffee 82,home appliances,222.78,501.6,B029,North Branch 29,Tehran,mobile,5,5,online,2025-11-07,-46,40,Home Appliances,negative stock quantity
S000317603,2023-09-12,C014776,Arman,Hosseini,arman.hosseini14776@example.com,09823780969,Karaj,2023-06-12,P00099,Plus Puzzle 99,gaming,26.79,45.95,B003,Bazaar Branch 3,Karaj,online,1,5,card,2024-11-20,-10,75,Gaming,negative stock quantity
S000319824,2025-05-21,C008533,Neda,Rostami,neda.rostami8533@example.com,09577247574,Rasht,2021-07-26,P00272,Smart Coffee 272,automotive,213.09,320.35,B019,Bazaar Branch 19,Shiraz,mobile,2,20,online,2024-06-03,-1,75,Automotive,negative stock quantity
S000322045,2023-08-27,C036327,Yasin,Rostami,yasin.rostami36327@example.com,09267630460,Tehran,2022-06-29,P00008,Pro Desk 8,shoes,240.22,589.41,B020,North Branch 20,Shiraz,online,5,20,wallet,2023-02-20,-8,75,Shoes,negative stock quantity
S000324266,2025-11-19,C043172,Maryam,Hosseini,maryam.hosseini43172@example.com,09894090610,Qom,2023-08-15,P00207,Basic Headphones 207,clothing,326.51,909.62,B016,North Branch 16,Rasht,online,1,15,card,2024-08-14,-1,40,Clothing,negative stock quantity
S000326487,2024-05-14,C042626,Leila,Rahimi,leila.rahimi42626@example.com,09956641786,Rasht,2021-07-28,P00476,Plus Puzzle 476,pets,358.21,718.34,B011,Central Branch 11,Tehran,partner,4,0,card,2023-06-21,-44,30,Pets,negative stock quantity
S000328708,2025-10-21,C048710,Mina,Karimi,mina.karimi48710@example.com,09914914140,Tabriz,2022-10-01,P00116,Prime Desk 116,pets,182.76,477.18,B004,Bazaar Branch 4,Rasht,partner,1,5,online,2023-06-10,-11,20,Pets,negative stock quantity
S000330929,2025-12-17,C044718,Hana,Mohammadi,hana.mohammadi44718@example.com,09137944095,Tehran,2020-03-05,P00340,Mini Mixer 340,furniture,53.3,69.47,B032,Central Branch 32,Shiraz,partner,2,20,cash,2024-03-25,-39,20,Furniture,negative stock quantity
S000333150,2025-10-09,C011942,Omid,Rostami,omid.rostami11942@example.com,09154090680,Qom,2023-08-11,P00439,Classic Puzzle 439,gaming,297.94,763.39,B037,Bazaar Branch 37,Tehran,online,3,10,online,2024-12-07,-14,30,Gaming,negative stock quantity
S000335371,2023-03-13,C018952,Omid,Jafari,omid.jafari18952@example.com,09160247500,Tehran,2023-07-30,P00364,Prime Headphones 364,beauty,132.49,368.18,B029,North Branch 29,Tehran,mobile,3,20,card,2024-11-10,-27,100,Beauty,negative stock quantity
S000337592,2025-02-11,C031904,Ali,Hosseini,ali.hosseini31904@example.com,09713318371,Qom,2023-06-19,P00125,Classic Cream 125,sports,248.17,471.89,B015,Outlet Branch 15,Isfahan,partner,4,0,online,2024-03-07,-26,100,Sports,negative stock quantity
S000339813,2023-04-24,C030793,Maryam,Mohammadi,maryam.mohammadi30793@example.com,09566986881,Tehran,2020-11-28,P00042,Max Mixer 42,home appliances,384.92,609.82,B004,Bazaar Branch 4,Rasht,partner,1,25,online,2023-01-10,-32,50,Home Appliances,negative stock quantity
S000342034,2024-12-31,C025674,Leila,Karimi,leila.karimi25674@example.com,09919298105,Tehran,2023-01-30,P00068,Pro Mixer 68,shoes,150.72,307.95,B013,Outlet Branch 13,Mashhad,mobile,2,10,wallet,2023-08-03,-45,20,Shoes,negative stock quantity
S000344255,2024-09-22,C044345,Yasin,Karimi,yasin.karimi44345@example.com,09421458534,Tehran,2020-05-14,P00270,Max Headphones 270,office,99.29,222.5,B017,Express Branch 17,Tehran,online,2,0,cash,2023-09-22,-6,40,Office,negative stock quantity
S000346476,2024-05-10,C043069,Mina,Hosseini,mina.hosseini43069@example.com,09317831579,Karaj,2022-04-09,P00324,Pro Ball 324,beauty,265.69,392.33,B008,West Branch 8,Isfahan,store,2,5,card,2023-08-19,-8,50,Beauty,negative stock quantity
S000348697,2023-07-25,C018452,Neda,Salehi,neda.salehi18452@example.com,09320530622,Mashhad,2022-11-27,P00310,Smart Coffee 310,office,201.78,331.87,B018,North Branch 18,Tabriz,partner,2,0,online,2024-02-17,-1,75,Office,negative stock quantity
S000350918,2023-11-15,C022175,Yasin,Moradi,yasin.moradi22175@example.com,09647527259,Karaj,2020-10-10,P00394,Pro Puzzle 394,jewelry,301.92,551.85,B027,Express Branch 27,Shiraz,store,4,5,wallet,2023-03-02,-1,75,Jewelry,negative stock quantity
S000353139,2025-06-07,C003291,Arman,Karimi,arman.karimi3291@example.com,09241356185,Tehran,2022-05-09,P00489,Pro Mixer 489,grocery,13.76,28.98,B014,Bazaar Branch 14,Shiraz,mobile,5,0,cash,2024-09-15,-49,30,Grocery,negative stock quantity
S000355360,2025-04-06,C015879,Yasin,Salehi,yasin.salehi15879@example.com,09991300592,Tehran,2020-10-01,P00301,Plus Coffee 301,electronics,243.45,527.52,B031,North Branch 31,Tehran,store,2,5,cash,2023-10-04,-29,75,Electronics,negative stock quantity
S000357581,2024-12-08,C013521,Yasin,Jafari,yasin.jafari13521@example.com,09904723255,Isfahan,2024-03-30,P00474,Max Mixer 474,jewelry,62.67,140.44,B025,Bazaar Branch 25,Tehran,mobile,2,15,cash,2025-09-26,-33,50,Jewelry,negative stock quantity
S000359802,2024-04-07,C038692,Neda,Mohammadi,neda.mohammadi38692@example.com,09199672184,Shiraz,2021-08-21,P00284,Prime Coffee 284,beauty,21.3,39.57,B001,Central Branch 1,Rasht,online,1,5,wallet,2023-06-07,-32,50,Beauty,negative stock quantity
S000362023,2025-01-09,C037622,Maryam,Salehi,maryam.salehi37622@example.com,09972161761,Rasht,2020-12-27,P00145,Prime Headphones 145,sports,196.35,266.58,B006,North Branch 6,Tehran,online,2,20,card,2025-02-21,-33,100,Sports,negative stock quantity
S000364244,2024-04-14,C047540,Yasin,Akbari,yasin.akbari47540@example.com,09206250705,Rasht,2022-06-15,P00098,Plus Shirt 98,travel,18.48,50.59,B003,Bazaar Branch 3,Karaj,online,1,0,cash,2024-10-28,-42,100,Travel,negative stock quantity
S000366465,2023-03-24,C003923,Mina,Mohammadi,mina.mohammadi3923@example.com,09620440200,Isfahan,2023-05-23,P00379,Mini Ball 379,gaming,125.96,236.03,B017,Express Branch 17,Tehran,online,3,20,online,2025-08-15,-5,20,Gaming,negative stock quantity
S000368686,2023-11-13,C041251,Ali,Mohammadi,ali.mohammadi41251@example.com,09930674594,Tehran,2023-12-17,P00428,Smart Headphones 428,shoes,32.67,71.02,B016,North Branch 16,Rasht,online,5,5,card,2024-09-08,-20,30,Shoes,negative stock quantity
S000370907,2024-12-15,C012280,Hana,Moradi,hana.moradi12280@example.com,09656949382,Rasht,2020-11-07,P00125,Classic Cream 125,sports,248.17,471.89,B032,Central Branch 32,Shiraz,partner,5,15,wallet,2023-03-02,-37,40,Sports,negative stock quantity
S000373128,2025-03-22,C027742,Arman,Jafari,arman.jafari27742@example.com,09738777763,Tehran,2023-05-04,P00062,Prime Sneakers 62,home appliances,358.63,458.16,B039,Mall Branch 39,Shiraz,online,3,25,cash,2025-06-17,-47,50,Home Appliances,negative stock quantity
S000375349,2024-12-01,C039128,Arman,Salehi,arman.salehi39128@example.com,09197815990,Qom,2020-05-17,P00345,Pro Notebook 345,sports,377.52,887.44,B001,Central Branch 1,Rasht,online,4,0,card,2023-10-07,-23,50,Sports,negative stock quantity
S000377570,2023-07-07,C003223,Ali,Rostami,ali.rostami3223@example.com,09881208866,Isfahan,2022-02-02,P00300,Max Cream 300,furniture,315.26,670.68,B030,Airport Branch 30,Mashhad,mobile,5,5,card,2024-07-08,-24,30,Furniture,negative stock quantity
S000379791,2025-08-04,C028485,Arman,Salehi,arman.salehi28485@example.com,09109653656,Karaj,2022-10-06,P00298,Classic Sneakers 298,travel,336.48,475.55,B035,Mall Branch 35,Isfahan,mobile,3,25,online,2025-11-13,-44,100,Travel,negative stock quantity
S000382012,2025-11-15,C013659,Maryam,Ahmadi,maryam.ahmadi13659@example.com,09589014574,Mashhad,2020-12-10,P00410,Classic Mixer 410,office,327.16,425.14,B028,Express Branch 28,Isfahan,partner,1,0,online,2023-04-14,-18,100,Office,negative stock quantity
S000384233,2023-06-29,C016542,Sara,Akbari,sara.akbari16542@example.com,09603099096,Mashhad,2024-05-31,P00160,Nova Coffee 160,furniture,334.31,436.72,B037,Bazaar Branch 37,Tehran,online,3,0,online,2024-09-23,-16,30,Furniture,negative stock quantity
S000386454,2023-06-11,C003073,Neda,Hosseini,neda.hosseini3073@example.com,09499850700,Rasht,2024-07-29,P00014,Max Sneakers 14,jewelry,272.13,661.16,B035,Mall Branch 35,Isfahan,mobile,8,5,online,2023-04-15,-45,10,Jewelry,negative stock quantity
S000388675,2023-03-31,C000159,Reza,Moradi,reza.moradi159@example.com,09235528741,Mashhad,2023-03-10,P00391,Nova Notebook 391,garden,18.27,30.83,B020,North Branch 20,Shiraz,online,1,10,online,2023-02-28,-49,40,Garden,negative stock quantity
S000390896,2025-08-15,C003614,Reza,Mohammadi,reza.mohammadi3614@example.com,09429671389,Mashhad,2022-12-06,P00483,Classic Sneakers 483,books,28.75,41.93,B013,Outlet Branch 13,Mashhad,mobile,6,10,online,2024-12-15,-20,75,Books,negative stock quantity
S000393117,2025-04-30,C040841,Leila,Moradi,leila.moradi40841@example.com,09813920075,Tehran,2021-03-13,P00158,Prime Coffee 158,travel,21.38,31.49,B038,East Branch 38,Tehran,mobile,2,0,card,2024-01-16,-2,50,Travel,negative stock quantity
S000395338,2025-06-17,C025328,Ali,Salehi,ali.salehi25328@example.com,09470439554,Qom,2023-08-16,P00318,Pro Ball 318,travel,67.66,99.48,B014,Bazaar Branch 14,Shiraz,mobile,3,10,wallet,2024-01-29,-41,75,Travel,negative stock quantity
S000397559,2023-01-25,C013075,Neda,Karimi,neda.karimi13075@example.com,09931073670,Rasht,2020-04-24,P00344,Pro Mixer 344,beauty,216.3,340.99,B015,Outlet Branch 15,Isfahan,partner,3,10,card,2025-12-14,-48,30,Beauty,negative stock quantity
S000399780,2024-01-09,C027402,Sara,Mohammadi,sara.mohammadi27402@example.com,09131051160,Qom,2023-01-13,P00450,Smart Headphones 450,office,72.78,172.51,B023,Bazaar Branch 23,Rasht,mobile,2,0,card,2023-08-07,-36,75,Office,negative stock quantity
S000402001,2025-09-20,C009876,Hana,Rahimi,hana.rahimi9876@example.com,09988017877,Isfahan,2021-10-06,P00236,Pro Puzzle 236,pets,157.58,186.29,B039,Mall Branch 39,Shiraz,online,3,25,cash,2024-03-25,-12,20,Pets,negative stock quantity
S000404222,2024-04-28,C011504,Sara,Akbari,sara.akbari11504@example.com,09959775376,Tabriz,2021-04-10,P00111,Basic Cream 111,garden,155.52,295.18,B025,Bazaar Branch 25,Tehran,mobile,4,15,card,2023-10-22,-18,30,Garden,negative stock quantity
S000406443,2025-09-18,C018461,Leila,Hosseini,leila.hosseini18461@example.com,09424902848,Isfahan,2024-09-30,P00123,Pro Mixer 123,books,125.88,338.14,B014,Bazaar Branch 14,Shiraz,mobile,2,0,wallet,2023-03-15,-9,75,Books,negative stock quantity
S000408664,2023-03-29,C036292,Maryam,Moradi,maryam.moradi36292@example.com,09719297263,Mashhad,2020-03-23,P00183,Smart Coffee 183,books,390.95,782.56,B027,Express Branch 27,Shiraz,store,1,0,cash,2024-01-06,-30,20,Books,negative stock quantity
S000410885,2024-04-23,C029592,Omid,Hosseini,omid.hosseini29592@example.com,09329066999,Tabriz,2020-08-23,P00451,Max Coffee 451,garden,384.53,832.72,B033,South Branch 33,Isfahan,online,2,5,wallet,2024-01-04,-35,40,Garden,negative stock quantity
S000413106,2023-03-04,C006274,Arman,Ahmadi,arman.ahmadi6274@example.com,09673263738,Isfahan,2024-11-08,P00260,Pro Puzzle 260,furniture,232.98,402.89,B030,Airport Branch 30,Mashhad,mobile,2,20,online,2023-11-11,-21,100,Furniture,negative stock quantity
S000415327,2023-07-03,C019660,Ali,Jafari,ali.jafari19660@example.com,09357336371,Isfahan,2021-08-23,P00256,Basic Headphones 256,pets,293.01,614.78,B021,Airport Branch 21,Tehran,online,4,20,card,2023-01-05,-16,10,Pets,negative stock quantity
S000417548,2024-08-25,C032279,Yasin,Ahmadi,yasin.ahmadi32279@example.com,09606090860,Isfahan,2022-10-27,P00412,Nova Ball 412,automotive,182.91,291.96,B018,North Branch 18,Tabriz,partner,1,15,online,2024-12-29,-1,100,Automotive,negative stock quantity
S000419769,2024-05-17,C014474,Amir,Akbari,amir.akbari14474@example.com,09771867562,Rasht,2024-01-25,P00480,Plus Desk 480,furniture,166.69,265.11,B036,Express Branch 36,Tehran,store,2,0,online,2025-11-11,-32,30,Furniture,negative stock quantity
S000421990,2023-08-27,C022663,Arman,Karimi,arman.karimi22663@example.com,09625719579,Tehran,2020-09-18,P00285,Nova Ball 285,sports,11.64,21.17,B031,North Branch 31,Tehran,store,2,0,online,2024-02-26,-13,40,Sports,negative stock quantity
S000424211,2023-11-14,C028335,Ali,Ahmadi,ali.ahmadi28335@example.com,09121406660,Tehran,2023-05-03,P00059,Mini Notebook 59,gaming,81.83,175.96,B034,Express Branch 34,Isfahan,partner,1,15,wallet,2024-07-30,-43,75,Gaming,negative stock quantity
S000426432,2023-03-01,C009166,Ali,Mohammadi,ali.mohammadi9166@example.com,09149459192,Shiraz,2021-05-30,P00253,Classic Notebook 253,health,79.31,220.23,B016,North Branch 16,Rasht,online,2,0,online,2024-08-02,-32,20,Health,negative stock quantity
S000428653,2024-01-01,C010182,Maryam,Mohammadi,maryam.mohammadi10182@example.com,09873461601,Shiraz,2022-07-17,P00068,Pro Mixer 68,shoes,150.72,307.95,B036,Express Branch 36,Tehran,store,2,20,cash,2023-03-18,-9,50,Shoes,negative stock quantity
S000430874,2024-01-04,C000898,Maryam,Jafari,maryam.jafari898@example.com,09729230605,Tehran,2021-11-20,P00383,Basic Ball 383,books,246.85,639.81,B030,Airport Branch 30,Mashhad,mobile,2,0,online,2025-12-28,-6,100,Books,negative stock quantity
S000433095,2025-11-13,C023060,Mina,Akbari,mina.akbari23060@example.com,09498311818,Qom,2024-01-04,P00281,Basic Puzzle 281,electronics,55.09,127.69,B019,Bazaar Branch 19,Shiraz,mobile,2,0,online,2024-08-08,-10,40,Electronics,negative stock quantity
S000435316,2024-04-25,C001096,Omid,Karimi,omid.karimi1096@example.com,09248369653,Isfahan,2023-05-18,P00281,Basic Puzzle 281,electronics,55.09,127.69,B007,Central Branch 7,Qom,partner,1,0,online,2023-10-28,-4,30,Electronics,negative stock quantity
S000437537,2025-03-26,C035092,Omid,Moradi,omid.moradi35092@example.com,09307690766,Tehran,2021-01-19,P00409,Plus Ball 409,grocery,244.96,443.97,B039,Mall Branch 39,Shiraz,online,1,10,cash,2025-12-15,-30,40,Grocery,negative stock quantity
S000439758,2025-04-29,C035138,Yasin,Jafari,yasin.jafari35138@example.com,09796165405,Karaj,2020-12-28,P00358,Prime Puzzle 358,travel,75.76,172.32,B038,East Branch 38,Tehran,mobile,1,0,card,2024-02-26,-30,40,Travel,negative stock quantity
S000441979,2024-09-12,C025389,Reza,Rahimi,reza.rahimi25389@example.com,09368961227,Tehran,2021-07-26,P00153,Plus Puzzle 153,health,369.08,590.34,B033,South Branch 33,Isfahan,online,3,0,card,2025-02-26,-10,20,Health,negative stock quantity
S000444200,2023-06-06,C009713,Maryam,Jafari,maryam.jafari9713@example.com,09860561707,Isfahan,2022-08-20,P00304,Max Headphones 304,beauty,16.34,31.81,B019,Bazaar Branch 19,Shiraz,mobile,5,0,online,2023-07-08,-10,100,Beauty,negative stock quantity
S000446421,2025-09-13,C004900,Amir,Moradi,amir.moradi4900@example.com,09865988089,Tehran,2021-06-13,P00158,Prime Coffee 158,travel,21.38,31.49,B019,Bazaar Branch 19,Shiraz,mobile,2,5,online,2025-08-15,-34,100,Travel,negative stock quantity
S000448642,2024-02-02,C013942,Yasin,Mohammadi,yasin.mohammadi13942@example.com,09527203169,Isfahan,2022-03-25,P00035,Nova Puzzle 35,music,269.5,446.45,B032,Central Branch 32,Shiraz,partner,1,0,card,2025-10-14,-36,50,Music,negative stock quantity
S000450863,2023-09-03,C037742,Ali,Karimi,ali.karimi37742@example.com,09392889404,Isfahan,2022-06-09,P00285,Nova Ball 285,sports,11.64,21.17,B030,Airport Branch 30,Mashhad,mobile,4,0,online,2025-05-19,-8,30,Sports,negative stock quantity
S000453084,2023-12-13,C015561,Arman,Ahmadi,arman.ahmadi15561@example.com,09515226850,Rasht,2021-10-20,P00050,Smart Notebook 50,office,230.15,636.37,B018,North Branch 18,Tabriz,partner,2,0,online,2025-10-02,-33,20,Office,negative stock quantity
S000455305,2024-05-15,C007648,Sara,Moradi,sara.moradi7648@example.com,09493492969,Tehran,2022-11-01,P00216,Eco Shirt 216,pets,260.19,440.09,B018,North Branch 18,Tabriz,partner,3,0,card,2024-10-29,-30,50,Pets,negative stock quantity
S000457526,2025-01-15,C010843,Yasin,Salehi,yasin.salehi10843@example.com,09142789874,Karaj,2022-05-04,P00139,Prime Mixer 139,gaming,149.35,256.99,B001,Central Branch 1,Rasht,online,10,15,online,2024-11-21,-30,50,Gaming,negative stock quantity
S000459747,2025-03-08,C026541,Omid,Rahimi,omid.rahimi26541@example.com,09988388847,Shiraz,2021-07-13,P00355,Nova Headphones 355,music,231.45,288.14,B026,Central Branch 26,Mashhad,partner,4,10,card,2023-11-05,-36,30,Music,negative stock quantity
S000461968,2023-08-03,C039072,Ali,Moradi,ali.moradi39072@example.com,09271207828,Shiraz,2023-03-19,P00173,Max Sneakers 173,health,70.99,167.61,B014,Bazaar Branch 14,Shiraz,mobile,1,0,wallet,2025-12-03,-28,20,Health,negative stock quantity
S000464189,2023-03-06,C031752,Maryam,Rostami,maryam.rostami31752@example.com,09697706283,Tehran,2020-05-25,P00344,Pro Mixer 344,beauty,216.3,340.99,B003,Bazaar Branch 3,Karaj,online,3,0,card,2025-10-13,-48,75,Beauty,negative stock quantity
S000466410,2025-12-03,C004697,Leila,Rostami,leila.rostami4697@example.com,09881514034,Tabriz,2020-07-18,P00266,Pro Puzzle 266,toys,376.89,618.7,B020,North Branch 20,Shiraz,online,1,0,card,2025-08-08,-15,10,Toys,negative stock quantity
S000468631,2024-09-26,C012528,Amir,Jafari,amir.jafari12528@example.com,09938652771,Tehran,2024-10-28,P00055,Prime Headphones 55,music,197.73,375.36,B037,Bazaar Branch 37,Tehran,online,1,0,cash,2023-10-26,-14,30,Music,negative stock quantity
S000470852,2024-09-05,C022134,Hana,Salehi,hana.salehi22134@example.com,09697632295,Tehran,2021-08-25,P00475,Pro Puzzle 475,music,76.34,120.89,B003,Bazaar Branch 3,Karaj,online,1,0,online,2023-01-04,-25,75,Music,negative stock quantity
S000473073,2023-06-29,C014255,Ali,Karimi,ali.karimi14255@example.com,09117859058,Isfahan,2020-07-03,P00060,Basic Puzzle 60,furniture,59.7,144.88,B013,Outlet Branch 13,Mashhad,mobile,6,20,cash,2024-12-07,-26,75,Furniture,negative stock quantity
S000475294,2024-12-30,C021534,Sara,Akbari,sara.akbari21534@example.com,09718980957,Shiraz,2020-08-04,P00031,Mini Coffee 31,garden,22.73,26.89,B013,Outlet Branch 13,Mashhad,mobile,4,0,online,2025-11-15,-37,30,Garden,negative stock quantity
S000477515,2025-01-05,C034965,Maryam,Akbari,maryam.akbari34965@example.com,09328998987,Karaj,2024-01-16,P00320,Pro Puzzle 320,furniture,224.03,267.37,B032,Central Branch 32,Shiraz,partner,4,15,card,2023-05-18,-41,10,Furniture,negative stock quantity
S000479736,2025-04-10,C040216,Hana,Jafari,hana.jafari40216@example.com,09646025427,Tehran,2022-09-17,P00413,Plus Shirt 413,health,344.24,526.41,B022,Outlet Branch 22,Rasht,mobile,1,0,card,2024-07-09,-19,100,Health,negative stock quantity
S000481957,2023-07-24,C045415,Neda,Hosseini,neda.hosseini45415@example.com,09519522925,Karaj,2020-05-25,P00482,Classic Coffee 482,home appliances,63.22,175.51,B007,Central Branch 7,Qom,partner,3,5,card,2025-12-02,-47,75,Home Appliances,negative stock quantity
S000484178,2023-12-18,C044654,Arman,Moradi,arman.moradi44654@example.com,09649945698,Isfahan,2021-02-18,P00273,Nova Cream 273,health,112.11,158.93,B018,North Branch 18,Tabriz,partner,3,15,online,2023-12-28,-5,30,Health,negative stock quantity
S000486399,2024-08-27,C045177,Reza,Mohammadi,reza.mohammadi45177@example.com,09361649665,Isfahan,2022-04-21,P00443,Smart Puzzle 443,books,337.64,456.41,B024,Outlet Branch 24,Tehran,store,8,0,card,2025-01-22,-29,10,Books,negative stock quantity
S000488620,2025-10-07,C033906,Omid,Moradi,omid.moradi33906@example.com,09182081082,Qom,2020-09-28,P00124,Plus Coffee 124,beauty,200.91,367.89,B004,Bazaar Branch 4,Rasht,partner,1,0,card,2023-12-18,-18,10,Beauty,negative stock quantity
S000490841,2024-06-11,C040076,Mina,Rahimi,mina.rahimi40076@example.com,09103440932,Qom,2024-07-19,P00041,Prime Puzzle 41,electronics,176.45,458.88,B031,North Branch 31,Tehran,store,1,5,cash,2023-11-09,-1,75,Electronics,negative stock quantity
S000493062,2025-05-25,C021298,Ali,Karimi,ali.karimi21298@example.com,09478806978,Tehran,2021-05-12,P00326,Eco Sneakers 326,toys,67.56,99.81,B009,South Branch 9,Isfahan,store,1,20,card,2025-11-29,-33,30,Toys,negative stock quantity
S000495283,2024-04-22,C029582,Sara,Hosseini,sara.hosseini29582@example.com,09701146722,Qom,2023-09-13,P00060,Basic Puzzle 60,furniture,59.7,144.88,B013,Outlet Branch 13,Mashhad,mobile,3,0,cash,2024-03-29,-33,50,Furniture,negative stock quantity
S000497504,2023-12-21,C023893,Yasin,Karimi,yasin.karimi23893@example.com,09830154733,Tehran,2024-07-01,P00299,Basic Desk 299,gaming,20.33,50.31,B032,Central Branch 32,Shiraz,partner,8,0,online,2024-10-19,-10,50,Gaming,negative stock quantity
S000499725,2023-02-26,C036467,Neda,Rostami,neda.rostami36467@example.com,09559175676,Tehran,2021-05-10,P00282,Pro Ball 282,home appliances,148.9,364.51,B010,Central Branch 10,Rasht,mobile,1,0,cash,2024-05-29,-29,40,Home Appliances,negative stock quantity
S000501946,2024-06-20,C046311,Yasin,Ahmadi,yasin.ahmadi46311@example.com,09236106266,Shiraz,2024-05-09,P00429,Eco Cream 429,grocery,109.15,222.46,B005,South Branch 5,Tehran,online,5,25,online,2025-06-02,-28,40,Grocery,negative stock quantity
S000504167,2024-12-07,C030528,Leila,Rostami,leila.rostami30528@example.com,09468880748,Tehran,2020-04-09,P00256,Basic Headphones 256,pets,293.01,614.78,B002,Mall Branch 2,Karaj,partner,6,20,cash,2025-11-17,-50,20,Pets,negative stock quantity
S000506388,2023-08-23,C031635,Hana,Akbari,hana.akbari31635@example.com,09461616171,Isfahan,2020-06-27,P00390,Eco Cream 390,office,145.86,323.51,B016,North Branch 16,Rasht,online,10,20,card,2024-11-11,-43,40,Office,negative stock quantity
S000508609,2025-03-07,C002857,Maryam,Akbari,maryam.akbari2857@example.com,09478229142,Isfahan,2020-03-02,P00236,Pro Puzzle 236,pets,157.58,186.29,B015,Outlet Branch 15,Isfahan,partner,2,20,online,2024-04-20,-50,75,Pets,negative stock quantity
S000510830,2024-05-06,C013682,Sara,Ahmadi,sara.ahmadi13682@example.com,09259789925,Karaj,2024-10-21,P00035,Nova Puzzle 35,music,269.5,446.45,B013,Outlet Branch 13,Mashhad,mobile,8,25,cash,2025-03-11,-3,40,Music,negative stock quantity
S000513051,2024-07-25,C017501,Omid,Mohammadi,omid.mohammadi17501@example.com,09815261411,Shiraz,2022-08-25,P00368,Basic Sneakers 368,shoes,190.32,413.01,B012,South Branch 12,Mashhad,online,1,0,online,2023-01-15,-1,50,Shoes,negative stock quantity
S000515272,2024-04-26,C037040,Leila,Hosseini,leila.hosseini37040@example.com,09428441116,Shiraz,2022-10-17,P00391,Nova Notebook 391,garden,18.27,30.83,B008,West Branch 8,Isfahan,store,2,0,online,2025-08-16,-12,30,Garden,negative stock quantity
S000517493,2025-09-02,C043700,Sara,Akbari,sara.akbari43700@example.com,09446420594,Rasht,2023-07-14,P00292,Eco Notebook 292,automotive,98.79,275.22,B002,Mall Branch 2,Karaj,partner,10,15,card,2023-06-24,-9,75,Automotive,negative stock quantity
S000519714,2023-04-05,C002607,Sara,Jafari,sara.jafari2607@example.com,09366016633,Karaj,2020-08-11,P00445,Nova Desk 445,sports,306.96,389.09,B040,Outlet Branch 40,Tehran,online,2,0,card,2023-04-02,-35,20,Sports,negative stock quantity
S000521935,2024-11-02,C007237,Neda,Akbari,neda.akbari7237@example.com,09496594605,Rasht,2022-12-25,P00089,Smart Shirt 89,grocery,47.08,58.83,B018,North Branch 18,Tabriz,partner,2,20,online,2024-03-19,-2,20,Grocery,negative stock quantity
S000524156,2023-11-02,C018341,Reza,Akbari,reza.akbari18341@example.com,09363855783,Isfahan,2023-07-21,P00169,Plus Cream 169,grocery,233.72,392.58,B031,North Branch 31,Tehran,store,3,0,wallet,2025-05-02,-3,40,Grocery,negative stock quantity
S000526377,2025-07-12,C023403,Omid,Rahimi,omid.rahimi23403@example.com,09772013236,Tehran,2022-12-01,P00149,Basic Puzzle 149,grocery,279.64,403.61,B037,Bazaar Branch 37,Tehran,online,1,0,online,2024-01-29,-5,40,Grocery,negative stock quantity
S000528598,2025-07-27,C006006,Amir,Karimi,amir.karimi6006@example.com,09196038353,Isfahan,2020-04-22,P00330,Plus Shirt 330,office,29.9,63.27,B019,Bazaar Branch 19,Shiraz,mobile,4,20,online,2025-09-28,-32,40,Office,negative stock quantity
S000530819,2025-04-10,C007666,Amir,Salehi,amir.salehi7666@example.com,09597475626,Rasht,2024-09-18,P00151,Prime Coffee 151,garden,396.9,465.8,B034,Express Branch 34,Isfahan,partner,3,0,online,2023-12-08,-17,10,Garden,negative stock quantity
S000533040,2025-01-06,C013938,Yasin,Karimi,yasin.karimi13938@example.com,09226786900,Tehran,2022-09-28,P00473,Prime Cream 473,health,292.84,379.75,B036,Express Branch 36,Tehran,store,3,0,wallet,2023-07-03,-39,10,Health,negative stock quantity
S000535261,2025-01-21,C046499,Amir,Jafari,amir.jafari46499@example.com,09201239046,Tehran,2020-10-13,P00059,Mini Notebook 59,gaming,81.83,175.96,B035,Mall Branch 35,Isfahan,mobile,3,15,card,2023-01-19,-38,75,Gaming,negative stock quantity
S000537482,2025-02-24,C025261,Mina,Jafari,mina.jafari25261@example.com,09567929559,Rasht,2024-11-02,P00187,Basic Shirt 187,clothing,144.89,318.21,B020,North Branch 20,Shiraz,online,1,25,wallet,2024-03-10,-13,20,Clothing,negative stock quantity
S000539703,2024-04-14,C013952,Arman,Ahmadi,arman.ahmadi13952@example.com,09445269116,Tehran,2023-02-22,P00325,Pro Sneakers 325,sports,168.9,456.16,B022,Outlet Branch 22,Rasht,mobile,2,0,card,2023-08-17,-33,40,Sports,negative stock quantity
S000541924,2025-04-11,C038097,Arman,Rahimi,arman.rahimi38097@example.com,09608778332,Isfahan,2022-09-28,P00311,Pro Sneakers 311,garden,87.8,245.35,B007,Central Branch 7,Qom,partner,3,5,card,2024-07-01,-19,40,Garden,negative stock quantity
S000544145,2023-12-02,C020716,Mina,Mohammadi,mina.mohammadi20716@example.com,09300389216,Shiraz,2020-12-28,P00119,Max Coffee 119,gaming,82.15,102.14,B029,North Branch 29,Tehran,mobile,1,20,online,2025-12-04,-25,75,Gaming,negative stock quantity
S000546366,2023-03-15,C008841,Reza,Jafari,reza.jafari8841@example.com,09637704376,Shiraz,2022-02-16,P00244,Max Headphones 244,beauty,189.21,312.06,B036,Express Branch 36,Tehran,store,1,0,card,2025-08-16,-14,75,Beauty,negative stock quantity
S000548587,2023-09-17,C010132,Yasin,Karimi,yasin.karimi10132@example.com,09751993721,Shiraz,2021-02-01,P00107,Smart Coffee 107,clothing,286.7,387.25,B029,North Branch 29,Tehran,mobile,3,0,online,2024-03-28,-49,50,Clothing,negative stock quantity
S000550808,2024-04-22,C027854,Yasin,Jafari,yasin.jafari27854@example.com,09498168017,Tabriz,2023-02-27,P00366,Classic Notebook 366,toys,320.6,753.55,B006,North Branch 6,Tehran,online,8,0,cash,2023-02-20,-40,40,Toys,negative stock quantity
S000553029,2025-12-29,C049193,Amir,Rostami,amir.rostami49193@example.com,09639226230,Mashhad,2021-03-23,P00212,Smart Puzzle 212,automotive,203.94,292.16,B037,Bazaar Branch 37,Tehran,online,1,0,wallet,2023-06-02,-19,30,Automotive,negative stock quantity
S000555250,2025-05-27,C014295,Mina,Hosseini,mina.hosseini14295@example.com,09223694933,Tehran,2021-12-30,P00272,Smart Coffee 272,automotive,213.09,320.35,B039,Mall Branch 39,Shiraz,online,1,25,wallet,2025-05-29,-26,40,Automotive,negative stock quantity
S000557471,2023-10-12,C016285,Neda,Rahimi,neda.rahimi16285@example.com,09618748246,Mashhad,2023-08-24,P00020,Basic Headphones 20,furniture,188.14,336.67,B003,Bazaar Branch 3,Karaj,online,3,20,wallet,2024-05-10,-21,10,Furniture,negative stock quantity
S000559692,2025-02-16,C036423,Hana,Rostami,hana.rostami36423@example.com,09957657240,Tehran,2024-06-21,P00115,Prime Desk 115,music,25.03,62.93,B036,Express Branch 36,Tehran,store,10,25,cash,2024-01-20,-14,40,Music,negative stock quantity
S000561913,2024-12-31,C023233,Reza,Rostami,reza.rostami23233@example.com,09381121723,Karaj,2021-02-07,P00368,Basic Sneakers 368,shoes,190.32,413.01,B018,North Branch 18,Tabriz,partner,2,20,card,2023-10-23,-8,100,Shoes,negative stock quantity
S000564134,2024-02-16,C029323,Omid,Mohammadi,omid.mohammadi29323@example.com,09902148032,Mashhad,2021-06-14,P00133,Eco Shirt 133,health,341.92,713.88,B040,Outlet Branch 40,Tehran,online,1,0,wallet,2023-02-03,-46,20,Health,negative stock quantity
S000566355,2023-02-04,C040698,Omid,Jafari,omid.jafari40698@example.com,09481103955,Shiraz,2020-03-08,P00303,Max Ball 303,books,21.36,45.56,B016,North Branch 16,Rasht,online,4,10,card,2023-02-23,-18,75,Books,negative stock quantity
S000568576,2024-03-25,C010116,Neda,Mohammadi,neda.mohammadi10116@example.com,09152903545,Mashhad,2021-07-27,P00333,Smart Shirt 333,health,339.25,667.08,B001,Central Branch 1,Rasht,online,5,10,cash,2023-03-07,-7,50,Health,negative stock quantity
S000570797,2024-07-01,C047865,Mina,Hosseini,mina.hosseini47865@example.com,09880757142,Isfahan,2023-10-20,P00046,Nova Notebook 46,toys,350.7,730.29,B018,North Branch 18,Tabriz,partner,1,25,online,2025-10-30,-11,50,Toys,negative stock quantity
S000573018,2023-02-02,C006006,Amir,Karimi,amir.karimi6006@example.com,09196038353,Isfahan,2020-04-22,P00411,Max Desk 411,garden,25.89,56.32,B031,North Branch 31,Tehran,store,2,0,online,2025-06-13,-41,10,Garden,negative stock quantity
S000575239,2024-05-31,C016820,Arman,Jafari,arman.jafari16820@example.com,09882576863,Qom,2023-08-14,P00379,Mini Ball 379,gaming,125.96,236.03,B033,South Branch 33,Isfahan,online,1,0,card,2025-03-22,-28,40,Gaming,negative stock quantity
S000577460,2025-01-30,C022985,Omid,Rahimi,omid.rahimi22985@example.com,09766678922,Isfahan,2020-03-03,P00475,Pro Puzzle 475,music,76.34,120.89,B008,West Branch 8,Isfahan,store,5,0,wallet,2023-03-01,-32,100,Music,negative stock quantity
S000579681,2023-03-15,C046508,Mina,Moradi,mina.moradi46508@example.com,09918435622,Shiraz,2023-01-28,P00256,Basic Headphones 256,pets,293.01,614.78,B024,Outlet Branch 24,Tehran,store,2,10,online,2024-05-15,-24,20,Pets,negative stock quantity
S000581902,2023-02-17,C034740,Arman,Akbari,arman.akbari34740@example.com,09421956774,Tehran,2022-10-23,P00118,Classic Notebook 118,travel,123.09,220.66,B009,South Branch 9,Isfahan,store,3,0,cash,2025-09-14,-25,75,Travel,negative stock quantity
S000584123,2024-03-31,C040592,Amir,Rahimi,amir.rahimi40592@example.com,09461225510,Tehran,2021-04-05,P00400,Prime Puzzle 400,furniture,151.71,240.77,B001,Central Branch 1,Rasht,online,4,15,cash,2025-09-26,-44,30,Furniture,negative stock quantity
S000586344,2024-03-27,C042150,Ali,Hosseini,ali.hosseini42150@example.com,09366147272,Qom,2024-08-31,P00305,Prime Shirt 305,sports,391.21,851.28,B004,Bazaar Branch 4,Rasht,partner,1,0,wallet,2024-05-31,-50,30,Sports,negative stock quantity
S000588565,2024-06-02,C049201,Leila,Hosseini,leila.hosseini49201@example.com,09668252932,Tehran,2022-04-01,P00481,Pro Desk 481,electronics,333.13,838.02,B020,North Branch 20,Shiraz,online,2,15,online,2024-12-10,-15,50,Electronics,negative stock quantity
S000590786,2023-11-29,C018775,Maryam,Moradi,maryam.moradi18775@example.com,09443017647,Isfahan,2022-08-28,P00014,Max Sneakers 14,jewelry,272.13,661.16,B019,Bazaar Branch 19,Shiraz,mobile,1,10,card,2023-08-01,-43,75,Jewelry,negative stock quantity
S000593007,2024-09-30,C005943,Sara,Karimi,sara.karimi5943@example.com,09720817231,Tehran,2023-08-01,P00254,Max Desk 254,jewelry,239.84,534.85,B030,Airport Branch 30,Mashhad,mobile,1,0,online,2023-09-14,-28,100,Jewelry,negative stock quantity
S000595228,2024-02-02,C015348,Arman,Karimi,arman.karimi15348@example.com,09324494632,Rasht,2021-04-26,P00470,Nova Notebook 470,office,126.78,262.45,B038,East Branch 38,Tehran,mobile,5,5,online,2025-05-23,-3,40,Office,negative stock quantity
S000597449,2025-06-15,C016461,Amir,Rahimi,amir.rahimi16461@example.com,09640921219,Mashhad,2020-04-01,P00023,Eco Ball 23,books,204.05,491.54,B029,North Branch 29,Tehran,mobile,5,10,wallet,2024-06-26,-45,40,Books,negative stock quantity
S000599670,2025-08-08,C037614,Arman,Ahmadi,arman.ahmadi37614@example.com,09123503745,Tehran,2023-08-20,P00078,Smart Cream 78,travel,7.24,19.81,B024,Outlet Branch 24,Tehran,store,8,10,wallet,2024-07-28,-40,40,Travel,negative stock quantity
S000601891,2025-11-03,C038779,Amir,Moradi,amir.moradi38779@example.com,09141491543,Tabriz,2023-04-30,P00495,Prime Puzzle 495,music,266.31,335.43,B014,Bazaar Branch 14,Shiraz,mobile,2,20,wallet,2024-01-10,-26,20,Music,negative stock quantity
S000604112,2023-02-06,C006409,Arman,Akbari,arman.akbari6409@example.com,09260643932,Tehran,2020-06-15,P00207,Basic Headphones 207,clothing,326.51,909.62,B009,South Branch 9,Isfahan,store,1,0,card,2024-07-09,-44,30,Clothing,negative stock quantity
S000606333,2025-05-13,C046054,Arman,Salehi,arman.salehi46054@example.com,09976505573,Tehran,2020-03-04,P00184,Basic Sneakers 184,beauty,129.67,278.47,B001,Central Branch 1,Rasht,online,5,25,card,2023-10-21,-33,30,Beauty,negative stock quantity
S000608554,2024-09-11,C020937,Neda,Hosseini,neda.hosseini20937@example.com,09253175651,Shiraz,2023-07-22,P00154,Eco Puzzle 154,jewelry,130.12,324.57,B038,East Branch 38,Tehran,mobile,2,20,card,2023-08-28,-41,10,Jewelry,negative stock quantity
S000610775,2024-12-20,C012103,Maryam,Rostami,maryam.rostami12103@example.com,09716469523,Shiraz,2020-05-25,P00077,Smart Mixer 77,baby,358.16,681.63,B004,Bazaar Branch 4,Rasht,partner,3,0,card,2024-11-19,-49,75,Baby,negative stock quantity
S000612996,2024-01-08,C027922,Sara,Salehi,sara.salehi27922@example.com,09239523724,Karaj,2024-01-19,P00145,Prime Headphones 145,sports,196.35,266.58,B009,South Branch 9,Isfahan,store,5,5,card,2023-09-10,-44,20,Sports,negative stock quantity
S000615217,2025-02-22,C021068,Hana,Moradi,hana.moradi21068@example.com,09802326848,Karaj,2023-08-20,P00221,Eco Ball 221,electronics,159.84,202.3,B036,Express Branch 36,Tehran,store,1,20,card,2024-09-24,-9,30,Electronics,negative stock quantity
S000617438,2025-10-27,C024776,Yasin,Rahimi,yasin.rahimi24776@example.com,09532013874,Shiraz,2021-08-10,P00050,Smart Notebook 50,office,230.15,636.37,B024,Outlet Branch 24,Tehran,store,6,0,card,2025-03-31,-8,100,Office,negative stock quantity
S000619659,2024-08-08,C022420,Mina,Karimi,mina.karimi22420@example.com,09555773083,Karaj,2024-04-22,P00292,Eco Notebook 292,automotive,98.79,275.22,B008,West Branch 8,Isfahan,store,1,5,card,2023-09-07,-32,10,Automotive,negative stock quantity
S000621880,2025-09-21,C032109,Amir,Ahmadi,amir.ahmadi32109@example.com,09901809531,Shiraz,2023-03-13,P00124,Plus Coffee 124,beauty,200.91,367.89,B035,Mall Branch 35,Isfahan,mobile,6,20,online,2023-11-24,-42,10,Beauty,negative stock quantity
S000624101,2024-07-24,C024570,Yasin,Rahimi,yasin.rahimi24570@example.com,09214764780,Karaj,2022-08-08,P00003,Smart Desk 3,books,148.82,415.03,B007,Central Branch 7,Qom,partner,1,5,card,2024-02-09,-11,100,Books,negative stock quantity
S000626322,2024-01-28,C002247,Reza,Akbari,reza.akbari2247@example.com,09375185107,Isfahan,2022-12-05,P00295,Plus Notebook 295,music,259.03,436.2,B039,Mall Branch 39,Shiraz,online,3,15,cash,2023-03-02,-16,100,Music,negative stock quantity
S000628543,2023-08-28,C004474,Mina,Moradi,mina.moradi4474@example.com,09266280659,Qom,2020-05-14,P00010,Max Sneakers 10,office,158.66,261.05,B006,North Branch 6,Tehran,online,4,25,online,2023-08-14,-16,10,Office,negative stock quantity
S000630764,2023-06-04,C021651,Sara,Akbari,sara.akbari21651@example.com,09895324757,Mashhad,2024-11-03,P00311,Pro Sneakers 311,garden,87.8,245.35,B007,Central Branch 7,Qom,partner,2,10,online,2025-11-06,-45,30,Garden,negative stock quantity
S000632985,2024-08-28,C039573,Mina,Rahimi,mina.rahimi39573@example.com,09960686641,Qom,2022-12-15,P00349,Nova Sneakers 349,grocery,323.12,774.01,B006,North Branch 6,Tehran,online,4,0,online,2024-11-12,-17,20,Grocery,negative stock quantity
S000635206,2025-02-13,C046024,Leila,Akbari,leila.akbari46024@example.com,09557839032,Tehran,2021-02-05,P00342,Pro Coffee 342,home appliances,189.24,448.09,B013,Outlet Branch 13,Mashhad,mobile,2,0,online,2025-12-10,-50,100,Home Appliances,negative stock quantity
S000637427,2024-04-03,C012925,Sara,Rahimi,sara.rahimi12925@example.com,09452508023,Shiraz,2023-01-13,P00452,Plus Ball 452,automotive,277.1,374.74,B033,South Branch 33,Isfahan,online,8,10,cash,2023-09-08,-28,30,Automotive,negative stock quantity
S000639648,2025-01-06,C032786,Yasin,Akbari,yasin.akbari32786@example.com,09457652563,Qom,2020-11-26,P00320,Pro Puzzle 320,furniture,224.03,267.37,B001,Central Branch 1,Rasht,online,2,15,card,2023-05-25,-6,40,Furniture,negative stock quantity
S000641869,2024-06-18,C030230,Omid,Akbari,omid.akbari30230@example.com,09770989857,Mashhad,2021-12-24,P00296,Smart Sneakers 296,pets,276.49,703.33,B031,North Branch 31,Tehran,store,1,15,wallet,2024-11-29,-23,75,Pets,negative stock quantity
S000644090,2024-02-02,C024550,Maryam,Ahmadi,maryam.ahmadi24550@example.com,09890245881,Karaj,2020-07-26,P00247,Plus Desk 247,clothing,153.59,302.38,B016,North Branch 16,Rasht,online,4,25,card,2025-07-17,-12,40,Clothing,negative stock quantity
S000646311,2025-04-25,C005882,Yasin,Karimi,yasin.karimi5882@example.com,09980897770,Shiraz,2020-10-11,P00342,Pro Coffee 342,home appliances,189.24,448.09,B021,Airport Branch 21,Tehran,online,6,0,card,2023-06-25,-34,100,Home Appliances,negative stock quantity
S000648532,2024-10-29,C031448,Mina,Moradi,mina.moradi31448@example.com,09639142792,Rasht,2024-03-08,P00265,Eco Mixer 265,sports,398.58,866.09,B006,North Branch 6,Tehran,online,2,20,card,2025-07-12,-24,40,Sports,negative stock quantity
S000650753,2025-04-06,C032266,Mina,Hosseini,mina.hosseini32266@example.com,09821429281,Mashhad,2021-06-13,P00003,Smart Desk 3,books,148.82,415.03,B011,Central Branch 11,Tehran,partner,3,15,online,2024-11-19,-6,10,Books,negative stock quantity
S000652974,2024-06-24,C039841,Sara,Hosseini,sara.hosseini39841@example.com,09217041098,Rasht,2023-01-11,P00078,Smart Cream 78,travel,7.24,19.81,B037,Bazaar Branch 37,Tehran,online,5,0,cash,2024-06-27,-18,75,Travel,negative stock quantity
S000655195,2025-08-25,C029741,Reza,Mohammadi,reza.mohammadi29741@example.com,09339696438,Tehran,2021-09-28,P00034,Basic Coffee 34,jewelry,219.46,377.08,B024,Outlet Branch 24,Tehran,store,2,25,online,2025-07-16,-22,75,Jewelry,negative stock quantity
S000657416,2024-07-21,C015954,Mina,Akbari,mina.akbari15954@example.com,09818726432,Tehran,2023-05-10,P00351,Max Notebook 351,garden,191.99,271.92,B014,Bazaar Branch 14,Shiraz,mobile,2,15,online,2025-08-03,-46,40,Garden,negative stock quantity
S000659637,2025-01-20,C004409,Arman,Ahmadi,arman.ahmadi4409@example.com,09886451710,Tehran,2021-02-05,P00193,Max Mixer 193,health,263.86,493.43,B027,Express Branch 27,Shiraz,store,1,0,cash,2023-03-12,-42,40,Health,negative stock quantity
S000661858,2025-01-22,C030171,Arman,Salehi,arman.salehi30171@example.com,09584720944,Tabriz,2020-09-22,P00135,Plus Mixer 135,music,318.36,542.98,B006,North Branch 6,Tehran,online,2,0,wallet,2023-08-05,-34,100,Music,negative stock quantity
S000664079,2024-10-26,C002099,Maryam,Mohammadi,maryam.mohammadi2099@example.com,09459282088,Tehran,2020-09-08,P00147,Prime Puzzle 147,clothing,333.65,444.33,B003,Bazaar Branch 3,Karaj,online,5,15,online,2023-08-18,-27,40,Clothing,negative stock quantity
S000666300,2024-05-28,C035458,Arman,Moradi,arman.moradi35458@example.com,09641966806,Tehran,2022-10-23,P00182,Eco Cream 182,home appliances,349.26,822.32,B040,Outlet Branch 40,Tehran,online,6,20,online,2023-03-29,-23,50,Home Appliances,negative stock quantity
S000668521,2025-06-25,C040130,Sara,Rostami,sara.rostami40130@example.com,09586336155,Karaj,2020-07-28,P00279,Mini Shirt 279,gaming,295.19,674.12,B035,Mall Branch 35,Isfahan,mobile,1,25,online,2023-07-09,-6,50,Gaming,negative stock quantity
S000670742,2024-03-22,C041714,Ali,Rahimi,ali.rahimi41714@example.com,09480793894,Tehran,2022-12-14,P00349,Nova Sneakers 349,grocery,323.12,774.01,B028,Express Branch 28,Isfahan,partner,1,0,card,2023-01-15,-15,10,Grocery,negative stock quantity
S000672963,2023-06-15,C039269,Leila,Moradi,leila.moradi39269@example.com,09534109331,Isfahan,2023-08-05,P00196,Basic Sneakers 196,pets,123.58,287.37,B031,North Branch 31,Tehran,store,6,0,card,2024-07-25,-12,75,Pets,negative stock quantity
S000675184,2023-07-21,C041391,Maryam,Akbari,maryam.akbari41391@example.com,09280330852,Shiraz,2022-04-14,P00018,Eco Headphones 18,travel,87.72,230.0,B001,Central Branch 1,Rasht,online,5,5,card,2024-12-06,-36,40,Travel,negative stock quantity
S000677405,2024-09-10,C001314,Sara,Moradi,sara.moradi1314@example.com,09279218750,Isfahan,2020-07-29,P00156,Nova Shirt 156,pets,184.17,381.04,B019,Bazaar Branch 19,Shiraz,mobile,6,0,card,2025-05-30,-21,100,Pets,negative stock quantity
S000679626,2024-03-08,C030404,Mina,Jafari,mina.jafari30404@example.com,09686518214,Shiraz,2021-01-04,P00479,Nova Mixer 479,gaming,124.51,153.77,B023,Bazaar Branch 23,Rasht,mobile,3,15,cash,2025-08-28,-6,50,Gaming,negative stock quantity
S000681847,2023-01-28,C036353,Omid,Akbari,omid.akbari36353@example.com,09405913229,Shiraz,2021-10-22,P00276,Mini Headphones 276,pets,20.34,24.03,B001,Central Branch 1,Rasht,online,2,5,online,2024-04-11,-11,40,Pets,negative stock quantity
S000684068,2025-02-04,C043328,Mina,Jafari,mina.jafari43328@example.com,09305590060,Tehran,2022-09-06,P00212,Smart Puzzle 212,automotive,203.94,292.16,B022,Outlet Branch 22,Rasht,mobile,8,10,wallet,2024-05-11,-37,75,Automotive,negative stock quantity
S000686289,2024-07-15,C047473,Arman,Mohammadi,arman.mohammadi47473@example.com,09292675103,Qom,2023-07-22,P00240,Classic Mixer 240,furniture,231.53,472.09,B012,South Branch 12,Mashhad,online,4,15,card,2025-11-23,-35,10,Furniture,negative stock quantity
S000688510,2025-07-16,C017483,Omid,Hosseini,omid.hosseini17483@example.com,09336079944,Qom,2023-07-22,P00021,Classic Notebook 21,electronics,378.84,644.97,B024,Outlet Branch 24,Tehran,store,3,5,wallet,2024-05-22,-20,50,Electronics,negative stock quantity
S000690731,2023-09-11,C003522,Mina,Akbari,mina.akbari3522@example.com,09496692661,Mashhad,2021-08-05,P00437,Mini Notebook 437,baby,218.25,430.16,B012,South Branch 12,Mashhad,online,3,0,card,2024-09-07,-37,20,Baby,negative stock quantity
S000692952,2025-11-09,C003525,Reza,Salehi,reza.salehi3525@example.com,09420893788,Karaj,2021-02-13,P00194,Eco Coffee 194,jewelry,44.4,115.98,B007,Central Branch 7,Qom,partner,1,5,cash,2023-09-20,-21,20,Jewelry,negative stock quantity
S000695173,2025-11-03,C028674,Reza,Rostami,reza.rostami28674@example.com,09844539498,Tehran,2020-07-02,P00113,Mini Coffee 113,health,187.79,369.98,B015,Outlet Branch 15,Isfahan,partner,1,20,online,2025-04-21,-40,100,Health,negative stock quantity
S000697394,2023-05-06,C042406,Amir,Rostami,amir.rostami42406@example.com,09328789651,Shiraz,2022-02-18,P00419,Prime Cream 419,gaming,154.82,206.51,B013,Outlet Branch 13,Mashhad,mobile,1,15,cash,2023-08-19,-7,10,Gaming,negative stock quantity
S000699615,2024-11-20,C029156,Maryam,Hosseini,maryam.hosseini29156@example.com,09266380137,Shiraz,2022-06-08,P00211,Max Cream 211,garden,327.13,381.27,B022,Outlet Branch 22,Rasht,mobile,1,15,online,2023-12-07,-29,75,Garden,negative stock quantity
S000701836,2023-10-10,C019376,Omid,Rahimi,omid.rahimi19376@example.com,09395093151,Tehran,2023-10-05,P00469,Prime Desk 469,grocery,73.29,87.48,B037,Bazaar Branch 37,Tehran,online,4,10,online,2024-10-28,-24,75,Grocery,negative stock quantity
S000704057,2023-11-17,C015615,Omid,Hosseini,omid.hosseini15615@example.com,09459929415,Shiraz,2023-09-07,P00458,Nova Cream 458,travel,243.73,604.02,B002,Mall Branch 2,Karaj,partner,3,15,card,2025-08-31,-25,100,Travel,negative stock quantity
S000706278,2024-05-15,C023903,Arman,Salehi,arman.salehi23903@example.com,09108361387,Isfahan,2024-11-17,P00308,Plus Mixer 308,shoes,387.27,448.11,B018,North Branch 18,Tabriz,partner,2,5,cash,2023-07-24,-34,40,Shoes,negative stock quantity
S000708499,2023-12-29,C033552,Neda,Salehi,neda.salehi33552@example.com,09240751514,Shiraz,2022-05-03,P00460,Classic Shirt 460,furniture,302.05,615.0,B008,West Branch 8,Isfahan,store,4,5,card,2025-03-23,-2,75,Furniture,negative stock quantity
S000710720,2024-12-12,C042051,Yasin,Karimi,yasin.karimi42051@example.com,09806871050,Rasht,2023-07-17,P00411,Max Desk 411,garden,25.89,56.32,B006,North Branch 6,Tehran,online,1,20,online,2025-11-28,-48,10,Garden,negative stock quantity
S000712941,2023-09-19,C032616,Reza,Jafari,reza.jafari32616@example.com,09313906398,Isfahan,2023-08-11,P00453,Basic Sneakers 453,health,151.96,405.64,B017,Express Branch 17,Tehran,online,2,15,online,2023-05-30,-31,20,Health,negative stock quantity
S000715162,2025-08-24,C046283,Hana,Jafari,hana.jafari46283@example.com,09380970150,Tehran,2023-03-10,P00418,Smart Headphones 418,travel,77.77,216.1,B004,Bazaar Branch 4,Rasht,partner,4,10,wallet,2025-01-20,-9,50,Travel,negative stock quantity
S000717383,2025-09-12,C026140,Mina,Rahimi,mina.rahimi26140@example.com,09886835660,Shiraz,2024-09-17,P00467,Nova Headphones 467,clothing,191.58,471.9,B001,Central Branch 1,Rasht,online,5,5,cash,2025-01-28,-7,75,Clothing,negative stock quantity
S000719604,2024-06-13,C014796,Sara,Hosseini,sara.hosseini14796@example.com,09752846456,Karaj,2024-10-16,P00298,Classic Sneakers 298,travel,336.48,475.55,B017,Express Branch 17,Tehran,online,4,0,online,2024-03-08,-3,75,Travel,negative stock quantity
S000721825,2025-04-19,C011956,Omid,Salehi,omid.salehi11956@example.com,09575523483,Tehran,2021-03-20,P00142,Nova Headphones 142,home appliances,364.26,863.13,B013,Outlet Branch 13,Mashhad,mobile,3,20,card,2023-06-12,-46,10,Home Appliances,negative stock quantity
S000724046,2025-02-20,C034986,Amir,Jafari,amir.jafari34986@example.com,09630084556,Tehran,2024-02-18,P00194,Eco Coffee 194,jewelry,44.4,115.98,B024,Outlet Branch 24,Tehran,store,2,5,cash,2024-11-18,-35,50,Jewelry,negative stock quantity
S000726267,2023-05-14,C021154,Omid,Salehi,omid.salehi21154@example.com,09332530527,Tabriz,2022-02-14,P00374,Max Headphones 374,jewelry,34.93,62.7,B026,Central Branch 26,Mashhad,partner,8,5,online,2025-05-07,-6,100,Jewelry,negative stock quantity
S000728488,2023-10-19,C019087,Arman,Rahimi,arman.rahimi19087@example.com,09519786068,Tabriz,2020-08-20,P00185,Classic Mixer 185,sports,266.46,434.87,B023,Bazaar Branch 23,Rasht,mobile,5,20,card,2024-12-12,-47,50,Sports,negative stock quantity
S000730709,2023-12-06,C008126,Leila,Jafari,leila.jafari8126@example.com,09956354038,Shiraz,2020-12-21,P00238,Smart Cream 238,travel,250.3,585.13,B003,Bazaar Branch 3,Karaj,online,2,5,cash,2025-12-14,-3,75,Travel,negative stock quantity
S000732930,2025-04-12,C044779,Neda,Akbari,neda.akbari44779@example.com,09760166021,Shiraz,2021-07-05,P00102,Basic Puzzle 102,home appliances,58.09,68.84,B035,Mall Branch 35,Isfahan,mobile,1,5,card,2025-05-16,-41,20,Home Appliances,negative stock quantity
S000735151,2025-11-14,C000984,Yasin,Hosseini,yasin.hosseini984@example.com,09107889398,Tabriz,2023-09-18,P00314,Classic Puzzle 314,jewelry,375.06,447.37,B010,Central Branch 10,Rasht,mobile,4,0,online,2025-08-28,-29,100,Jewelry,negative stock quantity
S000737372,2023-01-14,C022581,Maryam,Salehi,maryam.salehi22581@example.com,09368727603,Tehran,2021-02-05,P00113,Mini Coffee 113,health,187.79,369.98,B038,East Branch 38,Tehran,mobile,2,0,wallet,2024-11-24,-29,50,Health,negative stock quantity
S000739593,2025-02-27,C027729,Sara,Rahimi,sara.rahimi27729@example.com,09789888040,Shiraz,2020-01-23,P00403,Mini Ball 403,books,380.22,1017.38,B003,Bazaar Branch 3,Karaj,online,1,10,cash,2025-10-01,-25,75,Books,negative stock quantity
S000741814,2024-02-09,C029571,Mina,Moradi,mina.moradi29571@example.com,09416434551,Isfahan,2024-07-07,P00386,Basic Desk 386,toys,359.72,470.14,B008,West Branch 8,Isfahan,store,3,5,wallet,2023-08-19,-2,40,Toys,negative stock quantity
S000744035,2025-03-17,C046276,Omid,Mohammadi,omid.mohammadi46276@example.com,09191707944,Isfahan,2020-01-21,P00085,Prime Puzzle 85,sports,139.2,362.67,B020,North Branch 20,Shiraz,online,3,0,online,2023-05-20,-19,20,Sports,negative stock quantity
S000746256,2023-09-10,C049771,Sara,Jafari,sara.jafari49771@example.com,09556141731,Tehran,2024-10-26,P00343,Max Sneakers 343,books,63.8,159.21,B029,North Branch 29,Tehran,mobile,10,15,card,2023-02-15,-12,75,Books,negative stock quantity
S000748477,2023-09-06,C027634,Neda,Jafari,neda.jafari27634@example.com,09355326501,Isfahan,2022-04-25,P00486,Classic Notebook 486,toys,87.08,132.29,B040,Outlet Branch 40,Tehran,online,8,10,card,2025-12-03,-2,50,Toys,negative stock quantity
S000750698,2023-08-03,C002486,Yasin,Moradi,yasin.moradi2486@example.com,09214445764,Isfahan,2020-01-19,P00355,Nova Headphones 355,music,231.45,288.14,B001,Central Branch 1,Rasht,online,4,5,card,2024-03-05,-26,30,Music,negative stock quantity
S000752919,2023-11-24,C042207,Arman,Jafari,arman.jafari42207@example.com,09519013171,Isfahan,2020-06-24,P00331,Classic Coffee 331,garden,24.75,35.69,B010,Central Branch 10,Rasht,mobile,5,15,online,2024-08-28,-14,75,Garden,negative stock quantity
S000755140,2023-04-04,C030602,Mina,Rahimi,mina.rahimi30602@example.com,09504062846,Mashhad,2023-06-17,P00423,Basic Coffee 423,books,277.51,435.42,B006,North Branch 6,Tehran,online,2,0,online,2024-05-30,-1,10,Books,negative stock quantity
S000757361,2023-06-02,C007575,Yasin,Mohammadi,yasin.mohammadi7575@example.com,09190257839,Karaj,2023-08-21,P00328,Classic Sneakers 328,shoes,211.53,335.25,B010,Central Branch 10,Rasht,mobile,4,0,card,2023-08-15,-36,10,Shoes,negative stock quantity
S000759582,2025-04-29,C021233,Omid,Jafari,omid.jafari21233@example.com,09365922120,Mashhad,2022-03-07,P00204,Prime Sneakers 204,beauty,184.44,355.83,B015,Outlet Branch 15,Isfahan,partner,5,20,online,2024-02-28,-47,40,Beauty,negative stock quantity
S000761803,2023-01-13,C001060,Maryam,Akbari,maryam.akbari1060@example.com,09924127682,Rasht,2023-03-26,P00108,Smart Shirt 108,shoes,359.95,495.27,B012,South Branch 12,Mashhad,online,5,10,card,2024-10-19,-5,40,Shoes,negative stock quantity
S000764024,2023-04-10,C026955,Maryam,Mohammadi,maryam.mohammadi26955@example.com,09332039851,Tehran,2023-03-20,P00079,Mini Mixer 79,gaming,10.52,15.21,B024,Outlet Branch 24,Tehran,store,3,15,card,2023-09-27,-26,75,Gaming,negative stock quantity
S000766245,2025-05-07,C046054,Arman,Salehi,arman.salehi46054@example.com,09976505573,Tehran,2020-03-04,P00195,Prime Sneakers 195,music,201.28,495.46,B030,Airport Branch 30,Mashhad,mobile,2,0,card,2023-10-01,-43,20,Music,negative stock quantity
S000768466,2024-07-02,C040408,Reza,Rahimi,reza.rahimi40408@example.com,09646453998,Isfahan,2024-04-04,P00159,Max Notebook 159,gaming,385.34,468.39,B022,Outlet Branch 22,Rasht,mobile,2,15,card,2023-07-06,-31,20,Gaming,negative stock quantity
S000770687,2023-01-08,C011074,Maryam,Ahmadi,maryam.ahmadi11074@example.com,09812749913,Tabriz,2020-01-17,P00003,Smart Desk 3,books,148.82,415.03,B017,Express Branch 17,Tehran,online,4,25,cash,2023-07-11,-1,100,Books,negative stock quantity
S000772908,2024-01-18,C003467,Omid,Jafari,omid.jafari3467@example.com,09115282130,Qom,2020-05-12,P00210,Basic Sneakers 210,office,72.76,173.26,B001,Central Branch 1,Rasht,online,1,10,online,2023-02-28,-43,10,Office,negative stock quantity
S000775129,2024-01-14,C039658,Ali,Ahmadi,ali.ahmadi39658@example.com,09932591511,Tabriz,2022-10-23,P00278,Eco Puzzle 278,travel,164.36,227.77,B020,North Branch 20,Shiraz,online,1,5,online,2025-06-28,-10,50,Travel,negative stock quantity
S000777350,2025-11-13,C028580,Maryam,Karimi,maryam.karimi28580@example.com,09575571306,Shiraz,2020-12-28,P00202,Eco Ball 202,home appliances,190.62,431.24,B017,Express Branch 17,Tehran,online,4,25,cash,2025-04-10,-19,40,Home Appliances,negative stock quantity
S000779571,2024-03-08,C022391,Hana,Hosseini,hana.hosseini22391@example.com,09931555927,Mashhad,2023-06-11,P00334,Plus Desk 334,jewelry,341.94,421.76,B021,Airport Branch 21,Tehran,online,1,15,wallet,2023-06-29,-1,50,Jewelry,negative stock quantity
S000781792,2025-03-30,C049657,Hana,Jafari,hana.jafari49657@example.com,09824217504,Isfahan,2021-06-20,P00390,Eco Cream 390,office,145.86,323.51,B001,Central Branch 1,Rasht,online,8,15,cash,2024-03-03,-8,20,Office,negative stock quantity
S000784013,2024-07-07,C001007,Neda,Mohammadi,neda.mohammadi1007@example.com,09539366395,Karaj,2022-07-26,P00194,Eco Coffee 194,jewelry,44.4,115.98,B030,Airport Branch 30,Mashhad,mobile,1,25,wallet,2023-07-01,-36,50,Jewelry,negative stock quantity
S000786234,2025-05-17,C027317,Hana,Jafari,hana.jafari27317@example.com,09784097372,Tehran,2020-09-30,P00336,Max Mixer 336,pets,176.9,250.81,B001,Central Branch 1,Rasht,online,4,25,cash,2025-03-28,-1,10,Pets,negative stock quantity
S000788455,2025-02-10,C006700,Leila,Moradi,leila.moradi6700@example.com,09244646506,Karaj,2021-10-15,P00030,Basic Puzzle 30,office,146.01,240.91,B008,West Branch 8,Isfahan,store,3,25,cash,2024-08-09,-41,20,Office,negative stock quantity
S000790676,2023-07-17,C014551,Mina,Mohammadi,mina.mohammadi14551@example.com,09619810737,Rasht,2023-11-21,P00013,Plus Notebook 13,health,217.38,305.51,B022,Outlet Branch 22,Rasht,mobile,1,15,online,2024-04-28,-49,75,Health,negative stock quantity
S000792897,2024-07-24,C039345,Sara,Hosseini,sara.hosseini39345@example.com,09852113441,Tabriz,2023-05-17,P00191,Classic Notebook 191,garden,121.31,242.46,B039,Mall Branch 39,Shiraz,online,3,25,card,2025-08-17,-47,40,Garden,negative stock quantity
S000795118,2023-05-21,C003145,Leila,Rahimi,leila.rahimi3145@example.com,09913531298,Mashhad,2023-12-04,P00451,Max Coffee 451,garden,384.53,832.72,B025,Bazaar Branch 25,Tehran,mobile,2,10,online,2024-10-14,-10,30,Garden,negative stock quantity
S000797339,2025-10-21,C016522,Sara,Ahmadi,sara.ahmadi16522@example.com,09616231608,Tehran,2021-04-15,P00246,Smart Shirt 246,toys,392.4,1056.94,B001,Central Branch 1,Rasht,online,4,0,online,2024-06-24,-28,30,Toys,negative stock quantity
S000799560,2025-02-13,C036950,Hana,Moradi,hana.moradi36950@example.com,09400057410,Tehran,2022-01-16,P00474,Max Mixer 474,jewelry,62.67,140.44,B036,Express Branch 36,Tehran,store,4,0,cash,2024-02-12,-2,100,Jewelry,negative stock quantity
S000801781,2025-08-29,C014597,Mina,Karimi,mina.karimi14597@example.com,09516519217,Tehran,2020-04-23,P00433,Prime Notebook 433,health,187.76,358.31,B022,Outlet Branch 22,Rasht,mobile,1,15,online,2024-08-13,-34,40,Health,negative stock quantity
S000804002,2024-12-26,C011094,Arman,Jafari,arman.jafari11094@example.com,09748806044,Mashhad,2024-09-01,P00232,Max Headphones 232,automotive,42.82,119.85,B017,Express Branch 17,Tehran,online,2,15,online,2025-01-25,-46,20,Automotive,negative stock quantity
S000806223,2025-10-24,C049750,Sara,Ahmadi,sara.ahmadi49750@example.com,09932677639,Tabriz,2021-05-09,P00201,Prime Notebook 201,electronics,162.81,426.39,B005,South Branch 5,Tehran,online,4,0,cash,2023-01-05,-12,10,Electronics,negative stock quantity
S000808444,2025-04-04,C040511,Omid,Salehi,omid.salehi40511@example.com,09817779709,Qom,2024-05-27,P00099,Plus Puzzle 99,gaming,26.79,45.95,B018,North Branch 18,Tabriz,partner,2,25,card,2024-05-16,-29,50,Gaming,negative stock quantity
S000810665,2025-10-30,C010116,Neda,Mohammadi,neda.mohammadi10116@example.com,09152903545,Mashhad,2021-07-27,P00295,Plus Notebook 295,music,259.03,436.2,B015,Outlet Branch 15,Isfahan,partner,5,0,online,2023-03-01,-50,40,Music,negative stock quantity
S000812886,2023-01-25,C023685,Ali,Karimi,ali.karimi23685@example.com,09164927903,Shiraz,2022-09-21,P00382,Prime Shirt 382,home appliances,269.62,315.09,B033,South Branch 33,Isfahan,online,4,20,cash,2025-09-11,-48,10,Home Appliances,negative stock quantity
S000815107,2024-02-03,C046673,Mina,Salehi,mina.salehi46673@example.com,09637323866,Tabriz,2024-07-21,P00273,Nova Cream 273,health,112.11,158.93,B007,Central Branch 7,Qom,partner,5,20,online,2023-06-01,-1,20,Health,negative stock quantity
S000817328,2024-03-17,C020623,Omid,Akbari,omid.akbari20623@example.com,09263779089,Isfahan,2024-10-11,P00179,Pro Puzzle 179,gaming,78.04,192.56,B035,Mall Branch 35,Isfahan,mobile,2,25,card,2023-05-12,-19,75,Gaming,negative stock quantity
S000819549,2023-08-13,C044492,Leila,Hosseini,leila.hosseini44492@example.com,09179733182,Qom,2020-04-02,P00133,Eco Shirt 133,health,341.92,713.88,B040,Outlet Branch 40,Tehran,online,2,0,wallet,2023-03-02,-46,10,Health,negative stock quantity
S000821770,2023-11-16,C007651,Amir,Akbari,amir.akbari7651@example.com,09974793317,Tehran,2021-12-16,P00379,Mini Ball 379,gaming,125.96,236.03,B028,Express Branch 28,Isfahan,partner,2,5,online,2024-09-24,-14,40,Gaming,negative stock quantity
S000823991,2025-06-15,C033442,Sara,Mohammadi,sara.mohammadi33442@example.com,09460526072,Mashhad,2023-01-30,P00298,Classic Sneakers 298,travel,336.48,475.55,B005,South Branch 5,Tehran,online,2,15,card,2023-10-07,-25,75,Travel,negative stock quantity
S000826212,2023-07-03,C018384,Yasin,Akbari,yasin.akbari18384@example.com,09420417198,Shiraz,2023-11-12,P00169,Plus Cream 169,grocery,233.72,392.58,B021,Airport Branch 21,Tehran,online,2,5,card,2024-09-20,-38,10,Grocery,negative stock quantity
S000828433,2023-03-26,C016267,Reza,Rostami,reza.rostami16267@example.com,09572279674,Isfahan,2022-12-06,P00081,Eco Coffee 81,electronics,267.58,643.87,B033,South Branch 33,Isfahan,online,10,0,wallet,2025-03-08,-27,75,Electronics,negative stock quantity
S000830654,2023-04-21,C004770,Arman,Ahmadi,arman.ahmadi4770@example.com,09688388486,Shiraz,2020-12-20,P00336,Max Mixer 336,pets,176.9,250.81,B023,Bazaar Branch 23,Rasht,mobile,5,0,card,2024-09-21,-9,20,Pets,negative stock quantity
S000832875,2023-07-05,C048855,Yasin,Akbari,yasin.akbari48855@example.com,09195887374,Karaj,2022-11-03,P00263,Prime Sneakers 263,books,89.73,152.9,B038,East Branch 38,Tehran,mobile,10,10,online,2025-03-05,-18,75,Books,negative stock quantity
S000835096,2025-12-05,C048215,Reza,Hosseini,reza.hosseini48215@example.com,09131574036,Mashhad,2023-08-17,P00221,Eco Ball 221,electronics,159.84,202.3,B031,North Branch 31,Tehran,store,1,5,cash,2024-10-05,-34,20,Electronics,negative stock quantity
S000837317,2024-07-30,C013612,Arman,Karimi,arman.karimi13612@example.com,09596941249,Shiraz,2023-11-17,P00369,Pro Desk 369,grocery,82.64,102.81,B007,Central Branch 7,Qom,partner,4,0,online,2023-08-22,-41,50,Grocery,negative stock quantity
S000839538,2024-08-23,C021082,Mina,Hosseini,mina.hosseini21082@example.com,09677869835,Tabriz,2020-08-13,P00131,Pro Shirt 131,garden,34.95,77.2,B026,Central Branch 26,Mashhad,partner,2,0,card,2024-02-02,-6,40,Garden,negative stock quantity
S000841759,2024-09-08,C034075,Ali,Mohammadi,ali.mohammadi34075@example.com,09838494759,Isfahan,2023-07-30,P00471,Max Puzzle 471,garden,150.94,415.48,B039,Mall Branch 39,Shiraz,online,2,15,card,2024-07-07,-9,40,Garden,negative stock quantity
S000843980,2025-05-11,C038565,Maryam,Moradi,maryam.moradi38565@example.com,09104923922,Qom,2024-08-08,P00345,Pro Notebook 345,sports,377.52,887.44,B025,Bazaar Branch 25,Tehran,mobile,5,20,online,2024-03-11,-42,100,Sports,negative stock quantity
S000846201,2025-06-13,C044557,Sara,Hosseini,sara.hosseini44557@example.com,09962077449,Rasht,2020-05-07,P00451,Max Coffee 451,garden,384.53,832.72,B025,Bazaar Branch 25,Tehran,mobile,1,15,online,2025-01-05,-35,100,Garden,negative stock quantity
S000848422,2023-11-28,C041027,Hana,Ahmadi,hana.ahmadi41027@example.com,09795271941,Tabriz,2022-02-04,P00228,Basic Ball 228,shoes,158.48,377.5,B024,Outlet Branch 24,Tehran,store,3,5,cash,2023-02-17,-33,75,Shoes,negative stock quantity
S000850643,2025-05-02,C015930,Mina,Rahimi,mina.rahimi15930@example.com,09102068391,Tehran,2022-07-12,P00167,Prime Cream 167,clothing,239.27,457.81,B040,Outlet Branch 40,Tehran,online,1,0,wallet,2024-08-02,-45,10,Clothing,negative stock quantity
S000852864,2024-04-14,C020160,Arman,Rostami,arman.rostami20160@example.com,09934146848,Rasht,2022-03-24,P00243,Smart Desk 243,books,137.29,377.72,B033,South Branch 33,Isfahan,online,5,0,online,2024-12-23,-24,30,Books,negative stock quantity
S000855085,2023-10-03,C019215,Yasin,Ahmadi,yasin.ahmadi19215@example.com,09181778669,Qom,2021-06-17,P00211,Max Cream 211,garden,327.13,381.27,B035,Mall Branch 35,Isfahan,mobile,4,10,wallet,2024-08-13,-30,20,Garden,negative stock quantity
S000857306,2023-04-10,C006181,Ali,Ahmadi,ali.ahmadi6181@example.com,09750134068,Rasht,2023-09-03,P00069,Eco Ball 69,grocery,41.97,62.04,B024,Outlet Branch 24,Tehran,store,2,10,online,2024-03-10,-34,20,Grocery,negative stock quantity
S000859527,2023-03-18,C001733,Neda,Hosseini,neda.hosseini1733@example.com,09450181809,Shiraz,2020-07-19,P00350,Plus Notebook 350,office,165.98,197.33,B001,Central Branch 1,Rasht,online,1,0,card,2023-11-05,-7,30,Office,negative stock quantity
S000861748,2023-07-20,C026031,Omid,Karimi,omid.karimi26031@example.com,09852699228,Tabriz,2022-09-06,P00084,Smart Desk 84,beauty,17.93,30.03,B005,South Branch 5,Tehran,online,2,0,card,2023-12-17,-46,75,Beauty,negative stock quantity
S000863969,2025-06-20,C038385,Amir,Salehi,amir.salehi38385@example.com,09604814901,Qom,2021-08-30,P00443,Smart Puzzle 443,books,337.64,456.41,B038,East Branch 38,Tehran,mobile,1,5,card,2024-03-11,-31,30,Books,negative stock quantity
S000866190,2023-11-01,C040325,Yasin,Moradi,yasin.moradi40325@example.com,09861816246,Isfahan,2021-05-22,P00126,Plus Puzzle 126,toys,213.24,527.92,B024,Outlet Branch 24,Tehran,store,2,20,card,2023-05-09,-26,30,Toys,negative stock quantity
S000868411,2024-05-19,C005623,Maryam,Akbari,maryam.akbari5623@example.com,09965654456,Isfahan,2024-11-28,P00104,Mini Desk 104,beauty,185.86,431.35,B021,Airport Branch 21,Tehran,online,3,0,online,2023-07-10,-40,10,Beauty,negative stock quantity
S000870632,2025-08-29,C009544,Mina,Moradi,mina.moradi9544@example.com,09599786287,Rasht,2024-11-17,P00478,Plus Coffee 478,travel,277.37,601.41,B006,North Branch 6,Tehran,online,4,15,online,2025-03-03,-3,75,Travel,negative stock quantity
S000872853,2025-03-28,C003110,Maryam,Jafari,maryam.jafari3110@example.com,09176657833,Qom,2022-05-23,P00320,Pro Puzzle 320,furniture,224.03,267.37,B019,Bazaar Branch 19,Shiraz,mobile,6,15,wallet,2025-04-26,-43,75,Furniture,negative stock quantity
S000875074,2025-12-28,C012679,Maryam,Jafari,maryam.jafari12679@example.com,09234617049,Tabriz,2023-09-30,P00474,Max Mixer 474,jewelry,62.67,140.44,B021,Airport Branch 21,Tehran,online,1,10,wallet,2023-09-15,-3,75,Jewelry,negative stock quantity
S000877295,2023-01-09,C047318,Neda,Moradi,neda.moradi47318@example.com,09536183355,Isfahan,2020-07-20,P00121,Classic Puzzle 121,electronics,268.82,442.77,B040,Outlet Branch 40,Tehran,online,3,20,cash,2025-11-11,-38,30,Electronics,negative stock quantity
S000879516,2025-02-08,C036605,Omid,Karimi,omid.karimi36605@example.com,09549369865,Isfahan,2023-08-14,P00152,Basic Desk 152,automotive,330.94,403.55,B013,Outlet Branch 13,Mashhad,mobile,1,20,card,2023-08-07,-28,10,Automotive,negative stock quantity
S000881737,2024-03-29,C020675,Hana,Rahimi,hana.rahimi20675@example.com,09461625943,Tehran,2023-02-12,P00290,Nova Mixer 290,office,160.58,216.38,B028,Express Branch 28,Isfahan,partner,2,15,online,2024-11-15,-50,30,Office,negative stock quantity
S000883958,2023-05-22,C043794,Mina,Mohammadi,mina.mohammadi43794@example.com,09760999358,Isfahan,2022-09-09,P00032,Smart Cream 32,automotive,288.21,344.32,B030,Airport Branch 30,Mashhad,mobile,4,0,cash,2025-10-23,-46,20,Automotive,negative stock quantity
S000886179,2023-11-14,C035092,Omid,Moradi,omid.moradi35092@example.com,09307690766,Tehran,2021-01-19,P00095,Max Puzzle 95,music,207.16,565.41,B007,Central Branch 7,Qom,partner,6,20,card,2024-01-03,-48,100,Music,negative stock quantity
S000888400,2024-03-08,C025794,Omid,Salehi,omid.salehi25794@example.com,09206444978,Tehran,2024-05-26,P00208,Nova Coffee 208,shoes,197.32,499.09,B030,Airport Branch 30,Mashhad,mobile,1,0,online,2025-07-25,-26,75,Shoes,negative stock quantity
S000890621,2023-09-09,C003587,Omid,Jafari,omid.jafari3587@example.com,09676306442,Mashhad,2020-10-02,P00354,Eco Shirt 354,jewelry,14.36,36.18,B014,Bazaar Branch 14,Shiraz,mobile,2,20,wallet,2023-04-07,-48,50,Jewelry,negative stock quantity
S000892842,2025-11-28,C008514,Ali,Akbari,ali.akbari8514@example.com,09291065072,Rasht,2024-02-28,P00079,Mini Mixer 79,gaming,10.52,15.21,B031,North Branch 31,Tehran,store,3,15,online,2024-12-08,-16,20,Gaming,negative stock quantity
S000895063,2023-04-01,C027371,Maryam,Karimi,maryam.karimi27371@example.com,09596046202,Karaj,2023-12-20,P00163,Basic Shirt 163,books,18.64,34.68,B018,North Branch 18,Tabriz,partner,3,0,cash,2024-06-17,-42,75,Books,negative stock quantity
S000897284,2024-11-16,C001989,Reza,Ahmadi,reza.ahmadi1989@example.com,09411592314,Shiraz,2021-04-27,P00267,Eco Notebook 267,clothing,260.43,311.3,B026,Central Branch 26,Mashhad,partner,2,0,online,2025-02-27,-25,20,Clothing,negative stock quantity
S000899505,2025-07-25,C027235,Yasin,Hosseini,yasin.hosseini27235@example.com,09881628173,Karaj,2022-09-26,P00269,Smart Desk 269,grocery,325.45,721.28,B028,Express Branch 28,Isfahan,partner,1,25,card,2025-07-02,-17,100,Grocery,negative stock quantity
S000901726,2024-04-03,C004936,Arman,Rahimi,arman.rahimi4936@example.com,09738390187,Tabriz,2023-03-19,P00141,Pro Desk 141,electronics,166.04,422.45,B027,Express Branch 27,Shiraz,store,1,20,card,2025-02-04,-31,20,Electronics,negative stock quantity
S000903947,2024-07-07,C032052,Arman,Ahmadi,arman.ahmadi32052@example.com,09105090229,Karaj,2021-06-22,P00438,Basic Notebook 438,travel,332.3,715.77,B016,North Branch 16,Rasht,online,1,0,card,2023-08-31,-46,50,Travel,negative stock quantity
S000906168,2024-04-30,C000979,Reza,Salehi,reza.salehi979@example.com,09959922040,Tehran,2021-04-03,P00484,Classic Mixer 484,beauty,335.8,844.89,B029,North Branch 29,Tehran,mobile,1,0,card,2024-05-19,-2,100,Beauty,negative stock quantity
S000908389,2024-04-27,C047595,Hana,Moradi,hana.moradi47595@example.com,09566640517,Shiraz,2024-08-25,P00455,Nova Ball 455,music,28.86,60.04,B019,Bazaar Branch 19,Shiraz,mobile,3,25,card,2023-12-02,-2,30,Music,negative stock quantity
S000910610,2025-08-22,C035333,Sara,Akbari,sara.akbari35333@example.com,09144612203,Qom,2024-10-03,P00179,Pro Puzzle 179,gaming,78.04,192.56,B038,East Branch 38,Tehran,mobile,1,0,online,2023-01-09,-8,20,Gaming,negative stock quantity
S000912831,2025-10-21,C036923,Yasin,Moradi,yasin.moradi36923@example.com,09846542286,Tehran,2020-01-23,P00118,Classic Notebook 118,travel,123.09,220.66,B015,Outlet Branch 15,Isfahan,partner,1,10,online,2023-06-12,-28,20,Travel,negative stock quantity
S000915052,2024-03-31,C001775,Sara,Jafari,sara.jafari1775@example.com,09291997732,Shiraz,2020-06-06,P00186,Classic Headphones 186,toys,163.2,421.84,B001,Central Branch 1,Rasht,online,2,0,card,2023-04-07,-36,40,Toys,negative stock quantity
S000917273,2023-10-30,C024172,Sara,Akbari,sara.akbari24172@example.com,09338619425,Tehran,2023-04-30,P00251,Eco Shirt 251,garden,386.68,910.55,B002,Mall Branch 2,Karaj,partner,5,10,card,2023-10-22,-17,40,Garden,negative stock quantity
S000919494,2025-07-23,C007720,Reza,Salehi,reza.salehi7720@example.com,09124728380,Tehran,2020-07-19,P00109,Max Headphones 109,grocery,112.97,246.33,B030,Airport Branch 30,Mashhad,mobile,3,10,card,2023-09-26,-1,75,Grocery,negative stock quantity
S000921715,2023-09-09,C016403,Leila,Hosseini,leila.hosseini16403@example.com,09280144730,Shiraz,2023-02-03,P00330,Plus Shirt 330,office,29.9,63.27,B003,Bazaar Branch 3,Karaj,online,3,20,online,2025-07-07,-1,20,Office,negative stock quantity
S000923936,2023-08-18,C017269,Mina,Karimi,mina.karimi17269@example.com,09492958820,Shiraz,2024-05-03,P00266,Pro Puzzle 266,toys,376.89,618.7,B027,Express Branch 27,Shiraz,store,1,25,online,2024-12-16,-8,10,Toys,negative stock quantity
S000926157,2024-03-10,C019014,Neda,Jafari,neda.jafari19014@example.com,09779926406,Qom,2024-01-17,P00411,Max Desk 411,garden,25.89,56.32,B026,Central Branch 26,Mashhad,partner,8,10,card,2024-10-07,-33,40,Garden,negative stock quantity
S000928378,2024-11-25,C030087,Arman,Jafari,arman.jafari30087@example.com,09352770280,Isfahan,2020-02-02,P00044,Eco Mixer 44,beauty,302.06,834.85,B019,Bazaar Branch 19,Shiraz,mobile,1,10,online,2023-04-02,-40,20,Beauty,negative stock quantity
S000930599,2024-06-18,C013366,Leila,Mohammadi,leila.mohammadi13366@example.com,09641517198,Rasht,2023-12-01,P00106,Eco Headphones 106,toys,321.72,376.97,B027,Express Branch 27,Shiraz,store,1,10,wallet,2024-03-22,-11,30,Toys,negative stock quantity
S000932820,2025-06-07,C002739,Arman,Hosseini,arman.hosseini2739@example.com,09455750197,Isfahan,2024-02-27,P00143,Classic Cream 143,books,280.13,530.49,B012,South Branch 12,Mashhad,online,3,15,wallet,2024-12-16,-36,100,Books,negative stock quantity
S000935041,2024-06-08,C031880,Reza,Jafari,reza.jafari31880@example.com,09150772727,Isfahan,2022-05-17,P00265,Eco Mixer 265,sports,398.58,866.09,B022,Outlet Branch 22,Rasht,mobile,2,25,online,2023-08-31,-37,50,Sports,negative stock quantity
S000937262,2024-04-17,C047345,Amir,Rahimi,amir.rahimi47345@example.com,09564174752,Tehran,2023-09-24,P00031,Mini Coffee 31,garden,22.73,26.89,B036,Express Branch 36,Tehran,store,2,25,cash,2024-07-30,-11,100,Garden,negative stock quantity
S000939483,2025-08-08,C020386,Leila,Salehi,leila.salehi20386@example.com,09432951532,Tehran,2024-06-16,P00411,Max Desk 411,garden,25.89,56.32,B033,South Branch 33,Isfahan,online,1,5,online,2023-01-03,-30,30,Garden,negative stock quantity
S000941704,2023-02-12,C015063,Yasin,Ahmadi,yasin.ahmadi15063@example.com,09916828150,Tehran,2020-07-06,P00321,Classic Desk 321,electronics,261.02,359.94,B022,Outlet Branch 22,Rasht,mobile,5,0,online,2025-04-17,-21,75,Electronics,negative stock quantity
S000943925,2025-01-29,C022816,Reza,Rahimi,reza.rahimi22816@example.com,09281548847,Tehran,2020-03-25,P00130,Pro Ball 130,office,335.8,760.51,B030,Airport Branch 30,Mashhad,mobile,3,25,wallet,2023-06-08,-27,50,Office,negative stock quantity
S000946146,2024-06-20,C032023,Reza,Karimi,reza.karimi32023@example.com,09470542561,Karaj,2024-10-18,P00103,Nova Ball 103,books,327.2,674.75,B034,Express Branch 34,Isfahan,partner,1,10,wallet,2025-04-11,-8,75,Books,negative stock quantity
S000948367,2023-06-08,C035246,Maryam,Karimi,maryam.karimi35246@example.com,09972336701,Isfahan,2024-10-11,P00384,Prime Desk 384,beauty,221.06,363.12,B013,Outlet Branch 13,Mashhad,mobile,3,5,card,2025-03-04,-16,100,Beauty,negative stock quantity
S000950588,2023-11-03,C000826,Yasin,Karimi,yasin.karimi826@example.com,09494801749,Tehran,2021-06-06,P00305,Prime Shirt 305,sports,391.21,851.28,B023,Bazaar Branch 23,Rasht,mobile,5,20,card,2025-10-23,-14,75,Sports,negative stock quantity
S000952809,2025-09-21,C028724,Yasin,Akbari,yasin.akbari28724@example.com,09738326542,Tabriz,2023-06-13,P00161,Nova Puzzle 161,electronics,327.64,748.18,B011,Central Branch 11,Tehran,partner,1,0,card,2023-08-14,-45,100,Electronics,negative stock quantity
S000955030,2025-01-25,C038896,Omid,Karimi,omid.karimi38896@example.com,09467728689,Tehran,2024-06-27,P00122,Max Shirt 122,home appliances,171.69,431.29,B028,Express Branch 28,Isfahan,partner,4,15,online,2023-04-15,-21,20,Home Appliances,negative stock quantity
S000957251,2024-04-30,C028663,Leila,Karimi,leila.karimi28663@example.com,09484524287,Tehran,2020-12-16,P00358,Prime Puzzle 358,travel,75.76,172.32,B009,South Branch 9,Isfahan,store,1,10,card,2024-03-27,-30,30,Travel,negative stock quantity
S000959472,2025-08-06,C016892,Neda,Karimi,neda.karimi16892@example.com,09501324629,Shiraz,2021-05-24,P00257,Nova Headphones 257,baby,285.53,336.65,B006,North Branch 6,Tehran,online,4,0,online,2024-11-19,-4,50,Baby,negative stock quantity
S000961693,2025-09-07,C018656,Hana,Moradi,hana.moradi18656@example.com,09648300574,Tehran,2022-06-12,P00186,Classic Headphones 186,toys,163.2,421.84,B014,Bazaar Branch 14,Shiraz,mobile,3,0,card,2025-04-26,-30,75,Toys,negative stock quantity
S000963914,2023-09-08,C013769,Arman,Salehi,arman.salehi13769@example.com,09614937985,Shiraz,2022-11-17,P00491,Classic Desk 491,garden,287.98,508.98,B016,North Branch 16,Rasht,online,10,15,cash,2025-04-09,-49,40,Garden,negative stock quantity
S000966135,2023-07-12,C024848,Omid,Akbari,omid.akbari24848@example.com,09434026632,Shiraz,2020-06-06,P00097,Eco Desk 97,baby,35.63,77.14,B012,South Branch 12,Mashhad,online,1,0,wallet,2023-07-13,-47,50,Baby,negative stock quantity
S000968356,2025-06-10,C049194,Neda,Hosseini,neda.hosseini49194@example.com,09396102813,Tabriz,2022-09-13,P00275,Mini Mixer 275,music,9.96,27.06,B040,Outlet Branch 40,Tehran,online,2,5,wallet,2025-03-24,-38,30,Music,negative stock quantity
S000970577,2024-02-19,C009880,Sara,Rahimi,sara.rahimi9880@example.com,09757173843,Karaj,2024-07-31,P00299,Basic Desk 299,gaming,20.33,50.31,B032,Central Branch 32,Shiraz,partner,2,5,card,2024-08-31,-40,75,Gaming,negative stock quantity
S000972798,2024-11-09,C026587,Yasin,Moradi,yasin.moradi26587@example.com,09689266144,Tabriz,2022-10-17,P00088,Pro Mixer 88,shoes,298.11,741.36,B001,Central Branch 1,Rasht,online,4,5,card,2024-06-02,-10,40,Shoes,negative stock quantity
S000975019,2023-08-18,C032108,Leila,Salehi,leila.salehi32108@example.com,09705504346,Tehran,2023-05-17,P00305,Prime Shirt 305,sports,391.21,851.28,B018,North Branch 18,Tabriz,partner,1,0,online,2024-05-27,-50,30,Sports,negative stock quantity
S000977240,2024-06-18,C003477,Arman,Moradi,arman.moradi3477@example.com,09345178129,Rasht,2024-09-01,P00245,Pro Shirt 245,sports,346.68,922.26,B033,South Branch 33,Isfahan,online,3,10,online,2023-08-02,-25,10,Sports,negative stock quantity
S000979461,2024-09-19,C037690,Sara,Rostami,sara.rostami37690@example.com,09127491183,Karaj,2023-02-13,P00276,Mini Headphones 276,pets,20.34,24.03,B040,Outlet Branch 40,Tehran,online,1,15,card,2023-06-18,-19,75,Pets,negative stock quantity
S000981682,2025-04-11,C026854,Leila,Hosseini,leila.hosseini26854@example.com,09568818737,Shiraz,2024-01-22,P00311,Pro Sneakers 311,garden,87.8,245.35,B001,Central Branch 1,Rasht,online,10,0,cash,2024-06-25,-48,100,Garden,negative stock quantity
S000983903,2024-02-15,C019538,Arman,Rahimi,arman.rahimi19538@example.com,09229590414,Isfahan,2021-03-23,P00104,Mini Desk 104,beauty,185.86,431.35,B009,South Branch 9,Isfahan,store,8,0,card,2024-11-14,-48,40,Beauty,negative stock quantity
S000986124,2023-12-12,C030955,Ali,Moradi,ali.moradi30955@example.com,09380538942,Isfahan,2023-01-08,P00227,Eco Shirt 227,clothing,58.89,115.25,B035,Mall Branch 35,Isfahan,mobile,6,0,cash,2024-05-26,-49,20,Clothing,negative stock quantity
S000988345,2023-06-30,C001414,Neda,Hosseini,neda.hosseini1414@example.com,09876938677,Isfahan,2024-06-11,P00060,Basic Puzzle 60,furniture,59.7,144.88,B033,South Branch 33,Isfahan,online,8,20,online,2025-05-01,-3,10,Furniture,negative stock quantity
S000990566,2024-02-22,C005216,Omid,Akbari,omid.akbari5216@example.com,09922043724,Rasht,2023-05-21,P00089,Smart Shirt 89,grocery,47.08,58.83,B032,Central Branch 32,Shiraz,partner,5,25,card,2023-03-25,-35,50,Grocery,negative stock quantity
S000992787,2025-09-22,C039789,Yasin,Akbari,yasin.akbari39789@example.com,09398115398,Tehran,2022-10-17,P00470,Nova Notebook 470,office,126.78,262.45,B022,Outlet Branch 22,Rasht,mobile,2,0,wallet,2025-06-08,-32,40,Office,negative stock quantity
S000995008,2023-05-20,C045941,Omid,Akbari,omid.akbari45941@example.com,09863809541,Qom,2023-09-01,P00200,Plus Headphones 200,furniture,258.18,676.84,B006,North Branch 6,Tehran,online,3,15,wallet,2024-08-31,-34,50,Furniture,negative stock quantity
S000997229,2024-03-22,C046330,Yasin,Rostami,yasin.rostami46330@example.com,09448129060,Karaj,2022-07-09,P00323,Smart Puzzle 323,books,60.71,132.55,B015,Outlet Branch 15,Isfahan,partner,1,0,card,2025-05-20,-46,20,Books,negative stock quantity
S000999450,2024-03-24,C003000,Yasin,Rostami,yasin.rostami3000@example.com,09145775539,Isfahan,2020-12-10,P00314,Classic Puzzle 314,jewelry,375.06,447.37,B028,Express Branch 28,Isfahan,partner,3,0,online,2024-04-24,-26,75,Jewelry,negative stock quantity
